ISO-10303-21;
HEADER;
/* Generated by software containing ST-Developer
 * from STEP Tools, Inc. (www.steptools.com) 
 */

FILE_DESCRIPTION(
/* description */ (''),
/* implementation_level */ '2;1');

FILE_NAME(
/* name */ 'Go Kart Roll Cage.step',
/* time_stamp */ '2026-07-14T12:50:41-06:00',
/* author */ (''),
/* organization */ (''),
/* preprocessor_version */ 'ST-DEVELOPER v20.1',
/* originating_system */ 'Autodesk Translation Framework v15.8.0.0',
/* authorisation */ '');

FILE_SCHEMA (('AUTOMOTIVE_DESIGN { 1 0 10303 214 3 1 1 }'));
ENDSEC;

DATA;
#10=MECHANICAL_DESIGN_GEOMETRIC_PRESENTATION_REPRESENTATION('',(#62,#63,
#64,#65,#66,#67),#2609);
#11=SHAPE_REPRESENTATION_RELATIONSHIP('SRR','None',#2616,#12);
#12=ADVANCED_BREP_SHAPE_REPRESENTATION('',(#68,#69,#70,#71,#72,#73),#2608);
#13=ELLIPSE('',#438,13.4541220542961,12.7);
#14=ELLIPSE('',#443,12.8264027323268,12.7);
#15=ELLIPSE('',#452,12.8264027323249,12.7);
#16=ELLIPSE('',#457,13.4541220542923,12.6999999999999);
#17=CYLINDRICAL_SURFACE('',#437,12.7);
#18=CYLINDRICAL_SURFACE('',#440,12.7);
#19=CYLINDRICAL_SURFACE('',#442,12.7);
#20=CYLINDRICAL_SURFACE('',#445,12.7);
#21=CYLINDRICAL_SURFACE('',#451,12.7);
#22=CYLINDRICAL_SURFACE('',#454,12.7);
#23=CYLINDRICAL_SURFACE('',#456,12.6999999999999);
#24=CYLINDRICAL_SURFACE('',#459,12.7);
#25=CYLINDRICAL_SURFACE('',#463,12.7);
#26=CYLINDRICAL_SURFACE('',#468,12.7);
#27=CYLINDRICAL_SURFACE('',#473,12.7);
#28=B_SPLINE_CURVE_WITH_KNOTS('',3,(#831,#832,#833,#834,#835,#836,#837,
#838,#839,#840,#841,#842),.UNSPECIFIED.,.F.,.F.,(4,1,1,1,1,1,1,1,1,4),(0.,
0.142857142857143,0.285714285714286,0.428571428571429,0.476190476190476,
0.571428571428571,0.619047619047619,0.714285714285714,0.857142857142857,
1.),.UNSPECIFIED.);
#29=B_SPLINE_CURVE_WITH_KNOTS('',3,(#851,#852,#853,#854,#855,#856,#857,
#858,#859,#860,#861,#862,#863,#864,#865,#866,#867,#868,#869,#870,#871,#872,
#873,#874),.UNSPECIFIED.,.F.,.F.,(4,2,2,2,2,2,2,2,2,2,2,4),(-4.12502693950815,
-4.12333159156558,-3.83422572649396,-3.54646262796121,-3.03172568899169,
-2.54627372488419,-2.07520786320314,-1.59689859744786,-1.09201429880117,
-0.554711683712043,0.,0.00169456012530842),.UNSPECIFIED.);
#30=B_SPLINE_CURVE_WITH_KNOTS('',3,(#1068,#1069,#1070,#1071,#1072,#1073,
#1074,#1075,#1076,#1077,#1078),.UNSPECIFIED.,.F.,.F.,(4,1,1,1,1,1,1,1,4),
(0.,0.142857142857143,0.285714285714286,0.428571428571429,0.5,0.571428571428571,
0.714285714285714,0.857142857142857,1.),.UNSPECIFIED.);
#31=B_SPLINE_CURVE_WITH_KNOTS('',3,(#1079,#1080,#1081,#1082,#1083,#1084,
#1085,#1086,#1087,#1088,#1089,#1090,#1091,#1092,#1093,#1094,#1095,#1096,
#1097,#1098,#1099,#1100,#1101,#1102,#1103,#1104,#1105,#1106,#1107,#1108,
#1109,#1110,#1111,#1112,#1113,#1114,#1115,#1116,#1117,#1118,#1119,#1120,
#1121,#1122,#1123,#1124,#1125,#1126,#1127,#1128,#1129,#1130,#1131,#1132,
#1133,#1134,#1135,#1136,#1137,#1138,#1139,#1140,#1141,#1142,#1143,#1144,
#1145,#1146,#1147,#1148,#1149,#1150,#1151,#1152,#1153,#1154,#1155,#1156,
#1157,#1158,#1159,#1160,#1161,#1162,#1163,#1164,#1165,#1166,#1167,#1168,
#1169,#1170,#1171,#1172,#1173,#1174,#1175,#1176,#1177,#1178,#1179,#1180,
#1181,#1182,#1183,#1184,#1185,#1186,#1187,#1188,#1189,#1190,#1191,#1192,
#1193,#1194,#1195,#1196,#1197,#1198,#1199,#1200,#1201,#1202,#1203,#1204,
#1205,#1206,#1207,#1208,#1209,#1210,#1211,#1212,#1213,#1214,#1215,#1216,
#1217,#1218,#1219,#1220,#1221,#1222,#1223,#1224,#1225,#1226,#1227,#1228,
#1229,#1230,#1231,#1232,#1233,#1234,#1235),.UNSPECIFIED.,.F.,.F.,(4,3,3,
3,3,3,3,3,3,3,3,3,3,3,3,3,3,3,3,3,3,3,3,3,3,3,3,3,3,3,3,3,3,3,3,3,3,3,3,
3,3,3,3,3,3,3,3,3,3,3,3,3,4),(-0.00168223446618072,0.,0.0892095892938867,
0.179459080328927,0.27026254465148,0.360760391853122,0.449990771556907,
0.505739801184336,0.575222569627084,0.664730069376776,0.755238975137659,
0.845747854401413,0.93539004055794,1.00887104771107,1.09906725139664,1.15056940288321,
1.24055349986021,1.33025429162631,1.41854682631363,1.50679596753892,1.532957735307,
1.62130751052102,1.7107870108825,1.80108359230457,1.89129874775515,1.98069012888613,
1.99999385266171,2.09005297144738,2.18032137599461,2.27014069050913,2.29618111735112,
2.38584977800665,2.47509116772051,2.4916663660147,2.58478713774056,2.67790790946641,
2.76761848294678,2.85786467220646,2.94810753728894,2.98585010401005,3.07552093829496,
3.16781454954157,3.25835970684626,3.35152754506383,3.4446953832814,3.48514913236045,
3.57445802632091,3.66497786853151,3.75188237955647,3.84252487668363,3.9332582963283,
4.01882075851299,4.02050308246024),.UNSPECIFIED.);
#32=B_SPLINE_CURVE_WITH_KNOTS('',3,(#1650,#1651,#1652,#1653,#1654,#1655,
#1656,#1657,#1658,#1659,#1660,#1661,#1662,#1663,#1664,#1665,#1666,#1667,
#1668,#1669,#1670,#1671,#1672,#1673),.UNSPECIFIED.,.F.,.F.,(4,1,1,1,1,1,
1,1,1,1,1,1,1,1,1,1,1,1,1,1,1,4),(0.,0.142857142857143,0.178571428571429,
0.214285714285714,0.25,0.267857142857143,0.276785714285714,0.285714285714286,
0.357142857142857,0.428571428571429,0.523809523809524,0.571428571428571,
0.583333333333333,0.595238095238095,0.619047619047619,0.666666666666667,
0.678571428571429,0.69047619047619,0.714285714285714,0.785714285714286,
0.857142857142857,1.),.UNSPECIFIED.);
#33=B_SPLINE_CURVE_WITH_KNOTS('',3,(#1916,#1917,#1918,#1919,#1920,#1921,
#1922,#1923,#1924,#1925,#1926,#1927,#1928,#1929),.UNSPECIFIED.,.F.,.F.,
(4,1,1,1,1,1,1,1,1,1,1,4),(0.,0.142857142857143,0.285714285714286,0.357142857142857,
0.428571428571429,0.523809523809524,0.571428571428571,0.666666666666667,
0.714285714285714,0.857142857142857,0.928571428571429,1.),.UNSPECIFIED.);
#34=B_SPLINE_CURVE_WITH_KNOTS('',3,(#1938,#1939,#1940,#1941,#1942,#1943,
#1944,#1945,#1946,#1947,#1948,#1949,#1950,#1951,#1952,#1953,#1954,#1955,
#1956,#1957,#1958,#1959,#1960,#1961,#1962,#1963,#1964,#1965,#1966,#1967,
#1968,#1969,#1970,#1971,#1972,#1973,#1974,#1975,#1976,#1977,#1978,#1979,
#1980,#1981,#1982,#1983,#1984,#1985,#1986,#1987,#1988,#1989,#1990,#1991,
#1992,#1993,#1994,#1995,#1996,#1997,#1998,#1999,#2000,#2001,#2002,#2003,
#2004,#2005,#2006,#2007,#2008,#2009,#2010,#2011,#2012,#2013,#2014,#2015,
#2016,#2017,#2018,#2019,#2020,#2021,#2022,#2023,#2024,#2025,#2026,#2027,
#2028,#2029,#2030,#2031,#2032,#2033,#2034,#2035,#2036,#2037,#2038,#2039,
#2040,#2041,#2042,#2043,#2044,#2045,#2046,#2047,#2048,#2049,#2050,#2051,
#2052,#2053,#2054,#2055,#2056,#2057,#2058,#2059,#2060,#2061,#2062,#2063,
#2064,#2065,#2066,#2067,#2068,#2069,#2070,#2071,#2072,#2073,#2074,#2075,
#2076,#2077,#2078,#2079,#2080,#2081,#2082,#2083,#2084,#2085,#2086,#2087,
#2088,#2089,#2090,#2091,#2092,#2093,#2094),.UNSPECIFIED.,.F.,.F.,(4,3,3,
3,3,3,3,3,3,3,3,3,3,3,3,3,3,3,3,3,3,3,3,3,3,3,3,3,3,3,3,3,3,3,3,3,3,3,3,
3,3,3,3,3,3,3,3,3,3,3,3,3,4),(-4.02028913124702,-4.01860698626207,-3.92940393555809,
-3.83916060849135,-3.74836230380763,-3.65786893340886,-3.5686420724407,
-3.51289408516548,-3.44341501444634,-3.35391145218511,-3.26340704435581,
-3.17290302147634,-3.08326620458119,-3.00978960155617,-2.91959800522341,
-2.86809878543627,-2.77811945844116,-2.68842282143376,-2.60013341866567,
-2.51189116771109,-2.48573079326955,-2.39738454929323,-2.30790889421058,
-2.21761679824915,-2.12740653999955,-2.03802055344727,-2.01871951712031,
-1.92866472687109,-1.83840106070198,-1.74858703189936,-1.72254800913337,
-1.63288459331475,-1.54364811516567,-1.52707315714688,-1.43395733961903,
-1.34084152209119,-1.2511359482873,-1.16089481917663,-1.07065705185335,
-1.0329157060969,-0.943249895206876,-0.850961130344005,-0.760421117834163,
-0.667257976794779,-0.574094835755394,-0.53364323678323,-0.44433946793882,
-0.35382467910048,-0.26692417871328,-0.17628678633121,-0.085558448540699,
0.,0.00168223448231357),.UNSPECIFIED.);
#35=B_SPLINE_CURVE_WITH_KNOTS('',3,(#2305,#2306,#2307,#2308,#2309,#2310,
#2311,#2312,#2313,#2314,#2315,#2316),.UNSPECIFIED.,.F.,.F.,(4,1,1,1,1,1,
1,1,1,4),(0.,0.142857142857143,0.285714285714286,0.428571428571429,0.523809523809524,
0.571428571428571,0.714285714285714,0.857142857142857,0.928571428571429,
1.),.UNSPECIFIED.);
#36=B_SPLINE_CURVE_WITH_KNOTS('',3,(#2317,#2318,#2319,#2320,#2321,#2322,
#2323,#2324,#2325,#2326,#2327,#2328,#2329,#2330,#2331,#2332,#2333,#2334,
#2335,#2336,#2337,#2338,#2339,#2340),.UNSPECIFIED.,.F.,.F.,(4,2,2,2,2,2,
2,2,2,2,2,4),(-0.00169456011530396,0.,0.288971523158974,0.5766009029284,
1.0910986544165,1.57632503912658,2.04717200624583,2.52525901147886,3.02990870066859,
3.56696164219737,4.12141556509877,4.12310933779417),.UNSPECIFIED.);
#37=B_SPLINE_CURVE_WITH_KNOTS('',3,(#2568,#2569,#2570,#2571,#2572,#2573,
#2574,#2575,#2576,#2577,#2578,#2579,#2580),.UNSPECIFIED.,.F.,.F.,(4,1,1,
1,1,1,1,1,1,1,4),(0.,0.142857142857143,0.285714285714286,0.357142857142857,
0.428571428571429,0.476190476190476,0.571428571428571,0.619047619047619,
0.714285714285714,0.857142857142857,1.),.UNSPECIFIED.);
#38=CIRCLE('',#435,12.7);
#39=CIRCLE('',#436,12.7);
#40=CIRCLE('',#439,12.7);
#41=CIRCLE('',#444,12.7);
#42=CIRCLE('',#446,12.7);
#43=CIRCLE('',#447,12.7);
#44=CIRCLE('',#449,12.7);
#45=CIRCLE('',#450,12.7);
#46=CIRCLE('',#453,12.7);
#47=CIRCLE('',#458,12.6999999999999);
#48=CIRCLE('',#460,12.7);
#49=CIRCLE('',#461,12.6999999999999);
#50=CIRCLE('',#464,12.7);
#51=CIRCLE('',#465,12.7);
#52=CIRCLE('',#469,12.7);
#53=CIRCLE('',#470,12.7);
#54=CIRCLE('',#474,12.7);
#55=CIRCLE('',#475,12.7);
#56=B_SPLINE_SURFACE_WITH_KNOTS('',3,3,((#624,#625,#626,#627,#628,#629,
#630,#631,#632,#633,#634,#635),(#636,#637,#638,#639,#640,#641,#642,#643,
#644,#645,#646,#647),(#648,#649,#650,#651,#652,#653,#654,#655,#656,#657,
#658,#659),(#660,#661,#662,#663,#664,#665,#666,#667,#668,#669,#670,#671),
(#672,#673,#674,#675,#676,#677,#678,#679,#680,#681,#682,#683),(#684,#685,
#686,#687,#688,#689,#690,#691,#692,#693,#694,#695),(#696,#697,#698,#699,
#700,#701,#702,#703,#704,#705,#706,#707),(#708,#709,#710,#711,#712,#713,
#714,#715,#716,#717,#718,#719),(#720,#721,#722,#723,#724,#725,#726,#727,
#728,#729,#730,#731),(#732,#733,#734,#735,#736,#737,#738,#739,#740,#741,
#742,#743),(#744,#745,#746,#747,#748,#749,#750,#751,#752,#753,#754,#755),
(#756,#757,#758,#759,#760,#761,#762,#763,#764,#765,#766,#767),(#768,#769,
#770,#771,#772,#773,#774,#775,#776,#777,#778,#779),(#780,#781,#782,#783,
#784,#785,#786,#787,#788,#789,#790,#791),(#792,#793,#794,#795,#796,#797,
#798,#799,#800,#801,#802,#803),(#804,#805,#806,#807,#808,#809,#810,#811,
#812,#813,#814,#815),(#816,#817,#818,#819,#820,#821,#822,#823,#824,#825,
#826,#827)),.UNSPECIFIED.,.T.,.F.,.F.,(4,1,1,1,1,1,1,1,1,1,1,1,1,1,4),(4,
1,1,1,1,1,1,1,1,4),(-3.14159265358979,-2.69279370307697,-2.24399475256414,
-1.79519580205131,-1.34639685153848,-1.0471975511966,-0.448798950512828,
-0.149599650170943,0.448798950512828,1.0471975511966,1.34639685153848,1.94479545222225,
2.24399475256414,2.69279370307697,3.14159265358979),(0.,0.142857142857143,
0.285714285714286,0.428571428571429,0.476190476190476,0.571428571428571,
0.619047619047619,0.714285714285714,0.857142857142857,1.),.UNSPECIFIED.);
#57=B_SPLINE_SURFACE_WITH_KNOTS('',3,3,((#881,#882,#883,#884,#885,#886,
#887,#888,#889,#890,#891),(#892,#893,#894,#895,#896,#897,#898,#899,#900,
#901,#902),(#903,#904,#905,#906,#907,#908,#909,#910,#911,#912,#913),(#914,
#915,#916,#917,#918,#919,#920,#921,#922,#923,#924),(#925,#926,#927,#928,
#929,#930,#931,#932,#933,#934,#935),(#936,#937,#938,#939,#940,#941,#942,
#943,#944,#945,#946),(#947,#948,#949,#950,#951,#952,#953,#954,#955,#956,
#957),(#958,#959,#960,#961,#962,#963,#964,#965,#966,#967,#968),(#969,#970,
#971,#972,#973,#974,#975,#976,#977,#978,#979),(#980,#981,#982,#983,#984,
#985,#986,#987,#988,#989,#990),(#991,#992,#993,#994,#995,#996,#997,#998,
#999,#1000,#1001),(#1002,#1003,#1004,#1005,#1006,#1007,#1008,#1009,#1010,
#1011,#1012),(#1013,#1014,#1015,#1016,#1017,#1018,#1019,#1020,#1021,#1022,
#1023),(#1024,#1025,#1026,#1027,#1028,#1029,#1030,#1031,#1032,#1033,#1034),
(#1035,#1036,#1037,#1038,#1039,#1040,#1041,#1042,#1043,#1044,#1045),(#1046,
#1047,#1048,#1049,#1050,#1051,#1052,#1053,#1054,#1055,#1056),(#1057,#1058,
#1059,#1060,#1061,#1062,#1063,#1064,#1065,#1066,#1067)),.UNSPECIFIED.,.T.,
 .F.,.F.,(4,1,1,1,1,1,1,1,1,1,1,1,1,1,4),(4,1,1,1,1,1,1,1,4),(-3.14159265358979,
-2.69279370307697,-2.24399475256414,-1.79519580205131,-1.34639685153848,
-1.0471975511966,-0.448798950512828,-0.149599650170943,0.448798950512828,
1.0471975511966,1.34639685153848,1.94479545222225,2.24399475256414,2.69279370307697,
3.14159265358979),(0.,0.142857142857143,0.285714285714286,0.428571428571429,
0.5,0.571428571428571,0.714285714285714,0.857142857142857,1.),
 .UNSPECIFIED.);
#58=B_SPLINE_SURFACE_WITH_KNOTS('',3,3,((#1240,#1241,#1242,#1243,#1244,
#1245,#1246,#1247,#1248,#1249,#1250,#1251,#1252,#1253,#1254,#1255,#1256,
#1257,#1258,#1259,#1260,#1261,#1262,#1263),(#1264,#1265,#1266,#1267,#1268,
#1269,#1270,#1271,#1272,#1273,#1274,#1275,#1276,#1277,#1278,#1279,#1280,
#1281,#1282,#1283,#1284,#1285,#1286,#1287),(#1288,#1289,#1290,#1291,#1292,
#1293,#1294,#1295,#1296,#1297,#1298,#1299,#1300,#1301,#1302,#1303,#1304,
#1305,#1306,#1307,#1308,#1309,#1310,#1311),(#1312,#1313,#1314,#1315,#1316,
#1317,#1318,#1319,#1320,#1321,#1322,#1323,#1324,#1325,#1326,#1327,#1328,
#1329,#1330,#1331,#1332,#1333,#1334,#1335),(#1336,#1337,#1338,#1339,#1340,
#1341,#1342,#1343,#1344,#1345,#1346,#1347,#1348,#1349,#1350,#1351,#1352,
#1353,#1354,#1355,#1356,#1357,#1358,#1359),(#1360,#1361,#1362,#1363,#1364,
#1365,#1366,#1367,#1368,#1369,#1370,#1371,#1372,#1373,#1374,#1375,#1376,
#1377,#1378,#1379,#1380,#1381,#1382,#1383),(#1384,#1385,#1386,#1387,#1388,
#1389,#1390,#1391,#1392,#1393,#1394,#1395,#1396,#1397,#1398,#1399,#1400,
#1401,#1402,#1403,#1404,#1405,#1406,#1407),(#1408,#1409,#1410,#1411,#1412,
#1413,#1414,#1415,#1416,#1417,#1418,#1419,#1420,#1421,#1422,#1423,#1424,
#1425,#1426,#1427,#1428,#1429,#1430,#1431),(#1432,#1433,#1434,#1435,#1436,
#1437,#1438,#1439,#1440,#1441,#1442,#1443,#1444,#1445,#1446,#1447,#1448,
#1449,#1450,#1451,#1452,#1453,#1454,#1455),(#1456,#1457,#1458,#1459,#1460,
#1461,#1462,#1463,#1464,#1465,#1466,#1467,#1468,#1469,#1470,#1471,#1472,
#1473,#1474,#1475,#1476,#1477,#1478,#1479),(#1480,#1481,#1482,#1483,#1484,
#1485,#1486,#1487,#1488,#1489,#1490,#1491,#1492,#1493,#1494,#1495,#1496,
#1497,#1498,#1499,#1500,#1501,#1502,#1503),(#1504,#1505,#1506,#1507,#1508,
#1509,#1510,#1511,#1512,#1513,#1514,#1515,#1516,#1517,#1518,#1519,#1520,
#1521,#1522,#1523,#1524,#1525,#1526,#1527),(#1528,#1529,#1530,#1531,#1532,
#1533,#1534,#1535,#1536,#1537,#1538,#1539,#1540,#1541,#1542,#1543,#1544,
#1545,#1546,#1547,#1548,#1549,#1550,#1551),(#1552,#1553,#1554,#1555,#1556,
#1557,#1558,#1559,#1560,#1561,#1562,#1563,#1564,#1565,#1566,#1567,#1568,
#1569,#1570,#1571,#1572,#1573,#1574,#1575),(#1576,#1577,#1578,#1579,#1580,
#1581,#1582,#1583,#1584,#1585,#1586,#1587,#1588,#1589,#1590,#1591,#1592,
#1593,#1594,#1595,#1596,#1597,#1598,#1599),(#1600,#1601,#1602,#1603,#1604,
#1605,#1606,#1607,#1608,#1609,#1610,#1611,#1612,#1613,#1614,#1615,#1616,
#1617,#1618,#1619,#1620,#1621,#1622,#1623),(#1624,#1625,#1626,#1627,#1628,
#1629,#1630,#1631,#1632,#1633,#1634,#1635,#1636,#1637,#1638,#1639,#1640,
#1641,#1642,#1643,#1644,#1645,#1646,#1647)),.UNSPECIFIED.,.T.,.F.,.F.,(4,
1,1,1,1,1,1,1,1,1,1,1,1,1,4),(4,1,1,1,1,1,1,1,1,1,1,1,1,1,1,1,1,1,1,1,1,
4),(-3.14159265358979,-2.69279370307697,-2.24399475256414,-1.79519580205131,
-1.34639685153848,-1.0471975511966,-0.448798950512828,-0.149599650170943,
0.448798950512828,1.0471975511966,1.34639685153848,1.94479545222225,2.24399475256414,
2.69279370307697,3.14159265358979),(0.,0.142857142857143,0.178571428571429,
0.214285714285714,0.25,0.267857142857143,0.276785714285714,0.285714285714286,
0.357142857142857,0.428571428571429,0.523809523809524,0.571428571428571,
0.583333333333333,0.595238095238095,0.619047619047619,0.666666666666667,
0.678571428571429,0.69047619047619,0.714285714285714,0.785714285714286,
0.857142857142857,1.),.UNSPECIFIED.);
#59=B_SPLINE_SURFACE_WITH_KNOTS('',3,3,((#1675,#1676,#1677,#1678,#1679,
#1680,#1681,#1682,#1683,#1684,#1685,#1686,#1687,#1688),(#1689,#1690,#1691,
#1692,#1693,#1694,#1695,#1696,#1697,#1698,#1699,#1700,#1701,#1702),(#1703,
#1704,#1705,#1706,#1707,#1708,#1709,#1710,#1711,#1712,#1713,#1714,#1715,
#1716),(#1717,#1718,#1719,#1720,#1721,#1722,#1723,#1724,#1725,#1726,#1727,
#1728,#1729,#1730),(#1731,#1732,#1733,#1734,#1735,#1736,#1737,#1738,#1739,
#1740,#1741,#1742,#1743,#1744),(#1745,#1746,#1747,#1748,#1749,#1750,#1751,
#1752,#1753,#1754,#1755,#1756,#1757,#1758),(#1759,#1760,#1761,#1762,#1763,
#1764,#1765,#1766,#1767,#1768,#1769,#1770,#1771,#1772),(#1773,#1774,#1775,
#1776,#1777,#1778,#1779,#1780,#1781,#1782,#1783,#1784,#1785,#1786),(#1787,
#1788,#1789,#1790,#1791,#1792,#1793,#1794,#1795,#1796,#1797,#1798,#1799,
#1800),(#1801,#1802,#1803,#1804,#1805,#1806,#1807,#1808,#1809,#1810,#1811,
#1812,#1813,#1814),(#1815,#1816,#1817,#1818,#1819,#1820,#1821,#1822,#1823,
#1824,#1825,#1826,#1827,#1828),(#1829,#1830,#1831,#1832,#1833,#1834,#1835,
#1836,#1837,#1838,#1839,#1840,#1841,#1842),(#1843,#1844,#1845,#1846,#1847,
#1848,#1849,#1850,#1851,#1852,#1853,#1854,#1855,#1856),(#1857,#1858,#1859,
#1860,#1861,#1862,#1863,#1864,#1865,#1866,#1867,#1868,#1869,#1870),(#1871,
#1872,#1873,#1874,#1875,#1876,#1877,#1878,#1879,#1880,#1881,#1882,#1883,
#1884),(#1885,#1886,#1887,#1888,#1889,#1890,#1891,#1892,#1893,#1894,#1895,
#1896,#1897,#1898),(#1899,#1900,#1901,#1902,#1903,#1904,#1905,#1906,#1907,
#1908,#1909,#1910,#1911,#1912)),.UNSPECIFIED.,.T.,.F.,.F.,(4,1,1,1,1,1,
1,1,1,1,1,1,1,1,4),(4,1,1,1,1,1,1,1,1,1,1,4),(-3.14159265358979,-2.69279370307697,
-2.24399475256414,-1.79519580205131,-1.34639685153848,-1.0471975511966,
-0.448798950512828,-0.149599650170943,0.448798950512828,1.0471975511966,
1.34639685153848,1.94479545222225,2.24399475256414,2.69279370307697,3.14159265358979),
(0.,0.142857142857143,0.285714285714286,0.357142857142857,0.428571428571429,
0.523809523809524,0.571428571428571,0.666666666666667,0.714285714285714,
0.857142857142857,0.928571428571429,1.),.UNSPECIFIED.);
#60=B_SPLINE_SURFACE_WITH_KNOTS('',3,3,((#2101,#2102,#2103,#2104,#2105,
#2106,#2107,#2108,#2109,#2110,#2111,#2112),(#2113,#2114,#2115,#2116,#2117,
#2118,#2119,#2120,#2121,#2122,#2123,#2124),(#2125,#2126,#2127,#2128,#2129,
#2130,#2131,#2132,#2133,#2134,#2135,#2136),(#2137,#2138,#2139,#2140,#2141,
#2142,#2143,#2144,#2145,#2146,#2147,#2148),(#2149,#2150,#2151,#2152,#2153,
#2154,#2155,#2156,#2157,#2158,#2159,#2160),(#2161,#2162,#2163,#2164,#2165,
#2166,#2167,#2168,#2169,#2170,#2171,#2172),(#2173,#2174,#2175,#2176,#2177,
#2178,#2179,#2180,#2181,#2182,#2183,#2184),(#2185,#2186,#2187,#2188,#2189,
#2190,#2191,#2192,#2193,#2194,#2195,#2196),(#2197,#2198,#2199,#2200,#2201,
#2202,#2203,#2204,#2205,#2206,#2207,#2208),(#2209,#2210,#2211,#2212,#2213,
#2214,#2215,#2216,#2217,#2218,#2219,#2220),(#2221,#2222,#2223,#2224,#2225,
#2226,#2227,#2228,#2229,#2230,#2231,#2232),(#2233,#2234,#2235,#2236,#2237,
#2238,#2239,#2240,#2241,#2242,#2243,#2244),(#2245,#2246,#2247,#2248,#2249,
#2250,#2251,#2252,#2253,#2254,#2255,#2256),(#2257,#2258,#2259,#2260,#2261,
#2262,#2263,#2264,#2265,#2266,#2267,#2268),(#2269,#2270,#2271,#2272,#2273,
#2274,#2275,#2276,#2277,#2278,#2279,#2280),(#2281,#2282,#2283,#2284,#2285,
#2286,#2287,#2288,#2289,#2290,#2291,#2292),(#2293,#2294,#2295,#2296,#2297,
#2298,#2299,#2300,#2301,#2302,#2303,#2304)),.UNSPECIFIED.,.T.,.F.,.F.,(4,
1,1,1,1,1,1,1,1,1,1,1,1,1,4),(4,1,1,1,1,1,1,1,1,4),(-3.14159265358979,-2.69279370307697,
-2.24399475256414,-1.79519580205131,-1.34639685153848,-1.0471975511966,
-0.448798950512828,-0.149599650170943,0.448798950512828,1.0471975511966,
1.34639685153848,1.94479545222225,2.24399475256414,2.69279370307697,3.14159265358979),
(0.,0.142857142857143,0.285714285714286,0.428571428571429,0.523809523809524,
0.571428571428571,0.714285714285714,0.857142857142857,0.928571428571429,
1.),.UNSPECIFIED.);
#61=B_SPLINE_SURFACE_WITH_KNOTS('',3,3,((#2345,#2346,#2347,#2348,#2349,
#2350,#2351,#2352,#2353,#2354,#2355,#2356,#2357),(#2358,#2359,#2360,#2361,
#2362,#2363,#2364,#2365,#2366,#2367,#2368,#2369,#2370),(#2371,#2372,#2373,
#2374,#2375,#2376,#2377,#2378,#2379,#2380,#2381,#2382,#2383),(#2384,#2385,
#2386,#2387,#2388,#2389,#2390,#2391,#2392,#2393,#2394,#2395,#2396),(#2397,
#2398,#2399,#2400,#2401,#2402,#2403,#2404,#2405,#2406,#2407,#2408,#2409),
(#2410,#2411,#2412,#2413,#2414,#2415,#2416,#2417,#2418,#2419,#2420,#2421,
#2422),(#2423,#2424,#2425,#2426,#2427,#2428,#2429,#2430,#2431,#2432,#2433,
#2434,#2435),(#2436,#2437,#2438,#2439,#2440,#2441,#2442,#2443,#2444,#2445,
#2446,#2447,#2448),(#2449,#2450,#2451,#2452,#2453,#2454,#2455,#2456,#2457,
#2458,#2459,#2460,#2461),(#2462,#2463,#2464,#2465,#2466,#2467,#2468,#2469,
#2470,#2471,#2472,#2473,#2474),(#2475,#2476,#2477,#2478,#2479,#2480,#2481,
#2482,#2483,#2484,#2485,#2486,#2487),(#2488,#2489,#2490,#2491,#2492,#2493,
#2494,#2495,#2496,#2497,#2498,#2499,#2500),(#2501,#2502,#2503,#2504,#2505,
#2506,#2507,#2508,#2509,#2510,#2511,#2512,#2513),(#2514,#2515,#2516,#2517,
#2518,#2519,#2520,#2521,#2522,#2523,#2524,#2525,#2526),(#2527,#2528,#2529,
#2530,#2531,#2532,#2533,#2534,#2535,#2536,#2537,#2538,#2539),(#2540,#2541,
#2542,#2543,#2544,#2545,#2546,#2547,#2548,#2549,#2550,#2551,#2552),(#2553,
#2554,#2555,#2556,#2557,#2558,#2559,#2560,#2561,#2562,#2563,#2564,#2565)),
 .UNSPECIFIED.,.T.,.F.,.F.,(4,1,1,1,1,1,1,1,1,1,1,1,1,1,4),(4,1,1,1,1,1,
1,1,1,1,4),(-3.14159265358979,-2.69279370307697,-2.24399475256414,-1.79519580205131,
-1.34639685153848,-1.0471975511966,-0.448798950512828,-0.149599650170943,
0.448798950512828,1.0471975511966,1.34639685153848,1.94479545222225,2.24399475256414,
2.69279370307697,3.14159265358979),(0.,0.142857142857143,0.285714285714286,
0.357142857142857,0.428571428571429,0.476190476190476,0.571428571428571,
0.619047619047619,0.714285714285714,0.857142857142857,1.),.UNSPECIFIED.);
#62=STYLED_ITEM('',(#2625),#68);
#63=STYLED_ITEM('',(#2625),#69);
#64=STYLED_ITEM('',(#2625),#70);
#65=STYLED_ITEM('',(#2625),#71);
#66=STYLED_ITEM('',(#2625),#72);
#67=STYLED_ITEM('',(#2625),#73);
#68=MANIFOLD_SOLID_BREP('Body1',#410);
#69=MANIFOLD_SOLID_BREP('Body3',#411);
#70=MANIFOLD_SOLID_BREP('Body4',#412);
#71=MANIFOLD_SOLID_BREP('Body5',#413);
#72=MANIFOLD_SOLID_BREP('Body6',#414);
#73=MANIFOLD_SOLID_BREP('Body7',#415);
#74=FACE_OUTER_BOUND('',#107,.T.);
#75=FACE_OUTER_BOUND('',#108,.T.);
#76=FACE_OUTER_BOUND('',#109,.T.);
#77=FACE_OUTER_BOUND('',#110,.T.);
#78=FACE_OUTER_BOUND('',#111,.T.);
#79=FACE_OUTER_BOUND('',#112,.T.);
#80=FACE_OUTER_BOUND('',#113,.T.);
#81=FACE_OUTER_BOUND('',#114,.T.);
#82=FACE_OUTER_BOUND('',#115,.T.);
#83=FACE_OUTER_BOUND('',#116,.T.);
#84=FACE_OUTER_BOUND('',#117,.T.);
#85=FACE_OUTER_BOUND('',#118,.T.);
#86=FACE_OUTER_BOUND('',#119,.T.);
#87=FACE_OUTER_BOUND('',#120,.T.);
#88=FACE_OUTER_BOUND('',#121,.T.);
#89=FACE_OUTER_BOUND('',#122,.T.);
#90=FACE_OUTER_BOUND('',#123,.T.);
#91=FACE_OUTER_BOUND('',#124,.T.);
#92=FACE_OUTER_BOUND('',#125,.T.);
#93=FACE_OUTER_BOUND('',#126,.T.);
#94=FACE_OUTER_BOUND('',#127,.T.);
#95=FACE_OUTER_BOUND('',#128,.T.);
#96=FACE_OUTER_BOUND('',#129,.T.);
#97=FACE_OUTER_BOUND('',#130,.T.);
#98=FACE_OUTER_BOUND('',#131,.T.);
#99=FACE_OUTER_BOUND('',#132,.T.);
#100=FACE_OUTER_BOUND('',#133,.T.);
#101=FACE_OUTER_BOUND('',#134,.T.);
#102=FACE_OUTER_BOUND('',#135,.T.);
#103=FACE_OUTER_BOUND('',#136,.T.);
#104=FACE_OUTER_BOUND('',#137,.T.);
#105=FACE_OUTER_BOUND('',#138,.T.);
#106=FACE_OUTER_BOUND('',#139,.T.);
#107=EDGE_LOOP('',(#259,#260,#261,#262));
#108=EDGE_LOOP('',(#263,#264,#265,#266));
#109=EDGE_LOOP('',(#267,#268,#269,#270));
#110=EDGE_LOOP('',(#271,#272,#273,#274));
#111=EDGE_LOOP('',(#275,#276,#277,#278));
#112=EDGE_LOOP('',(#279,#280,#281,#282));
#113=EDGE_LOOP('',(#283,#284,#285,#286));
#114=EDGE_LOOP('',(#287,#288));
#115=EDGE_LOOP('',(#289,#290,#291,#292,#293));
#116=EDGE_LOOP('',(#294));
#117=EDGE_LOOP('',(#295,#296));
#118=EDGE_LOOP('',(#297,#298,#299,#300,#301,#302));
#119=EDGE_LOOP('',(#303,#304,#305,#306,#307));
#120=EDGE_LOOP('',(#308,#309,#310,#311));
#121=EDGE_LOOP('',(#312));
#122=EDGE_LOOP('',(#313,#314,#315,#316));
#123=EDGE_LOOP('',(#317,#318));
#124=EDGE_LOOP('',(#319,#320,#321,#322,#323));
#125=EDGE_LOOP('',(#324));
#126=EDGE_LOOP('',(#325,#326));
#127=EDGE_LOOP('',(#327,#328,#329,#330,#331,#332));
#128=EDGE_LOOP('',(#333,#334,#335,#336,#337));
#129=EDGE_LOOP('',(#338,#339,#340,#341));
#130=EDGE_LOOP('',(#342));
#131=EDGE_LOOP('',(#343,#344,#345,#346));
#132=EDGE_LOOP('',(#347));
#133=EDGE_LOOP('',(#348));
#134=EDGE_LOOP('',(#349,#350,#351,#352));
#135=EDGE_LOOP('',(#353));
#136=EDGE_LOOP('',(#354));
#137=EDGE_LOOP('',(#355,#356,#357,#358));
#138=EDGE_LOOP('',(#359));
#139=EDGE_LOOP('',(#360));
#140=LINE('',#601,#159);
#141=LINE('',#603,#160);
#142=LINE('',#605,#161);
#143=LINE('',#606,#162);
#144=LINE('',#609,#163);
#145=LINE('',#611,#164);
#146=LINE('',#612,#165);
#147=LINE('',#615,#166);
#148=LINE('',#617,#167);
#149=LINE('',#618,#168);
#150=LINE('',#620,#169);
#151=LINE('',#621,#170);
#152=LINE('',#850,#171);
#153=LINE('',#1238,#172);
#154=LINE('',#1937,#173);
#155=LINE('',#2343,#174);
#156=LINE('',#2586,#175);
#157=LINE('',#2594,#176);
#158=LINE('',#2602,#177);
#159=VECTOR('',#482,10.);
#160=VECTOR('',#483,10.);
#161=VECTOR('',#484,10.);
#162=VECTOR('',#485,10.);
#163=VECTOR('',#488,10.);
#164=VECTOR('',#489,10.);
#165=VECTOR('',#490,10.);
#166=VECTOR('',#493,10.);
#167=VECTOR('',#494,10.);
#168=VECTOR('',#495,10.);
#169=VECTOR('',#498,10.);
#170=VECTOR('',#499,10.);
#171=VECTOR('',#516,12.7);
#172=VECTOR('',#527,12.7);
#173=VECTOR('',#546,12.7);
#174=VECTOR('',#557,12.7);
#175=VECTOR('',#568,12.7);
#176=VECTOR('',#579,12.7);
#177=VECTOR('',#590,12.7);
#178=VERTEX_POINT('',#599);
#179=VERTEX_POINT('',#600);
#180=VERTEX_POINT('',#602);
#181=VERTEX_POINT('',#604);
#182=VERTEX_POINT('',#608);
#183=VERTEX_POINT('',#610);
#184=VERTEX_POINT('',#614);
#185=VERTEX_POINT('',#616);
#186=VERTEX_POINT('',#828);
#187=VERTEX_POINT('',#830);
#188=VERTEX_POINT('',#845);
#189=VERTEX_POINT('',#846);
#190=VERTEX_POINT('',#877);
#191=VERTEX_POINT('',#878);
#192=VERTEX_POINT('',#1237);
#193=VERTEX_POINT('',#1648);
#194=VERTEX_POINT('',#1913);
#195=VERTEX_POINT('',#1915);
#196=VERTEX_POINT('',#1932);
#197=VERTEX_POINT('',#1933);
#198=VERTEX_POINT('',#2097);
#199=VERTEX_POINT('',#2098);
#200=VERTEX_POINT('',#2342);
#201=VERTEX_POINT('',#2566);
#202=VERTEX_POINT('',#2583);
#203=VERTEX_POINT('',#2585);
#204=VERTEX_POINT('',#2591);
#205=VERTEX_POINT('',#2593);
#206=VERTEX_POINT('',#2599);
#207=VERTEX_POINT('',#2601);
#208=EDGE_CURVE('',#178,#179,#140,.T.);
#209=EDGE_CURVE('',#178,#180,#141,.T.);
#210=EDGE_CURVE('',#181,#180,#142,.T.);
#211=EDGE_CURVE('',#179,#181,#143,.T.);
#212=EDGE_CURVE('',#179,#182,#144,.T.);
#213=EDGE_CURVE('',#183,#181,#145,.T.);
#214=EDGE_CURVE('',#182,#183,#146,.T.);
#215=EDGE_CURVE('',#182,#184,#147,.T.);
#216=EDGE_CURVE('',#185,#183,#148,.T.);
#217=EDGE_CURVE('',#184,#185,#149,.T.);
#218=EDGE_CURVE('',#178,#184,#150,.T.);
#219=EDGE_CURVE('',#180,#185,#151,.T.);
#220=EDGE_CURVE('',#186,#186,#38,.T.);
#221=EDGE_CURVE('',#186,#187,#28,.T.);
#222=EDGE_CURVE('',#187,#187,#39,.T.);
#223=EDGE_CURVE('',#188,#189,#13,.T.);
#224=EDGE_CURVE('',#189,#188,#40,.T.);
#225=EDGE_CURVE('',#186,#189,#152,.T.);
#226=EDGE_CURVE('',#189,#188,#29,.T.);
#227=EDGE_CURVE('',#190,#191,#14,.T.);
#228=EDGE_CURVE('',#191,#190,#41,.T.);
#229=EDGE_CURVE('',#191,#189,#30,.T.);
#230=EDGE_CURVE('',#191,#190,#31,.T.);
#231=EDGE_CURVE('',#191,#192,#153,.T.);
#232=EDGE_CURVE('',#192,#192,#42,.T.);
#233=EDGE_CURVE('',#193,#193,#43,.T.);
#234=EDGE_CURVE('',#193,#192,#32,.T.);
#235=EDGE_CURVE('',#194,#194,#44,.T.);
#236=EDGE_CURVE('',#194,#195,#33,.T.);
#237=EDGE_CURVE('',#195,#195,#45,.T.);
#238=EDGE_CURVE('',#196,#197,#15,.T.);
#239=EDGE_CURVE('',#197,#196,#46,.T.);
#240=EDGE_CURVE('',#194,#197,#154,.T.);
#241=EDGE_CURVE('',#197,#196,#34,.T.);
#242=EDGE_CURVE('',#198,#199,#16,.T.);
#243=EDGE_CURVE('',#199,#198,#47,.T.);
#244=EDGE_CURVE('',#199,#197,#35,.T.);
#245=EDGE_CURVE('',#199,#198,#36,.T.);
#246=EDGE_CURVE('',#199,#200,#155,.T.);
#247=EDGE_CURVE('',#200,#200,#48,.T.);
#248=EDGE_CURVE('',#201,#201,#49,.T.);
#249=EDGE_CURVE('',#201,#200,#37,.T.);
#250=EDGE_CURVE('',#202,#202,#50,.T.);
#251=EDGE_CURVE('',#202,#203,#156,.T.);
#252=EDGE_CURVE('',#203,#203,#51,.T.);
#253=EDGE_CURVE('',#204,#204,#52,.T.);
#254=EDGE_CURVE('',#204,#205,#157,.T.);
#255=EDGE_CURVE('',#205,#205,#53,.T.);
#256=EDGE_CURVE('',#206,#206,#54,.T.);
#257=EDGE_CURVE('',#206,#207,#158,.T.);
#258=EDGE_CURVE('',#207,#207,#55,.T.);
#259=ORIENTED_EDGE('',*,*,#208,.F.);
#260=ORIENTED_EDGE('',*,*,#209,.T.);
#261=ORIENTED_EDGE('',*,*,#210,.F.);
#262=ORIENTED_EDGE('',*,*,#211,.F.);
#263=ORIENTED_EDGE('',*,*,#212,.F.);
#264=ORIENTED_EDGE('',*,*,#211,.T.);
#265=ORIENTED_EDGE('',*,*,#213,.F.);
#266=ORIENTED_EDGE('',*,*,#214,.F.);
#267=ORIENTED_EDGE('',*,*,#215,.F.);
#268=ORIENTED_EDGE('',*,*,#214,.T.);
#269=ORIENTED_EDGE('',*,*,#216,.F.);
#270=ORIENTED_EDGE('',*,*,#217,.F.);
#271=ORIENTED_EDGE('',*,*,#218,.T.);
#272=ORIENTED_EDGE('',*,*,#217,.T.);
#273=ORIENTED_EDGE('',*,*,#219,.F.);
#274=ORIENTED_EDGE('',*,*,#209,.F.);
#275=ORIENTED_EDGE('',*,*,#219,.T.);
#276=ORIENTED_EDGE('',*,*,#216,.T.);
#277=ORIENTED_EDGE('',*,*,#213,.T.);
#278=ORIENTED_EDGE('',*,*,#210,.T.);
#279=ORIENTED_EDGE('',*,*,#218,.F.);
#280=ORIENTED_EDGE('',*,*,#208,.T.);
#281=ORIENTED_EDGE('',*,*,#212,.T.);
#282=ORIENTED_EDGE('',*,*,#215,.T.);
#283=ORIENTED_EDGE('',*,*,#220,.T.);
#284=ORIENTED_EDGE('',*,*,#221,.T.);
#285=ORIENTED_EDGE('',*,*,#222,.F.);
#286=ORIENTED_EDGE('',*,*,#221,.F.);
#287=ORIENTED_EDGE('',*,*,#223,.T.);
#288=ORIENTED_EDGE('',*,*,#224,.T.);
#289=ORIENTED_EDGE('',*,*,#220,.F.);
#290=ORIENTED_EDGE('',*,*,#225,.T.);
#291=ORIENTED_EDGE('',*,*,#223,.F.);
#292=ORIENTED_EDGE('',*,*,#226,.F.);
#293=ORIENTED_EDGE('',*,*,#225,.F.);
#294=ORIENTED_EDGE('',*,*,#222,.T.);
#295=ORIENTED_EDGE('',*,*,#227,.F.);
#296=ORIENTED_EDGE('',*,*,#228,.F.);
#297=ORIENTED_EDGE('',*,*,#226,.T.);
#298=ORIENTED_EDGE('',*,*,#224,.F.);
#299=ORIENTED_EDGE('',*,*,#229,.F.);
#300=ORIENTED_EDGE('',*,*,#228,.T.);
#301=ORIENTED_EDGE('',*,*,#230,.F.);
#302=ORIENTED_EDGE('',*,*,#229,.T.);
#303=ORIENTED_EDGE('',*,*,#230,.T.);
#304=ORIENTED_EDGE('',*,*,#227,.T.);
#305=ORIENTED_EDGE('',*,*,#231,.T.);
#306=ORIENTED_EDGE('',*,*,#232,.T.);
#307=ORIENTED_EDGE('',*,*,#231,.F.);
#308=ORIENTED_EDGE('',*,*,#233,.T.);
#309=ORIENTED_EDGE('',*,*,#234,.T.);
#310=ORIENTED_EDGE('',*,*,#232,.F.);
#311=ORIENTED_EDGE('',*,*,#234,.F.);
#312=ORIENTED_EDGE('',*,*,#233,.F.);
#313=ORIENTED_EDGE('',*,*,#235,.T.);
#314=ORIENTED_EDGE('',*,*,#236,.T.);
#315=ORIENTED_EDGE('',*,*,#237,.F.);
#316=ORIENTED_EDGE('',*,*,#236,.F.);
#317=ORIENTED_EDGE('',*,*,#238,.T.);
#318=ORIENTED_EDGE('',*,*,#239,.T.);
#319=ORIENTED_EDGE('',*,*,#235,.F.);
#320=ORIENTED_EDGE('',*,*,#240,.T.);
#321=ORIENTED_EDGE('',*,*,#238,.F.);
#322=ORIENTED_EDGE('',*,*,#241,.F.);
#323=ORIENTED_EDGE('',*,*,#240,.F.);
#324=ORIENTED_EDGE('',*,*,#237,.T.);
#325=ORIENTED_EDGE('',*,*,#242,.F.);
#326=ORIENTED_EDGE('',*,*,#243,.F.);
#327=ORIENTED_EDGE('',*,*,#241,.T.);
#328=ORIENTED_EDGE('',*,*,#239,.F.);
#329=ORIENTED_EDGE('',*,*,#244,.F.);
#330=ORIENTED_EDGE('',*,*,#243,.T.);
#331=ORIENTED_EDGE('',*,*,#245,.F.);
#332=ORIENTED_EDGE('',*,*,#244,.T.);
#333=ORIENTED_EDGE('',*,*,#245,.T.);
#334=ORIENTED_EDGE('',*,*,#242,.T.);
#335=ORIENTED_EDGE('',*,*,#246,.T.);
#336=ORIENTED_EDGE('',*,*,#247,.T.);
#337=ORIENTED_EDGE('',*,*,#246,.F.);
#338=ORIENTED_EDGE('',*,*,#248,.T.);
#339=ORIENTED_EDGE('',*,*,#249,.T.);
#340=ORIENTED_EDGE('',*,*,#247,.F.);
#341=ORIENTED_EDGE('',*,*,#249,.F.);
#342=ORIENTED_EDGE('',*,*,#248,.F.);
#343=ORIENTED_EDGE('',*,*,#250,.F.);
#344=ORIENTED_EDGE('',*,*,#251,.T.);
#345=ORIENTED_EDGE('',*,*,#252,.T.);
#346=ORIENTED_EDGE('',*,*,#251,.F.);
#347=ORIENTED_EDGE('',*,*,#250,.T.);
#348=ORIENTED_EDGE('',*,*,#252,.F.);
#349=ORIENTED_EDGE('',*,*,#253,.F.);
#350=ORIENTED_EDGE('',*,*,#254,.T.);
#351=ORIENTED_EDGE('',*,*,#255,.T.);
#352=ORIENTED_EDGE('',*,*,#254,.F.);
#353=ORIENTED_EDGE('',*,*,#253,.T.);
#354=ORIENTED_EDGE('',*,*,#255,.F.);
#355=ORIENTED_EDGE('',*,*,#256,.F.);
#356=ORIENTED_EDGE('',*,*,#257,.T.);
#357=ORIENTED_EDGE('',*,*,#258,.T.);
#358=ORIENTED_EDGE('',*,*,#257,.F.);
#359=ORIENTED_EDGE('',*,*,#256,.T.);
#360=ORIENTED_EDGE('',*,*,#258,.F.);
#361=PLANE('',#429);
#362=PLANE('',#430);
#363=PLANE('',#431);
#364=PLANE('',#432);
#365=PLANE('',#433);
#366=PLANE('',#434);
#367=PLANE('',#441);
#368=PLANE('',#448);
#369=PLANE('',#455);
#370=PLANE('',#462);
#371=PLANE('',#466);
#372=PLANE('',#467);
#373=PLANE('',#471);
#374=PLANE('',#472);
#375=PLANE('',#476);
#376=PLANE('',#477);
#377=ADVANCED_FACE('',(#74),#361,.T.);
#378=ADVANCED_FACE('',(#75),#362,.T.);
#379=ADVANCED_FACE('',(#76),#363,.T.);
#380=ADVANCED_FACE('',(#77),#364,.T.);
#381=ADVANCED_FACE('',(#78),#365,.T.);
#382=ADVANCED_FACE('',(#79),#366,.F.);
#383=ADVANCED_FACE('',(#80),#56,.T.);
#384=ADVANCED_FACE('',(#81),#17,.T.);
#385=ADVANCED_FACE('',(#82),#18,.T.);
#386=ADVANCED_FACE('',(#83),#367,.T.);
#387=ADVANCED_FACE('',(#84),#19,.T.);
#388=ADVANCED_FACE('',(#85),#57,.T.);
#389=ADVANCED_FACE('',(#86),#20,.T.);
#390=ADVANCED_FACE('',(#87),#58,.T.);
#391=ADVANCED_FACE('',(#88),#368,.F.);
#392=ADVANCED_FACE('',(#89),#59,.T.);
#393=ADVANCED_FACE('',(#90),#21,.T.);
#394=ADVANCED_FACE('',(#91),#22,.T.);
#395=ADVANCED_FACE('',(#92),#369,.T.);
#396=ADVANCED_FACE('',(#93),#23,.T.);
#397=ADVANCED_FACE('',(#94),#60,.T.);
#398=ADVANCED_FACE('',(#95),#24,.T.);
#399=ADVANCED_FACE('',(#96),#61,.T.);
#400=ADVANCED_FACE('',(#97),#370,.F.);
#401=ADVANCED_FACE('',(#98),#25,.T.);
#402=ADVANCED_FACE('',(#99),#371,.T.);
#403=ADVANCED_FACE('',(#100),#372,.F.);
#404=ADVANCED_FACE('',(#101),#26,.T.);
#405=ADVANCED_FACE('',(#102),#373,.T.);
#406=ADVANCED_FACE('',(#103),#374,.F.);
#407=ADVANCED_FACE('',(#104),#27,.T.);
#408=ADVANCED_FACE('',(#105),#375,.T.);
#409=ADVANCED_FACE('',(#106),#376,.F.);
#410=CLOSED_SHELL('',(#377,#378,#379,#380,#381,#382));
#411=CLOSED_SHELL('',(#383,#384,#385,#386,#387,#388,#389,#390,#391));
#412=CLOSED_SHELL('',(#392,#393,#394,#395,#396,#397,#398,#399,#400));
#413=CLOSED_SHELL('',(#401,#402,#403));
#414=CLOSED_SHELL('',(#404,#405,#406));
#415=CLOSED_SHELL('',(#407,#408,#409));
#416=DERIVED_UNIT_ELEMENT(#418,1.);
#417=DERIVED_UNIT_ELEMENT(#2611,-3.);
#418=(
MASS_UNIT()
NAMED_UNIT(*)
SI_UNIT(.KILO.,.GRAM.)
);
#419=DERIVED_UNIT((#416,#417));
#420=MEASURE_REPRESENTATION_ITEM('density measure',
POSITIVE_RATIO_MEASURE(7850.),#419);
#421=PROPERTY_DEFINITION_REPRESENTATION(#426,#423);
#422=PROPERTY_DEFINITION_REPRESENTATION(#427,#424);
#423=REPRESENTATION('material name',(#425),#2608);
#424=REPRESENTATION('density',(#420),#2608);
#425=DESCRIPTIVE_REPRESENTATION_ITEM('Steel','Steel');
#426=PROPERTY_DEFINITION('material property','material name',#2618);
#427=PROPERTY_DEFINITION('material property','density of part',#2618);
#428=AXIS2_PLACEMENT_3D('',#597,#478,#479);
#429=AXIS2_PLACEMENT_3D('',#598,#480,#481);
#430=AXIS2_PLACEMENT_3D('',#607,#486,#487);
#431=AXIS2_PLACEMENT_3D('',#613,#491,#492);
#432=AXIS2_PLACEMENT_3D('',#619,#496,#497);
#433=AXIS2_PLACEMENT_3D('',#622,#500,#501);
#434=AXIS2_PLACEMENT_3D('',#623,#502,#503);
#435=AXIS2_PLACEMENT_3D('',#829,#504,#505);
#436=AXIS2_PLACEMENT_3D('',#843,#506,#507);
#437=AXIS2_PLACEMENT_3D('',#844,#508,#509);
#438=AXIS2_PLACEMENT_3D('',#847,#510,#511);
#439=AXIS2_PLACEMENT_3D('',#848,#512,#513);
#440=AXIS2_PLACEMENT_3D('',#849,#514,#515);
#441=AXIS2_PLACEMENT_3D('',#875,#517,#518);
#442=AXIS2_PLACEMENT_3D('',#876,#519,#520);
#443=AXIS2_PLACEMENT_3D('',#879,#521,#522);
#444=AXIS2_PLACEMENT_3D('',#880,#523,#524);
#445=AXIS2_PLACEMENT_3D('',#1236,#525,#526);
#446=AXIS2_PLACEMENT_3D('',#1239,#528,#529);
#447=AXIS2_PLACEMENT_3D('',#1649,#530,#531);
#448=AXIS2_PLACEMENT_3D('',#1674,#532,#533);
#449=AXIS2_PLACEMENT_3D('',#1914,#534,#535);
#450=AXIS2_PLACEMENT_3D('',#1930,#536,#537);
#451=AXIS2_PLACEMENT_3D('',#1931,#538,#539);
#452=AXIS2_PLACEMENT_3D('',#1934,#540,#541);
#453=AXIS2_PLACEMENT_3D('',#1935,#542,#543);
#454=AXIS2_PLACEMENT_3D('',#1936,#544,#545);
#455=AXIS2_PLACEMENT_3D('',#2095,#547,#548);
#456=AXIS2_PLACEMENT_3D('',#2096,#549,#550);
#457=AXIS2_PLACEMENT_3D('',#2099,#551,#552);
#458=AXIS2_PLACEMENT_3D('',#2100,#553,#554);
#459=AXIS2_PLACEMENT_3D('',#2341,#555,#556);
#460=AXIS2_PLACEMENT_3D('',#2344,#558,#559);
#461=AXIS2_PLACEMENT_3D('',#2567,#560,#561);
#462=AXIS2_PLACEMENT_3D('',#2581,#562,#563);
#463=AXIS2_PLACEMENT_3D('',#2582,#564,#565);
#464=AXIS2_PLACEMENT_3D('',#2584,#566,#567);
#465=AXIS2_PLACEMENT_3D('',#2587,#569,#570);
#466=AXIS2_PLACEMENT_3D('',#2588,#571,#572);
#467=AXIS2_PLACEMENT_3D('',#2589,#573,#574);
#468=AXIS2_PLACEMENT_3D('',#2590,#575,#576);
#469=AXIS2_PLACEMENT_3D('',#2592,#577,#578);
#470=AXIS2_PLACEMENT_3D('',#2595,#580,#581);
#471=AXIS2_PLACEMENT_3D('',#2596,#582,#583);
#472=AXIS2_PLACEMENT_3D('',#2597,#584,#585);
#473=AXIS2_PLACEMENT_3D('',#2598,#586,#587);
#474=AXIS2_PLACEMENT_3D('',#2600,#588,#589);
#475=AXIS2_PLACEMENT_3D('',#2603,#591,#592);
#476=AXIS2_PLACEMENT_3D('',#2604,#593,#594);
#477=AXIS2_PLACEMENT_3D('',#2605,#595,#596);
#478=DIRECTION('axis',(0.,0.,1.));
#479=DIRECTION('refdir',(1.,0.,0.));
#480=DIRECTION('center_axis',(0.,1.,0.));
#481=DIRECTION('ref_axis',(-1.,0.,0.));
#482=DIRECTION('',(1.,0.,0.));
#483=DIRECTION('',(0.,0.,1.));
#484=DIRECTION('',(-1.,0.,0.));
#485=DIRECTION('',(0.,0.,1.));
#486=DIRECTION('center_axis',(0.997785157856609,0.0665190105237739,0.));
#487=DIRECTION('ref_axis',(-0.0665190105237739,0.997785157856609,0.));
#488=DIRECTION('',(0.0665190105237739,-0.997785157856609,0.));
#489=DIRECTION('',(-0.0665190105237739,0.997785157856609,0.));
#490=DIRECTION('',(0.,0.,1.));
#491=DIRECTION('center_axis',(0.,-1.,0.));
#492=DIRECTION('ref_axis',(1.,0.,0.));
#493=DIRECTION('',(-1.,0.,0.));
#494=DIRECTION('',(1.,0.,0.));
#495=DIRECTION('',(0.,0.,1.));
#496=DIRECTION('center_axis',(-0.997785157856609,0.0665190105237739,0.));
#497=DIRECTION('ref_axis',(-0.0665190105237739,-0.997785157856609,0.));
#498=DIRECTION('',(-0.0665190105237739,-0.997785157856609,0.));
#499=DIRECTION('',(-0.0665190105237739,-0.997785157856609,0.));
#500=DIRECTION('center_axis',(0.,0.,1.));
#501=DIRECTION('ref_axis',(1.,0.,0.));
#502=DIRECTION('center_axis',(0.,0.,1.));
#503=DIRECTION('ref_axis',(1.,0.,0.));
#504=DIRECTION('center_axis',(-0.0365798149240006,-0.548697223860009,-0.835220494042409));
#505=DIRECTION('ref_axis',(-0.997785157856609,0.0665190105237692,-2.23272947494362E-15));
#506=DIRECTION('center_axis',(0.0541333268746795,0.811999903120183,-0.581141755731158));
#507=DIRECTION('ref_axis',(-0.997785157856609,0.0665190105237764,-5.20947624285638E-15));
#508=DIRECTION('center_axis',(0.0632309588060243,0.948464382090368,0.31051112983983));
#509=DIRECTION('ref_axis',(-0.997785157856609,0.0665190105237729,2.51152704831042E-15));
#510=DIRECTION('center_axis',(0.0528687532321846,0.79303129848277,0.60688240587317));
#511=DIRECTION('ref_axis',(-0.040369217142968,-0.60553825714456,0.794791636494492));
#512=DIRECTION('center_axis',(-0.0632309588060246,-0.948464382090367,-0.310511129839831));
#513=DIRECTION('ref_axis',(-0.997785157856609,0.066519010523769,1.26432916647745E-15));
#514=DIRECTION('center_axis',(-0.0365798149240006,-0.548697223860009,-0.835220494042409));
#515=DIRECTION('ref_axis',(-0.997785157856609,0.0665190105237716,1.49130420191147E-15));
#516=DIRECTION('',(0.0365798149240006,0.548697223860009,0.835220494042409));
#517=DIRECTION('center_axis',(0.0541333268746782,0.811999903120193,-0.581141755731143));
#518=DIRECTION('ref_axis',(0.0668757241249421,0.577740140983733,0.813476469861828));
#519=DIRECTION('center_axis',(0.0604031692842335,0.906047539263519,-0.418842827006674));
#520=DIRECTION('ref_axis',(-0.997785157856609,0.0665190105237741,2.87285933032949E-15));
#521=DIRECTION('center_axis',(0.0559061027284479,0.838591540926727,-0.541884429711589));
#522=DIRECTION('ref_axis',(0.0360456160826569,0.540684241239816,0.840453011676528));
#523=DIRECTION('center_axis',(-0.0604031692842337,-0.90604753926352,0.418842827006671));
#524=DIRECTION('ref_axis',(-0.997785157856609,0.0665190105237702,4.64414158922924E-15));
#525=DIRECTION('center_axis',(-0.0503071396727484,-0.754607095091227,0.654245614227506));
#526=DIRECTION('ref_axis',(-0.997785157856609,0.0665190105237756,1.96806653204746E-15));
#527=DIRECTION('',(0.0503071396727484,0.754607095091227,-0.654245614227506));
#528=DIRECTION('center_axis',(-0.0503071396727484,-0.754607095091227,0.654245614227506));
#529=DIRECTION('ref_axis',(-0.997785157856609,0.0665190105237723,4.84083464477307E-15));
#530=DIRECTION('center_axis',(0.0602243160227268,0.903364740340885,0.424623571729644));
#531=DIRECTION('ref_axis',(-0.997785157856608,0.06651901052378,0.));
#532=DIRECTION('center_axis',(0.0602243160227268,0.903364740340885,0.424623571729644));
#533=DIRECTION('ref_axis',(0.,-0.425395720890402,0.905007447841251));
#534=DIRECTION('center_axis',(-0.0503071396727478,0.754607095091225,-0.654245614227508));
#535=DIRECTION('ref_axis',(0.997785157856609,0.0665190105237698,-9.71950411096901E-16));
#536=DIRECTION('center_axis',(0.0602243160226892,-0.903364740340019,-0.424623571731491));
#537=DIRECTION('ref_axis',(0.997785157856608,0.0665190105237933,1.29401394576324E-14));
#538=DIRECTION('center_axis',(0.0604031692841891,-0.906047539262684,0.418842827008485));
#539=DIRECTION('ref_axis',(0.997785157856608,0.066519010523781,-8.73133251671885E-15));
#540=DIRECTION('center_axis',(0.0559061027284179,-0.838591540926187,0.541884429712428));
#541=DIRECTION('ref_axis',(-0.0360456160827068,0.540684241240654,0.840453011675987));
#542=DIRECTION('center_axis',(-0.0604031692841859,0.906047539262684,-0.418842827008488));
#543=DIRECTION('ref_axis',(0.997785157856609,0.066519010523777,-5.52671589465608E-15));
#544=DIRECTION('center_axis',(-0.0503071396727487,0.754607095091227,-0.654245614227506));
#545=DIRECTION('ref_axis',(0.997785157856609,0.0665190105237718,-2.70448148323309E-15));
#546=DIRECTION('',(0.0503071396727487,-0.754607095091227,0.654245614227506));
#547=DIRECTION('center_axis',(0.0602243160226727,-0.903364740340025,-0.424623571731481));
#548=DIRECTION('ref_axis',(0.988064745049503,0.114372432552659,-0.103184331476477));
#549=DIRECTION('center_axis',(0.0632309588059944,-0.948464382089879,-0.310511129841328));
#550=DIRECTION('ref_axis',(0.997785157856609,0.0665190105237774,-2.84680495674251E-15));
#551=DIRECTION('center_axis',(0.0528687532321543,-0.793031298482293,-0.606882405873796));
#552=DIRECTION('ref_axis',(0.0403692171430166,-0.605538257145184,0.794791636494015));
#553=DIRECTION('center_axis',(-0.0632309588059911,0.948464382089881,0.310511129841324));
#554=DIRECTION('ref_axis',(0.997785157856609,0.0665190105237724,-4.49115810158407E-15));
#555=DIRECTION('center_axis',(-0.0365798149240008,0.548697223860009,0.835220494042408));
#556=DIRECTION('ref_axis',(0.997785157856609,0.0665190105237772,-1.92244356814684E-15));
#557=DIRECTION('',(0.0365798149240008,-0.548697223860009,-0.835220494042408));
#558=DIRECTION('center_axis',(-0.0365798149240002,0.548697223860012,0.835220494042407));
#559=DIRECTION('ref_axis',(0.997785157856609,0.0665190105237758,-4.10869938247107E-15));
#560=DIRECTION('center_axis',(0.0541333268746715,-0.811999903120021,0.581141755731384));
#561=DIRECTION('ref_axis',(0.997785157856608,0.0665190105237802,0.));
#562=DIRECTION('center_axis',(0.0541333268746715,-0.811999903120021,0.581141755731384));
#563=DIRECTION('ref_axis',(0.995689573886347,0.,-0.0927484363966538));
#564=DIRECTION('center_axis',(0.999984685698368,0.00418150935160518,-0.00362537560531192));
#565=DIRECTION('ref_axis',(-0.00418153683139294,0.999991257336647,-3.317831649673E-19));
#566=DIRECTION('center_axis',(0.999984685698368,0.00418150935160519,-0.00362537560531197));
#567=DIRECTION('ref_axis',(-0.00418153683139303,0.999991257336647,-1.69405108386079E-21));
#568=DIRECTION('',(-0.999984685698368,-0.00418150935160518,0.00362537560531192));
#569=DIRECTION('center_axis',(0.999984685698368,0.00418150935160519,-0.00362537560531197));
#570=DIRECTION('ref_axis',(-0.00418153683139303,0.999991257336647,0.));
#571=DIRECTION('center_axis',(0.999984685698368,0.00418150935160519,-0.00362537560531197));
#572=DIRECTION('ref_axis',(-0.00362540730061093,1.69405476142833E-21,-0.999993428189358));
#573=DIRECTION('center_axis',(0.999984685698368,0.00418150935160519,-0.00362537560531197));
#574=DIRECTION('ref_axis',(-0.00362540730061092,0.,-0.999993428189358));
#575=DIRECTION('center_axis',(0.999986033124609,0.0029019279745125,0.00441728080834276));
#576=DIRECTION('ref_axis',(-0.00290195628667263,0.99999578931599,2.71967668798028E-18));
#577=DIRECTION('center_axis',(0.999986033124609,0.00290192797451253,0.00441728080834278));
#578=DIRECTION('ref_axis',(-0.00290195628667324,0.99999578931599,0.));
#579=DIRECTION('',(-0.999986033124609,-0.0029019279745125,-0.00441728080834276));
#580=DIRECTION('center_axis',(0.999986033124609,0.00290192797451253,0.00441728080834278));
#581=DIRECTION('ref_axis',(-0.00290195628667324,0.99999578931599,0.));
#582=DIRECTION('center_axis',(0.999986033124609,0.00290192797451253,0.00441728080834278));
#583=DIRECTION('ref_axis',(0.00441729940783184,-3.83139649159217E-21,-0.999990243685378));
#584=DIRECTION('center_axis',(0.999986033124609,0.00290192797451253,0.00441728080834278));
#585=DIRECTION('ref_axis',(0.00441729940783184,0.,-0.999990243685378));
#586=DIRECTION('center_axis',(-1.,0.,0.));
#587=DIRECTION('ref_axis',(0.,-1.,0.));
#588=DIRECTION('center_axis',(-1.,0.,0.));
#589=DIRECTION('ref_axis',(0.,-1.,0.));
#590=DIRECTION('',(1.,0.,0.));
#591=DIRECTION('center_axis',(-1.,0.,0.));
#592=DIRECTION('ref_axis',(0.,-1.,0.));
#593=DIRECTION('center_axis',(-1.,0.,0.));
#594=DIRECTION('ref_axis',(0.,0.,1.));
#595=DIRECTION('center_axis',(-1.,0.,0.));
#596=DIRECTION('ref_axis',(0.,0.,1.));
#597=CARTESIAN_POINT('',(0.,0.,0.));
#598=CARTESIAN_POINT('Origin',(508.,952.5,0.));
#599=CARTESIAN_POINT('',(0.,952.5,0.));
#600=CARTESIAN_POINT('',(508.,952.5,0.));
#601=CARTESIAN_POINT('',(0.,952.5,0.));
#602=CARTESIAN_POINT('',(0.,952.5,25.4));
#603=CARTESIAN_POINT('',(0.,952.5,0.));
#604=CARTESIAN_POINT('',(508.,952.5,25.4));
#605=CARTESIAN_POINT('',(0.,952.5,25.4));
#606=CARTESIAN_POINT('',(508.,952.5,0.));
#607=CARTESIAN_POINT('Origin',(635.,-952.5,0.));
#608=CARTESIAN_POINT('',(635.,-952.5,0.));
#609=CARTESIAN_POINT('',(508.,952.5,0.));
#610=CARTESIAN_POINT('',(635.,-952.5,25.4));
#611=CARTESIAN_POINT('',(508.,952.5,25.4));
#612=CARTESIAN_POINT('',(635.,-952.5,0.));
#613=CARTESIAN_POINT('Origin',(-127.,-952.5,0.));
#614=CARTESIAN_POINT('',(-127.,-952.5,0.));
#615=CARTESIAN_POINT('',(635.,-952.5,0.));
#616=CARTESIAN_POINT('',(-127.,-952.5,25.4));
#617=CARTESIAN_POINT('',(635.,-952.5,25.4));
#618=CARTESIAN_POINT('',(-127.,-952.5,0.));
#619=CARTESIAN_POINT('Origin',(0.,952.5,0.));
#620=CARTESIAN_POINT('',(0.,952.5,0.));
#621=CARTESIAN_POINT('',(0.,952.5,25.4));
#622=CARTESIAN_POINT('Origin',(254.,-1.4210854715202E-13,25.4));
#623=CARTESIAN_POINT('Origin',(254.,-1.4210854715202E-13,0.));
#624=CARTESIAN_POINT('Ctrl Pts',(-117.066165567667,-994.41534752035,499.999999999999));
#625=CARTESIAN_POINT('Ctrl Pts',(-118.373660366729,-1014.02776950627,470.146200731232));
#626=CARTESIAN_POINT('Ctrl Pts',(-120.643115208727,-1048.06959213624,411.891095345723));
#627=CARTESIAN_POINT('Ctrl Pts',(-122.958826545319,-1082.80526218513,329.083943895386));
#628=CARTESIAN_POINT('Ctrl Pts',(-123.801412734939,-1095.44405502943,268.707636393324));
#629=CARTESIAN_POINT('Ctrl Pts',(-123.903790507823,-1096.97972162268,219.562076566483));
#630=CARTESIAN_POINT('Ctrl Pts',(-123.653476259139,-1093.22500789242,188.137497459337));
#631=CARTESIAN_POINT('Ctrl Pts',(-122.937736979621,-1082.48891869965,150.550182781725));
#632=CARTESIAN_POINT('Ctrl Pts',(-121.605048972344,-1062.4985985905,107.437078971825));
#633=CARTESIAN_POINT('Ctrl Pts',(-118.836990601174,-1020.97772302295,54.1193103107814));
#634=CARTESIAN_POINT('Ctrl Pts',(-115.958600512988,-977.801871700162,17.503734312678));
#635=CARTESIAN_POINT('Ctrl Pts',(-114.328128495221,-953.344791433652,-1.43432665231107E-12));
#636=CARTESIAN_POINT('Ctrl Pts',(-117.171721153772,-995.998681311915,501.044792442119));
#637=CARTESIAN_POINT('Ctrl Pts',(-118.481527396471,-1015.64577495241,471.13821638644));
#638=CARTESIAN_POINT('Ctrl Pts',(-120.75579699952,-1049.75981899815,412.761990059805));
#639=CARTESIAN_POINT('Ctrl Pts',(-123.079406369479,-1084.61395954752,329.687348107231));
#640=CARTESIAN_POINT('Ctrl Pts',(-123.927269028015,-1097.33189942556,268.978603833207));
#641=CARTESIAN_POINT('Ctrl Pts',(-124.030505542348,-1098.88044714056,219.470287639065));
#642=CARTESIAN_POINT('Ctrl Pts',(-123.778143133227,-1095.09501100374,187.777265280757));
#643=CARTESIAN_POINT('Ctrl Pts',(-123.05620869652,-1084.26599445314,149.86498881359));
#644=CARTESIAN_POINT('Ctrl Pts',(-121.712553960329,-1064.11117341027,106.404790128738));
#645=CARTESIAN_POINT('Ctrl Pts',(-118.927176702056,-1022.33051453618,52.770321791758));
#646=CARTESIAN_POINT('Ctrl Pts',(-116.037378401482,-978.983540027567,16.0148292857189));
#647=CARTESIAN_POINT('Ctrl Pts',(-114.401573482591,-954.446466244199,-1.54615573925234));
#648=CARTESIAN_POINT('Ctrl Pts',(-118.247766302409,-999.106760141503,503.13376867075));
#649=CARTESIAN_POINT('Ctrl Pts',(-119.562201005478,-1018.82328068754,473.121511791794));
#650=CARTESIAN_POINT('Ctrl Pts',(-121.846092887432,-1053.08165891685,414.50401875933));
#651=CARTESIAN_POINT('Ctrl Pts',(-124.185512876949,-1088.1729587596,330.894303157017));
#652=CARTESIAN_POINT('Ctrl Pts',(-125.043934301183,-1101.04928012311,269.521573752924));
#653=CARTESIAN_POINT('Ctrl Pts',(-125.148890999512,-1102.62363059805,219.286931869426));
#654=CARTESIAN_POINT('Ctrl Pts',(-124.892435370343,-1098.77679616052,187.057102767106));
#655=CARTESIAN_POINT('Ctrl Pts',(-124.158104464412,-1087.76183257155,148.494600131638));
#656=CARTESIAN_POINT('Ctrl Pts',(-122.792500477547,-1067.27777276858,104.339815001862));
#657=CARTESIAN_POINT('Ctrl Pts',(-119.972476199596,-1024.9774085993,50.0721219652604));
#658=CARTESIAN_POINT('Ctrl Pts',(-117.05989971938,-981.288761396075,13.0380579987268));
#659=CARTESIAN_POINT('Ctrl Pts',(-115.41341614015,-956.591507707616,-4.63756648730759));
#660=CARTESIAN_POINT('Ctrl Pts',(-122.135738163851,-1002.67096476415,505.645549078198));
#661=CARTESIAN_POINT('Ctrl Pts',(-123.455731139192,-1022.47085939426,475.506381143992));
#662=CARTESIAN_POINT('Ctrl Pts',(-125.751197303966,-1056.90285186586,416.597877278347));
#663=CARTESIAN_POINT('Ctrl Pts',(-128.109608631393,-1092.27902177727,332.345040879917));
#664=CARTESIAN_POINT('Ctrl Pts',(-128.980716915068,-1105.3456460324,270.173236586815));
#665=CARTESIAN_POINT('Ctrl Pts',(-129.087738730355,-1106.9509732617,219.066295255897));
#666=CARTESIAN_POINT('Ctrl Pts',(-128.826359498628,-1103.0302847858,186.19108818456));
#667=CARTESIAN_POINT('Ctrl Pts',(-128.077132952067,-1091.79188658738,146.847251105142));
#668=CARTESIAN_POINT('Ctrl Pts',(-126.685159604151,-1070.91228636864,101.857900738729));
#669=CARTESIAN_POINT('Ctrl Pts',(-123.823495324754,-1027.98732217769,46.8288296487755));
#670=CARTESIAN_POINT('Ctrl Pts',(-120.883498544795,-983.887370478301,9.45862193199659));
#671=CARTESIAN_POINT('Ctrl Pts',(-119.224191067999,-958.997758326362,-8.35467194878394));
#672=CARTESIAN_POINT('Ctrl Pts',(-127.533853034942,-1004.43651831803,507.041846684437));
#673=CARTESIAN_POINT('Ctrl Pts',(-128.856941681231,-1024.28284801237,476.831995838783));
#674=CARTESIAN_POINT('Ctrl Pts',(-131.158838245336,-1058.81129647394,417.762481329248));
#675=CARTESIAN_POINT('Ctrl Pts',(-133.527822986392,-1094.34606758977,333.151925024988));
#676=CARTESIAN_POINT('Ctrl Pts',(-134.405991389362,-1107.51859363432,270.536500691287));
#677=CARTESIAN_POINT('Ctrl Pts',(-134.514163899426,-1109.14118128529,218.943785518786));
#678=CARTESIAN_POINT('Ctrl Pts',(-134.25004924645,-1105.17946149064,185.709748564364));
#679=CARTESIAN_POINT('Ctrl Pts',(-133.492533993728,-1093.81673269981,145.93115358644));
#680=CARTESIAN_POINT('Ctrl Pts',(-132.085883241532,-1072.71697141688,100.477364199308));
#681=CARTESIAN_POINT('Ctrl Pts',(-129.201055014182,-1029.44454800662,45.0250350954085));
#682=CARTESIAN_POINT('Ctrl Pts',(-126.245841924454,-985.116351660711,7.46895941837186));
#683=CARTESIAN_POINT('Ctrl Pts',(-124.579392198197,-960.119605766849,-10.4210092140191));
#684=CARTESIAN_POINT('Ctrl Pts',(-132.712693111599,-1004.08761720249,507.039452032984));
#685=CARTESIAN_POINT('Ctrl Pts',(-134.035770332634,-1023.93377551802,476.82986205815));
#686=CARTESIAN_POINT('Ctrl Pts',(-136.337659791551,-1058.46211740177,417.759824105335));
#687=CARTESIAN_POINT('Ctrl Pts',(-138.706609469333,-1093.9963625685,333.150100914223));
#688=CARTESIAN_POINT('Ctrl Pts',(-139.584757896085,-1107.16858896979,270.534823310875));
#689=CARTESIAN_POINT('Ctrl Pts',(-139.692925603067,-1108.79110457451,218.943846588981));
#690=CARTESIAN_POINT('Ctrl Pts',(-139.428813955199,-1104.82942985649,185.71049275695));
#691=CARTESIAN_POINT('Ctrl Pts',(-138.671321547785,-1093.46704374528,145.933078171655));
#692=CARTESIAN_POINT('Ctrl Pts',(-137.264715573365,-1072.36795412899,100.480614655743));
#693=CARTESIAN_POINT('Ctrl Pts',(-134.379944161933,-1029.09638295749,45.0290201412535));
#694=CARTESIAN_POINT('Ctrl Pts',(-131.424729238168,-984.768159101029,7.47222020332506));
#695=CARTESIAN_POINT('Ctrl Pts',(-129.758305871952,-959.771808607788,-10.4174654440429));
#696=CARTESIAN_POINT('Ctrl Pts',(-137.959378713368,-1001.97934508346,505.884211856931));
#697=CARTESIAN_POINT('Ctrl Pts',(-139.279902901851,-1021.7872079107,475.732914826285));
#698=CARTESIAN_POINT('Ctrl Pts',(-141.576466848603,-1056.23566711198,416.797162620646));
#699=CARTESIAN_POINT('Ctrl Pts',(-143.936691210628,-1091.63903254235,332.483107949111));
#700=CARTESIAN_POINT('Ctrl Pts',(-144.809008929524,-1104.7237983258,270.235686968397));
#701=CARTESIAN_POINT('Ctrl Pts',(-144.916228392086,-1106.33209026422,219.045406012428));
#702=CARTESIAN_POINT('Ctrl Pts',(-144.654382181878,-1102.40439711111,186.108842706245));
#703=CARTESIAN_POINT('Ctrl Pts',(-143.903735943658,-1091.14470353781,146.690546280529));
#704=CARTESIAN_POINT('Ctrl Pts',(-142.509247172785,-1070.22737197471,101.621631080202));
#705=CARTESIAN_POINT('Ctrl Pts',(-139.643617761727,-1027.24293080884,46.520211463915));
#706=CARTESIAN_POINT('Ctrl Pts',(-136.701029645186,-983.104109060722,9.1185896201273));
#707=CARTESIAN_POINT('Ctrl Pts',(-135.040496567594,-958.196112896846,-8.70786154913725));
#708=CARTESIAN_POINT('Ctrl Pts',(-141.332523785145,-998.509070902353,503.752151162218));
#709=CARTESIAN_POINT('Ctrl Pts',(-142.648322562246,-1018.24605255886,473.708748620303));
#710=CARTESIAN_POINT('Ctrl Pts',(-144.935066729685,-1052.54721507045,415.019044313967));
#711=CARTESIAN_POINT('Ctrl Pts',(-147.279150257413,-1087.70846798638,331.251152536643));
#712=CARTESIAN_POINT('Ctrl Pts',(-148.140689522008,-1100.6315569553,269.681261517206));
#713=CARTESIAN_POINT('Ctrl Pts',(-148.246152632751,-1102.21350361645,219.232507116839));
#714=CARTESIAN_POINT('Ctrl Pts',(-147.988483653036,-1098.34846892072,186.843838527324));
#715=CARTESIAN_POINT('Ctrl Pts',(-147.250491660405,-1087.27858903125,148.089284932067));
#716=CARTESIAN_POINT('Ctrl Pts',(-145.878409614418,-1066.69735834145,103.729410803163));
#717=CARTESIAN_POINT('Ctrl Pts',(-143.048145971461,-1024.2434036971,49.2742780638059));
#718=CARTESIAN_POINT('Ctrl Pts',(-140.128799020739,-980.453199436267,12.1567189448752));
#719=CARTESIAN_POINT('Ctrl Pts',(-138.479168286278,-955.708738419345,-5.55269144389287));
#720=CARTESIAN_POINT('Ctrl Pts',(-142.877701628752,-993.27914747577,500.384032006033));
#721=CARTESIAN_POINT('Ctrl Pts',(-144.186044922405,-1012.90429688056,470.510859209182));
#722=CARTESIAN_POINT('Ctrl Pts',(-146.457270232083,-1046.97267652573,412.211087573889));
#723=CARTESIAN_POINT('Ctrl Pts',(-148.775881537608,-1081.75184610861,329.305655371198));
#724=CARTESIAN_POINT('Ctrl Pts',(-149.620405749374,-1094.4197092851,268.807042629227));
#725=CARTESIAN_POINT('Ctrl Pts',(-149.723098650889,-1095.96010280782,219.528310685647));
#726=CARTESIAN_POINT('Ctrl Pts',(-149.472031256393,-1092.19409189039,188.005072872333));
#727=CARTESIAN_POINT('Ctrl Pts',(-148.754016413792,-1081.42386925137,150.298392164416));
#728=CARTESIAN_POINT('Ctrl Pts',(-147.417300973053,-1061.37313764029,107.057804196597));
#729=CARTESIAN_POINT('Ctrl Pts',(-144.642879860161,-1019.75682094691,53.6236285385365));
#730=CARTESIAN_POINT('Ctrl Pts',(-141.760291377674,-976.517993709604,16.9564331638265));
#731=CARTESIAN_POINT('Ctrl Pts',(-140.127861735812,-952.031549081675,-0.568316984551384));
#732=CARTESIAN_POINT('Ctrl Pts',(-141.538571804903,-987.884239282149,496.781203421966));
#733=CARTESIAN_POINT('Ctrl Pts',(-142.838942422354,-1007.38979854392,467.090069341531));
#734=CARTESIAN_POINT('Ctrl Pts',(-145.093565927781,-1041.20915112532,409.20770991679));
#735=CARTESIAN_POINT('Ctrl Pts',(-147.384936460821,-1075.57970912092,327.224754025347));
#736=CARTESIAN_POINT('Ctrl Pts',(-148.211262934931,-1087.97460623256,267.872307895898));
#737=CARTESIAN_POINT('Ctrl Pts',(-148.310993669405,-1089.47056724967,219.84478469886));
#738=CARTESIAN_POINT('Ctrl Pts',(-148.066988542673,-1085.8104903487,189.247259739158));
#739=CARTESIAN_POINT('Ctrl Pts',(-147.370339658025,-1075.36075707897,152.661306725164));
#740=CARTESIAN_POINT('Ctrl Pts',(-146.071447841905,-1055.87737983718,110.617799908175));
#741=CARTESIAN_POINT('Ctrl Pts',(-143.356754121347,-1015.15697402881,58.2757240060403));
#742=CARTESIAN_POINT('Ctrl Pts',(-140.51349636166,-972.508107633499,22.0906765163767));
#743=CARTESIAN_POINT('Ctrl Pts',(-138.899461065725,-948.297578194478,4.76339663455767));
#744=CARTESIAN_POINT('Ctrl Pts',(-136.768525727499,-984.144435218966,494.115431298531));
#745=CARTESIAN_POINT('Ctrl Pts',(-138.062993456352,-1003.56145115176,464.559076837446));
#746=CARTESIAN_POINT('Ctrl Pts',(-140.30533555521,-1037.19658263464,406.985066042407));
#747=CARTESIAN_POINT('Ctrl Pts',(-142.576539773795,-1071.26464591341,325.684797545319));
#748=CARTESIAN_POINT('Ctrl Pts',(-143.389396631117,-1083.45749877324,267.180029182807));
#749=CARTESIAN_POINT('Ctrl Pts',(-143.486933859248,-1084.92055719521,220.078854220443));
#750=CARTESIAN_POINT('Ctrl Pts',(-143.248153128646,-1081.33884623617,190.166316573365));
#751=CARTESIAN_POINT('Ctrl Pts',(-142.567318537291,-1071.12632736585,154.409873645679));
#752=CARTESIAN_POINT('Ctrl Pts',(-141.296425074073,-1052.06292541758,113.252430717493));
#753=CARTESIAN_POINT('Ctrl Pts',(-138.625934971764,-1012.00557388294,61.7184167563855));
#754=CARTESIAN_POINT('Ctrl Pts',(-135.811761004392,-969.792964372373,25.8894645314846));
#755=CARTESIAN_POINT('Ctrl Pts',(-134.211344695622,-945.786719740813,8.70838963222841));
#756=CARTESIAN_POINT('Ctrl Pts',(-130.684188944439,-982.590632350384,492.828188897817));
#757=CARTESIAN_POINT('Ctrl Pts',(-131.975811597066,-1001.96497213978,463.336795562879));
#758=CARTESIAN_POINT('Ctrl Pts',(-134.212219878066,-1035.51109635479,405.912372133265));
#759=CARTESIAN_POINT('Ctrl Pts',(-136.473700894869,-1069.43331160683,324.941568032008));
#760=CARTESIAN_POINT('Ctrl Pts',(-137.280060387879,-1081.52870400199,266.84665645964));
#761=CARTESIAN_POINT('Ctrl Pts',(-137.376540871481,-1082.97591125601,220.192010316106));
#762=CARTESIAN_POINT('Ctrl Pts',(-137.14028434684,-1079.43206338639,190.610179222731));
#763=CARTESIAN_POINT('Ctrl Pts',(-136.46707865209,-1069.33397796514,155.253911740307));
#764=CARTESIAN_POINT('Ctrl Pts',(-135.209687990587,-1050.4731180426,114.523870912032));
#765=CARTESIAN_POINT('Ctrl Pts',(-132.560528033953,-1010.73571869308,63.3800446529617));
#766=CARTESIAN_POINT('Ctrl Pts',(-129.760422180984,-968.734130898557,27.7239464738685));
#767=CARTESIAN_POINT('Ctrl Pts',(-128.166569956216,-944.826347527025,10.6133395011537));
#768=CARTESIAN_POINT('Ctrl Pts',(-125.443842324158,-983.269609491373,493.044732869269));
#769=CARTESIAN_POINT('Ctrl Pts',(-126.735932543047,-1002.6509627747,463.542663675925));
#770=CARTESIAN_POINT('Ctrl Pts',(-128.973346111612,-1036.21216630318,406.09163272715));
#771=CARTESIAN_POINT('Ctrl Pts',(-131.236432232874,-1070.15845812211,325.065801569298));
#772=CARTESIAN_POINT('Ctrl Pts',(-132.043870528821,-1082.27003256132,266.900834012044));
#773=CARTESIAN_POINT('Ctrl Pts',(-132.140523673017,-1083.71982972426,220.172705792679));
#774=CARTESIAN_POINT('Ctrl Pts',(-131.903839474538,-1080.16956674708,190.535364470827));
#775=CARTESIAN_POINT('Ctrl Pts',(-131.229366002663,-1070.05246466894,155.11256311948));
#776=CARTESIAN_POINT('Ctrl Pts',(-129.96973925171,-1051.15806340466,114.311579004025));
#777=CARTESIAN_POINT('Ctrl Pts',(-127.317021922562,-1011.36730346743,63.1021298494616));
#778=CARTESIAN_POINT('Ctrl Pts',(-124.514499065512,-969.329460611676,27.4150706647787));
#779=CARTESIAN_POINT('Ctrl Pts',(-122.919568084331,-945.405495893963,10.2928828336257));
#780=CARTESIAN_POINT('Ctrl Pts',(-120.622743216065,-986.014239012006,494.63666660997));
#781=CARTESIAN_POINT('Ctrl Pts',(-121.918368178259,-1005.44861344491,465.053889243123));
#782=CARTESIAN_POINT('Ctrl Pts',(-124.16310969093,-1039.11973613499,407.419985925367));
#783=CARTESIAN_POINT('Ctrl Pts',(-126.438265443619,-1073.24707242531,325.9861228944));
#784=CARTESIAN_POINT('Ctrl Pts',(-127.253759921009,-1085.47948958617,267.315915156504));
#785=CARTESIAN_POINT('Ctrl Pts',(-127.351727453224,-1086.94900256939,220.033161161683));
#786=CARTESIAN_POINT('Ctrl Pts',(-127.111926042951,-1083.3519814153,189.986654987563));
#787=CARTESIAN_POINT('Ctrl Pts',(-126.427994999841,-1073.09301576864,154.067802216777));
#788=CARTESIAN_POINT('Ctrl Pts',(-125.151617279335,-1053.94734996106,112.736844408224));
#789=CARTESIAN_POINT('Ctrl Pts',(-122.472475577289,-1013.76022443036,61.0448267020207));
#790=CARTESIAN_POINT('Ctrl Pts',(-119.652628810834,-971.462522933541,25.1467674498728));
#791=CARTESIAN_POINT('Ctrl Pts',(-118.049542564159,-947.416229233418,7.93702975653243));
#792=CARTESIAN_POINT('Ctrl Pts',(-117.613919214385,-989.605946751953,496.86445897615));
#793=CARTESIAN_POINT('Ctrl Pts',(-118.914464876839,-1009.11413168876,467.169328123903));
#794=CARTESIAN_POINT('Ctrl Pts',(-121.169477918124,-1042.93932730803,409.276121465777));
#795=CARTESIAN_POINT('Ctrl Pts',(-123.461452501228,-1077.31894605459,327.272178659781));
#796=CARTESIAN_POINT('Ctrl Pts',(-124.288187672408,-1089.71997362229,267.892323704094));
#797=CARTESIAN_POINT('Ctrl Pts',(-124.387982605727,-1091.21689762208,219.83724754404));
#798=CARTESIAN_POINT('Ctrl Pts',(-124.143811747648,-1087.5543347509,189.218432629316));
#799=CARTESIAN_POINT('Ctrl Pts',(-123.44668209861,-1077.09739001533,152.607234747586));
#800=CARTESIAN_POINT('Ctrl Pts',(-122.146945701209,-1057.60134405431,110.536860774681));
#801=CARTESIAN_POINT('Ctrl Pts',(-119.430897457463,-1016.86062039812,58.1695612854061));
#802=CARTESIAN_POINT('Ctrl Pts',(-116.586688858259,-974.197491410057,21.9718048001506));
#803=CARTESIAN_POINT('Ctrl Pts',(-114.972249703163,-949.980904083618,4.64018933735888));
#804=CARTESIAN_POINT('Ctrl Pts',(-116.960609981563,-992.832013728785,498.955207557879));
#805=CARTESIAN_POINT('Ctrl Pts',(-118.26579817187,-1012.40983658338,469.154074681973));
#806=CARTESIAN_POINT('Ctrl Pts',(-120.530435151694,-1046.37939128075,411.020722309019));
#807=CARTESIAN_POINT('Ctrl Pts',(-122.838261838105,-1080.99679157691,328.480887747077));
#808=CARTESIAN_POINT('Ctrl Pts',(-123.675577778608,-1093.55653068445,268.437502450587));
#809=CARTESIAN_POINT('Ctrl Pts',(-123.777099046894,-1095.07934970875,219.653983306488));
#810=CARTESIAN_POINT('Ctrl Pts',(-123.528834291554,-1091.35537837865,188.497793910318));
#811=CARTESIAN_POINT('Ctrl Pts',(-122.819283347009,-1080.71211421047,151.235097323385));
#812=CARTESIAN_POINT('Ctrl Pts',(-121.497546569942,-1060.88606255447,108.468669926953));
#813=CARTESIAN_POINT('Ctrl Pts',(-118.746793576314,-1019.62476765005,55.4675940631697));
#814=CARTESIAN_POINT('Ctrl Pts',(-115.879833779409,-976.620370696476,18.9927590918681));
#815=CARTESIAN_POINT('Ctrl Pts',(-114.254683507851,-952.243116623106,1.54615573924947));
#816=CARTESIAN_POINT('Ctrl Pts',(-117.066165567667,-994.41534752035,499.999999999999));
#817=CARTESIAN_POINT('Ctrl Pts',(-118.373660366729,-1014.02776950627,470.146200731232));
#818=CARTESIAN_POINT('Ctrl Pts',(-120.643115208727,-1048.06959213624,411.891095345723));
#819=CARTESIAN_POINT('Ctrl Pts',(-122.958826545319,-1082.80526218513,329.083943895386));
#820=CARTESIAN_POINT('Ctrl Pts',(-123.801412734939,-1095.44405502943,268.707636393324));
#821=CARTESIAN_POINT('Ctrl Pts',(-123.903790507823,-1096.97972162268,219.562076566483));
#822=CARTESIAN_POINT('Ctrl Pts',(-123.653476259139,-1093.22500789242,188.137497459337));
#823=CARTESIAN_POINT('Ctrl Pts',(-122.937736979621,-1082.48891869965,150.550182781725));
#824=CARTESIAN_POINT('Ctrl Pts',(-121.605048972344,-1062.4985985905,107.437078971825));
#825=CARTESIAN_POINT('Ctrl Pts',(-118.836990601174,-1020.97772302295,54.1193103107814));
#826=CARTESIAN_POINT('Ctrl Pts',(-115.958600512988,-977.801871700162,17.503734312678));
#827=CARTESIAN_POINT('Ctrl Pts',(-114.328128495221,-953.344791433652,-1.43432665231107E-12));
#828=CARTESIAN_POINT('',(-117.066165567667,-994.415347520349,499.999999999999));
#829=CARTESIAN_POINT('Origin',(-129.738037072446,-993.570556086697,499.999999999999));
#830=CARTESIAN_POINT('',(-114.328128495221,-953.344791433653,-7.61032875675608E-13));
#831=CARTESIAN_POINT('Ctrl Pts',(-117.066165567667,-994.41534752035,499.999999999999));
#832=CARTESIAN_POINT('Ctrl Pts',(-118.373660366729,-1014.02776950627,470.146200731232));
#833=CARTESIAN_POINT('Ctrl Pts',(-120.643115208727,-1048.06959213624,411.891095345723));
#834=CARTESIAN_POINT('Ctrl Pts',(-122.958826545319,-1082.80526218513,329.083943895386));
#835=CARTESIAN_POINT('Ctrl Pts',(-123.801412734939,-1095.44405502943,268.707636393324));
#836=CARTESIAN_POINT('Ctrl Pts',(-123.903790507823,-1096.97972162268,219.562076566483));
#837=CARTESIAN_POINT('Ctrl Pts',(-123.653476259139,-1093.22500789242,188.137497459337));
#838=CARTESIAN_POINT('Ctrl Pts',(-122.937736979621,-1082.48891869965,150.550182781725));
#839=CARTESIAN_POINT('Ctrl Pts',(-121.605048972344,-1062.4985985905,107.437078971825));
#840=CARTESIAN_POINT('Ctrl Pts',(-118.836990601174,-1020.97772302295,54.1193103107814));
#841=CARTESIAN_POINT('Ctrl Pts',(-115.958600512988,-977.801871700162,17.503734312678));
#842=CARTESIAN_POINT('Ctrl Pts',(-114.328128495221,-953.344791433652,-1.43432665231107E-12));
#843=CARTESIAN_POINT('Origin',(-127.,-952.500000000001,-1.13686837721616E-12));
#844=CARTESIAN_POINT('Origin',(-111.916095015964,-726.241425239462,906.925275049545));
#845=CARTESIAN_POINT('',(-124.587966520743,-725.396633805809,906.925275049545));
#846=CARTESIAN_POINT('',(-99.2442235111851,-727.086216673114,906.925275049545));
#847=CARTESIAN_POINT('Origin',(-111.916095015964,-726.241425239461,906.925275049545));
#848=CARTESIAN_POINT('Origin',(-111.916095015964,-726.241425239462,906.925275049545));
#849=CARTESIAN_POINT('Origin',(-111.916095015964,-726.241425239461,906.925275049545));
#850=CARTESIAN_POINT('',(-99.2442235111849,-727.086216673113,906.925275049545));
#851=CARTESIAN_POINT('Ctrl Pts',(-99.2442235111851,-727.086216673114,906.925275049545));
#852=CARTESIAN_POINT('Ctrl Pts',(-99.2439954842924,-727.082796269723,906.92078564202));
#853=CARTESIAN_POINT('Ctrl Pts',(-99.24377080795,-727.079375645682,906.916296233163));
#854=CARTESIAN_POINT('Ctrl Pts',(-99.2058070536654,-726.492602158507,906.146232876072));
#855=CARTESIAN_POINT('Ctrl Pts',(-99.2655655492445,-725.903861769478,905.38196260646));
#856=CARTESIAN_POINT('Ctrl Pts',(-99.5786985846029,-724.738598643448,903.885978638764));
#857=CARTESIAN_POINT('Ctrl Pts',(-99.8306316796474,-724.164059970358,903.156734465341));
#858=CARTESIAN_POINT('Ctrl Pts',(-100.793521606454,-722.608904193012,901.206977739052));
#859=CARTESIAN_POINT('Ctrl Pts',(-101.703098569976,-721.676318725171,900.066311960988));
#860=CARTESIAN_POINT('Ctrl Pts',(-103.96962329024,-720.101984429932,898.204069628422));
#861=CARTESIAN_POINT('Ctrl Pts',(-105.278542896348,-719.460627521224,897.478853424569));
#862=CARTESIAN_POINT('Ctrl Pts',(-108.155166588583,-718.519718996933,896.498287662211));
#863=CARTESIAN_POINT('Ctrl Pts',(-109.681856001288,-718.221321103784,896.240880401686));
#864=CARTESIAN_POINT('Ctrl Pts',(-112.830052483781,-717.990708347063,896.21373881762));
#865=CARTESIAN_POINT('Ctrl Pts',(-114.411633703955,-718.067202754037,896.451922454961));
#866=CARTESIAN_POINT('Ctrl Pts',(-117.487790964901,-718.604014252315,897.423014451027));
#867=CARTESIAN_POINT('Ctrl Pts',(-118.932797945273,-719.078233572403,898.169780658068));
#868=CARTESIAN_POINT('Ctrl Pts',(-121.490813051862,-720.391262860026,900.110962896182));
#869=CARTESIAN_POINT('Ctrl Pts',(-122.549335721554,-721.237201447069,901.309910052133));
#870=CARTESIAN_POINT('Ctrl Pts',(-124.075107690872,-723.178949480494,903.982108393119));
#871=CARTESIAN_POINT('Ctrl Pts',(-124.510434818705,-724.266858074092,905.442205952717));
#872=CARTESIAN_POINT('Ctrl Pts',(-124.587507116772,-725.389793225157,906.916296232798));
#873=CARTESIAN_POINT('Ctrl Pts',(-124.587738493857,-725.393213402516,906.920785642129));
#874=CARTESIAN_POINT('Ctrl Pts',(-124.587966520742,-725.396633805799,906.925275049512));
#875=CARTESIAN_POINT('Origin',(-127.,-952.500000000002,-5.6843418860808E-13));
#876=CARTESIAN_POINT('Origin',(-50.3071396727487,197.892904908771,906.925275049545));
#877=CARTESIAN_POINT('',(-62.9776207248593,198.737736791187,906.925563072268));
#878=CARTESIAN_POINT('',(-37.6352681679698,197.048113475119,906.925275049546));
#879=CARTESIAN_POINT('Origin',(-50.3071396727487,197.89290490877,906.925275049546));
#880=CARTESIAN_POINT('Origin',(-50.3071396727487,197.892904908771,906.925275049545));
#881=CARTESIAN_POINT('Ctrl Pts',(-37.6352681679698,197.048113475119,906.925275049546));
#882=CARTESIAN_POINT('Ctrl Pts',(-40.1273176803678,159.667370789148,924.205445530366));
#883=CARTESIAN_POINT('Ctrl Pts',(-45.2245284271251,83.2092095877893,954.340736883979));
#884=CARTESIAN_POINT('Ctrl Pts',(-53.2258178479114,-36.810131724008,985.637184273295));
#885=CARTESIAN_POINT('Ctrl Pts',(-60.2233759173482,-141.77350276556,998.814773421195));
#886=CARTESIAN_POINT('Ctrl Pts',(-66.0351791378114,-228.950551072508,1000.99445512629));
#887=CARTESIAN_POINT('Ctrl Pts',(-71.9879836724971,-318.242619092795,997.658017021133));
#888=CARTESIAN_POINT('Ctrl Pts',(-79.6845923357961,-433.691749042278,983.488011216241));
#889=CARTESIAN_POINT('Ctrl Pts',(-89.2804387075171,-577.629444618094,952.403712481924));
#890=CARTESIAN_POINT('Ctrl Pts',(-95.8893348969052,-676.762887458915,923.400278335556));
#891=CARTESIAN_POINT('Ctrl Pts',(-99.2442235111851,-727.086216673114,906.925275049545));
#892=CARTESIAN_POINT('Ctrl Pts',(-37.5823346008391,197.842116982079,908.650509987978));
#893=CARTESIAN_POINT('Ctrl Pts',(-40.0788012113935,160.395117823762,925.961309157671));
#894=CARTESIAN_POINT('Ctrl Pts',(-45.1851693078758,83.7995963765276,956.15091921587));
#895=CARTESIAN_POINT('Ctrl Pts',(-53.2018294021291,-36.4503050372738,987.508154408563));
#896=CARTESIAN_POINT('Ctrl Pts',(-60.2134386899525,-141.624444354625,1000.71200092621));
#897=CARTESIAN_POINT('Ctrl Pts',(-66.0360985971623,-228.964342962771,1002.89551102535));
#898=CARTESIAN_POINT('Ctrl Pts',(-71.9990081920354,-318.407986885868,999.553131992196));
#899=CARTESIAN_POINT('Ctrl Pts',(-79.7062502365426,-434.016617553476,985.362356917809));
#900=CARTESIAN_POINT('Ctrl Pts',(-89.3118960570351,-578.101304860864,954.24540998537));
#901=CARTESIAN_POINT('Ctrl Pts',(-95.9260842481065,-677.314127726934,925.218524058067));
#902=CARTESIAN_POINT('Ctrl Pts',(-99.2834660639433,-727.674854964486,908.731277294384));
#903=CARTESIAN_POINT('Ctrl Pts',(-38.3414801185267,199.4873134987,912.099945831487));
#904=CARTESIAN_POINT('Ctrl Pts',(-40.8467916046745,161.907641206482,929.472076430342));
#905=CARTESIAN_POINT('Ctrl Pts',(-45.9714372475604,85.0379565631944,959.77022785871));
#906=CARTESIAN_POINT('Ctrl Pts',(-54.0188518247445,-35.6732620945688,991.249134536361));
#907=CARTESIAN_POINT('Ctrl Pts',(-61.0585363651803,-141.268530201106,1004.50542625355));
#908=CARTESIAN_POINT('Ctrl Pts',(-66.9029306482278,-228.934444446818,1006.69660617951));
#909=CARTESIAN_POINT('Ctrl Pts',(-72.8860479360598,-318.681203764299,1003.34232615261));
#910=CARTESIAN_POINT('Ctrl Pts',(-80.6145461916371,-434.608677597958,989.109989490774));
#911=CARTESIAN_POINT('Ctrl Pts',(-90.2397988933362,-578.987468123445,957.92770328191));
#912=CARTESIAN_POINT('Ctrl Pts',(-96.8645343281148,-678.358499645123,928.853962662433));
#913=CARTESIAN_POINT('Ctrl Pts',(-100.226908574914,-728.794113347112,912.342199342176));
#914=CARTESIAN_POINT('Ctrl Pts',(-41.8484172651243,201.638442990236,916.247552886675));
#915=CARTESIAN_POINT('Ctrl Pts',(-44.3643504287323,163.899445536115,933.693335472134));
#916=CARTESIAN_POINT('Ctrl Pts',(-49.5110048958256,86.6996285297153,964.122061116082));
#917=CARTESIAN_POINT('Ctrl Pts',(-57.5953762151494,-34.5659412601432,995.747132591188));
#918=CARTESIAN_POINT('Ctrl Pts',(-64.6688373697213,-140.667858578722,1009.06653865638));
#919=CARTESIAN_POINT('Ctrl Pts',(-70.5393374090605,-228.725359168809,1011.26692535945));
#920=CARTESIAN_POINT('Ctrl Pts',(-76.5467488054021,-318.836530113935,1007.89835840757));
#921=CARTESIAN_POINT('Ctrl Pts',(-84.3008097681889,-435.147444555736,993.616083759278));
#922=CARTESIAN_POINT('Ctrl Pts',(-93.9496238658922,-579.879656021286,962.355296363125));
#923=CARTESIAN_POINT('Ctrl Pts',(-100.587075132875,-679.441425026021,933.225182544673));
#924=CARTESIAN_POINT('Ctrl Pts',(-103.955444714584,-729.966968751669,916.683977662054));
#925=CARTESIAN_POINT('Ctrl Pts',(-47.0347025577562,203.050033414835,918.553190944442));
#926=CARTESIAN_POINT('Ctrl Pts',(-49.5565514999239,165.222299282318,936.039994248603));
#927=CARTESIAN_POINT('Ctrl Pts',(-54.7154138990591,87.8393632952902,966.54125207426));
#928=CARTESIAN_POINT('Ctrl Pts',(-62.820348156318,-33.7346505635956,998.247687475017));
#929=CARTESIAN_POINT('Ctrl Pts',(-69.9125697829403,-140.117974962929,1011.60213321109));
#930=CARTESIAN_POINT('Ctrl Pts',(-75.7976050900992,-228.393504570312,1013.80765084633));
#931=CARTESIAN_POINT('Ctrl Pts',(-81.8185245419042,-318.707296347388,1010.43112272166));
#932=CARTESIAN_POINT('Ctrl Pts',(-89.5867921896211,-435.231311063143,996.121057833635));
#933=CARTESIAN_POINT('Ctrl Pts',(-99.2487156502418,-580.160162972452,964.816579316592));
#934=CARTESIAN_POINT('Ctrl Pts',(-105.893207291578,-679.827537592496,935.655157202467));
#935=CARTESIAN_POINT('Ctrl Pts',(-109.26491599499,-730.403168143679,919.09755474385));
#936=CARTESIAN_POINT('Ctrl Pts',(-52.2139115900243,203.393484700265,918.54923373709));
#937=CARTESIAN_POINT('Ctrl Pts',(-54.7357386445693,165.566078882089,936.035885269848));
#938=CARTESIAN_POINT('Ctrl Pts',(-59.89460797187,88.183038972578,966.537074504211));
#939=CARTESIAN_POINT('Ctrl Pts',(-67.9994872585361,-33.3901503274162,998.243253756996));
#940=CARTESIAN_POINT('Ctrl Pts',(-75.091693206714,-139.773239550083,1011.59768672728));
#941=CARTESIAN_POINT('Ctrl Pts',(-80.9766793445045,-228.048031616942,1013.80318205513));
#942=CARTESIAN_POINT('Ctrl Pts',(-86.9975724167152,-318.361427700103,1010.42668758056));
#943=CARTESIAN_POINT('Ctrl Pts',(-94.7658193601368,-434.885131851426,996.116701644517));
#944=CARTESIAN_POINT('Ctrl Pts',(-104.427708119692,-579.813463244753,964.812353101394));
#945=CARTESIAN_POINT('Ctrl Pts',(-111.07221725188,-679.481100227581,935.65095406853));
#946=CARTESIAN_POINT('Ctrl Pts',(-114.44391360097,-730.056545463927,919.093412278843));
#947=CARTESIAN_POINT('Ctrl Pts',(-57.6358419825977,202.873103018506,916.641615246175));
#948=CARTESIAN_POINT('Ctrl Pts',(-60.1527903486512,165.118877527704,934.094437367262));
#949=CARTESIAN_POINT('Ctrl Pts',(-65.3015215100544,87.8879101066563,964.535540032346));
#950=CARTESIAN_POINT('Ctrl Pts',(-73.3894142048739,-33.4304803156389,996.174558543331));
#951=CARTESIAN_POINT('Ctrl Pts',(-80.4660759553499,-139.580406572778,1009.49993668509));
#952=CARTESIAN_POINT('Ctrl Pts',(-86.3390687622837,-227.675298676786,1011.70120507119));
#953=CARTESIAN_POINT('Ctrl Pts',(-92.3487899766175,-317.821116891794,1008.33127043474));
#954=CARTESIAN_POINT('Ctrl Pts',(-100.105277747109,-434.168433449172,994.044235108016));
#955=CARTESIAN_POINT('Ctrl Pts',(-109.756336684763,-578.934317513972,962.775961038023));
#956=CARTESIAN_POINT('Ctrl Pts',(-116.394980850973,-678.513980007125,933.640507008442));
#957=CARTESIAN_POINT('Ctrl Pts',(-119.763923456924,-729.048119096385,917.096488149762));
#958=CARTESIAN_POINT('Ctrl Pts',(-61.3324210397687,201.492038911101,913.12097520757));
#959=CARTESIAN_POINT('Ctrl Pts',(-63.8403391138237,163.873267800276,930.511180199885));
#960=CARTESIAN_POINT('Ctrl Pts',(-68.9704221820428,86.9220217769899,960.841514473589));
#961=CARTESIAN_POINT('Ctrl Pts',(-77.0269207921385,-33.9254573744489,992.356321746354));
#962=CARTESIAN_POINT('Ctrl Pts',(-84.0749317486587,-139.645621722251,1005.62818355829));
#963=CARTESIAN_POINT('Ctrl Pts',(-89.9257356744097,-227.407680608516,1007.82162052952));
#964=CARTESIAN_POINT('Ctrl Pts',(-95.9148312902126,-317.244114845561,1004.46383738426));
#965=CARTESIAN_POINT('Ctrl Pts',(-103.649624962913,-433.266019936072,990.219229130027));
#966=CARTESIAN_POINT('Ctrl Pts',(-113.28066933776,-577.731685558767,959.017656386651));
#967=CARTESIAN_POINT('Ctrl Pts',(-119.908555694095,-677.149980903794,929.930016822608));
#968=CARTESIAN_POINT('Ctrl Pts',(-123.272401212031,-727.607663672843,913.41102846462));
#969=CARTESIAN_POINT('Ctrl Pts',(-63.3885389437692,199.058087217991,907.559289940807));
#970=CARTESIAN_POINT('Ctrl Pts',(-65.8822100637817,161.653020417803,924.850704843494));
#971=CARTESIAN_POINT('Ctrl Pts',(-70.9827900167375,85.1443211234661,955.005965913698));
#972=CARTESIAN_POINT('Ctrl Pts',(-78.9897253081805,-34.9597082481801,986.324736093467));
#973=CARTESIAN_POINT('Ctrl Pts',(-85.9924494547903,-140.000570447326,999.511981362213));
#974=CARTESIAN_POINT('Ctrl Pts',(-91.8082390390506,-227.237414211231,1001.69306808032));
#975=CARTESIAN_POINT('Ctrl Pts',(-97.7647566807829,-316.585178837217,998.35444953046));
#976=CARTESIAN_POINT('Ctrl Pts',(-105.46527357478,-432.092932247166,984.176815529772));
#977=CARTESIAN_POINT('Ctrl Pts',(-115.064719474265,-576.084620739451,953.080526498068));
#978=CARTESIAN_POINT('Ctrl Pts',(-121.675564613067,-675.247297821479,924.068469625553));
#979=CARTESIAN_POINT('Ctrl Pts',(-125.031368532936,-725.584356619511,907.58897150698));
#980=CARTESIAN_POINT('Ctrl Pts',(-62.5958829880273,196.254975662138,901.609866350599));
#981=CARTESIAN_POINT('Ctrl Pts',(-65.074318014802,159.078450260517,918.795632353735));
#982=CARTESIAN_POINT('Ctrl Pts',(-70.1433282696191,83.0432964382605,948.763595284968));
#983=CARTESIAN_POINT('Ctrl Pts',(-78.0972517646991,-36.2655559879416,979.872702171565));
#984=CARTESIAN_POINT('Ctrl Pts',(-85.0515261132774,-140.579671216616,992.969415215105));
#985=CARTESIAN_POINT('Ctrl Pts',(-90.8298687626865,-227.254810957753,995.13729538875));
#986=CARTESIAN_POINT('Ctrl Pts',(-96.7515383418704,-316.079854645512,991.819170527613));
#987=CARTESIAN_POINT('Ctrl Pts',(-104.415387532267,-431.037592501456,977.713169032343));
#988=CARTESIAN_POINT('Ctrl Pts',(-113.981036302136,-574.522324049499,946.729484451513));
#989=CARTESIAN_POINT('Ctrl Pts',(-120.573641842024,-673.41140714781,917.798290305206));
#990=CARTESIAN_POINT('Ctrl Pts',(-123.920845850811,-723.619467279625,901.361024159021));
#991=CARTESIAN_POINT('Ctrl Pts',(-58.230246515263,193.929052379852,897.207979369008));
#992=CARTESIAN_POINT('Ctrl Pts',(-60.6974022040678,156.921717047778,914.315533088616));
#993=CARTESIAN_POINT('Ctrl Pts',(-65.74306970056,81.2367046003958,944.144947433305));
#994=CARTESIAN_POINT('Ctrl Pts',(-73.6577598722863,-37.4836479755003,975.098864262843));
#995=CARTESIAN_POINT('Ctrl Pts',(-80.5761959528526,-141.260189183995,988.128619691284));
#996=CARTESIAN_POINT('Ctrl Pts',(-86.3268190070677,-227.519534997222,990.28672119719));
#997=CARTESIAN_POINT('Ctrl Pts',(-92.2227033016066,-315.957799415307,986.983770179576));
#998=CARTESIAN_POINT('Ctrl Pts',(-99.8594246246764,-430.508619261353,972.930785485226));
#999=CARTESIAN_POINT('Ctrl Pts',(-109.400060777153,-573.6181615485,942.030445134229));
#1000=CARTESIAN_POINT('Ctrl Pts',(-115.979187215831,-672.305058128672,913.159063390058));
#1001=CARTESIAN_POINT('Ctrl Pts',(-119.320024677625,-722.417620055587,896.753061734202));
#1002=CARTESIAN_POINT('Ctrl Pts',(-52.3410038640221,192.553650660915,895.082001878868));
#1003=CARTESIAN_POINT('Ctrl Pts',(-54.8027210480433,155.627892900596,912.151844353433));
#1004=CARTESIAN_POINT('Ctrl Pts',(-59.8370931464821,80.1123114240153,941.914300729499));
#1005=CARTESIAN_POINT('Ctrl Pts',(-67.732850030656,-38.3240418385968,972.79335555565));
#1006=CARTESIAN_POINT('Ctrl Pts',(-74.6339645453691,-141.840759559292,985.790735866552));
#1007=CARTESIAN_POINT('Ctrl Pts',(-80.3712186057484,-227.899570464982,987.944125011751));
#1008=CARTESIAN_POINT('Ctrl Pts',(-86.2546518628601,-316.151069321659,984.648487046678));
#1009=CARTESIAN_POINT('Ctrl Pts',(-93.8782684070266,-430.505317484155,970.621083689455));
#1010=CARTESIAN_POINT('Ctrl Pts',(-103.406833659609,-573.433796272895,939.760953553585));
#1011=CARTESIAN_POINT('Ctrl Pts',(-109.979427237197,-672.022699936711,910.918483079712));
#1012=CARTESIAN_POINT('Ctrl Pts',(-113.317194971285,-722.089215948024,894.527556074573));
#1013=CARTESIAN_POINT('Ctrl Pts',(-47.0680679290391,192.367615367429,895.440000661128));
#1014=CARTESIAN_POINT('Ctrl Pts',(-49.5306820619439,155.428403373856,912.516062686927));
#1015=CARTESIAN_POINT('Ctrl Pts',(-54.5670010207901,79.8836189911635,942.289884102705));
#1016=CARTESIAN_POINT('Ctrl Pts',(-62.4659145105738,-38.6000833555948,973.181357935971));
#1017=CARTESIAN_POINT('Ctrl Pts',(-69.3699723934406,-142.160951598596,986.184266096128));
#1018=CARTESIAN_POINT('Ctrl Pts',(-75.1094387721332,-228.252947278984,988.33842707399));
#1019=CARTESIAN_POINT('Ctrl Pts',(-80.9949635566991,-316.535819047474,985.041589759493));
#1020=CARTESIAN_POINT('Ctrl Pts',(-88.6207927593787,-430.923257087669,971.00992891682));
#1021=CARTESIAN_POINT('Ctrl Pts',(-98.1513710564752,-573.881931544116,940.143116032701));
#1022=CARTESIAN_POINT('Ctrl Pts',(-104.725112239874,-672.488049295092,911.295727861187));
#1023=CARTESIAN_POINT('Ctrl Pts',(-108.063386250769,-722.562159458518,894.902314659626));
#1024=CARTESIAN_POINT('Ctrl Pts',(-42.0047922243876,193.244585520254,898.067273894765));
#1025=CARTESIAN_POINT('Ctrl Pts',(-44.4741541930097,156.204155990922,915.190126223481));
#1026=CARTESIAN_POINT('Ctrl Pts',(-49.5243679039232,80.4509503272181,945.046565581014));
#1027=CARTESIAN_POINT('Ctrl Pts',(-57.4467242688952,-38.3843951473627,976.030821167139));
#1028=CARTESIAN_POINT('Ctrl Pts',(-64.3721501118741,-142.265782792046,989.073629520906));
#1029=CARTESIAN_POINT('Ctrl Pts',(-70.1281934761553,-228.606433256264,991.233645027784));
#1030=CARTESIAN_POINT('Ctrl Pts',(-76.0291125364681,-317.120219160958,987.92772436338));
#1031=CARTESIAN_POINT('Ctrl Pts',(-83.6711281135286,-431.750452816864,973.864378421059));
#1032=CARTESIAN_POINT('Ctrl Pts',(-93.2166516025419,-574.933305152064,942.947747621183));
#1033=CARTESIAN_POINT('Ctrl Pts',(-99.7983981262523,-673.65950300772,914.0647014534));
#1034=CARTESIAN_POINT('Ctrl Pts',(-103.140480907956,-723.790744733272,897.65258434873));
#1035=CARTESIAN_POINT('Ctrl Pts',(-38.6582559082375,194.722954142215,901.747923418335));
#1036=CARTESIAN_POINT('Ctrl Pts',(-41.137028456044,157.541365925118,918.936029832823));
#1037=CARTESIAN_POINT('Ctrl Pts',(-46.2068093871742,81.4946519581645,948.908415419604));
#1038=CARTESIAN_POINT('Ctrl Pts',(-54.161936138087,-37.8322493055287,980.022228373726));
#1039=CARTESIAN_POINT('Ctrl Pts',(-61.1173573442887,-142.163567398554,993.121106961508));
#1040=CARTESIAN_POINT('Ctrl Pts',(-66.896535855722,-228.851245070053,995.289275145995));
#1041=CARTESIAN_POINT('Ctrl Pts',(-72.8190097217954,-317.688353061155,991.970702036554));
#1042=CARTESIAN_POINT('Ctrl Pts',(-80.4837148175441,-432.658929497386,977.863081009186));
#1043=CARTESIAN_POINT('Ctrl Pts',(-90.0501311813709,-576.155174954787,946.876858564666));
#1044=CARTESIAN_POINT('Ctrl Pts',(-96.6432003851703,-675.051213011779,917.943746102603));
#1045=CARTESIAN_POINT('Ctrl Pts',(-99.9905949054503,-725.262130815979,901.505544403014));
#1046=CARTESIAN_POINT('Ctrl Pts',(-37.6882017351004,196.254109968159,905.200040111113));
#1047=CARTESIAN_POINT('Ctrl Pts',(-40.1758426387987,158.939496412684,922.449640769971));
#1048=CARTESIAN_POINT('Ctrl Pts',(-45.2638758647115,82.6189980239929,952.530572978903));
#1049=CARTESIAN_POINT('Ctrl Pts',(-53.2498088486271,-37.1699967347439,983.76631685093));
#1050=CARTESIAN_POINT('Ctrl Pts',(-60.2333037475086,-141.922420217966,996.917614355564));
#1051=CARTESIAN_POINT('Ctrl Pts',(-66.0342678054195,-228.936881086629,999.093477434321));
#1052=CARTESIAN_POINT('Ctrl Pts',(-71.9769695917698,-318.077407881884,995.762965797641));
#1053=CARTESIAN_POINT('Ctrl Pts',(-79.6629422122738,-433.366997189444,981.613706649933));
#1054=CARTESIAN_POINT('Ctrl Pts',(-89.2489979625192,-577.157833443125,950.562016332651));
#1055=CARTESIAN_POINT('Ctrl Pts',(-95.8525807538868,-676.211575313639,921.582056144438));
#1056=CARTESIAN_POINT('Ctrl Pts',(-99.2049809584269,-726.497578381741,905.119272804706));
#1057=CARTESIAN_POINT('Ctrl Pts',(-37.6352681679698,197.048113475119,906.925275049546));
#1058=CARTESIAN_POINT('Ctrl Pts',(-40.1273176803678,159.667370789148,924.205445530366));
#1059=CARTESIAN_POINT('Ctrl Pts',(-45.2245284271251,83.2092095877893,954.340736883979));
#1060=CARTESIAN_POINT('Ctrl Pts',(-53.2258178479114,-36.810131724008,985.637184273295));
#1061=CARTESIAN_POINT('Ctrl Pts',(-60.2233759173482,-141.77350276556,998.814773421195));
#1062=CARTESIAN_POINT('Ctrl Pts',(-66.0351791378114,-228.950551072508,1000.99445512629));
#1063=CARTESIAN_POINT('Ctrl Pts',(-71.9879836724971,-318.242619092795,997.658017021133));
#1064=CARTESIAN_POINT('Ctrl Pts',(-79.6845923357961,-433.691749042278,983.488011216241));
#1065=CARTESIAN_POINT('Ctrl Pts',(-89.2804387075171,-577.629444618094,952.403712481924));
#1066=CARTESIAN_POINT('Ctrl Pts',(-95.8893348969052,-676.762887458915,923.400278335556));
#1067=CARTESIAN_POINT('Ctrl Pts',(-99.2442235111851,-727.086216673114,906.925275049545));
#1068=CARTESIAN_POINT('Ctrl Pts',(-37.6352681679698,197.048113475119,906.925275049546));
#1069=CARTESIAN_POINT('Ctrl Pts',(-40.1273176803678,159.667370789148,924.205445530366));
#1070=CARTESIAN_POINT('Ctrl Pts',(-45.2245284271251,83.2092095877893,954.340736883979));
#1071=CARTESIAN_POINT('Ctrl Pts',(-53.2258178479114,-36.810131724008,985.637184273295));
#1072=CARTESIAN_POINT('Ctrl Pts',(-60.2233759173482,-141.77350276556,998.814773421195));
#1073=CARTESIAN_POINT('Ctrl Pts',(-66.0351791378114,-228.950551072508,1000.99445512629));
#1074=CARTESIAN_POINT('Ctrl Pts',(-71.9879836724971,-318.242619092795,997.658017021133));
#1075=CARTESIAN_POINT('Ctrl Pts',(-79.6845923357961,-433.691749042278,983.488011216241));
#1076=CARTESIAN_POINT('Ctrl Pts',(-89.2804387075171,-577.629444618094,952.403712481924));
#1077=CARTESIAN_POINT('Ctrl Pts',(-95.8893348969052,-676.762887458915,923.400278335556));
#1078=CARTESIAN_POINT('Ctrl Pts',(-99.2442235111851,-727.086216673114,906.925275049545));
#1079=CARTESIAN_POINT('Ctrl Pts',(-37.6352681679698,197.048113475119,906.925275049546));
#1080=CARTESIAN_POINT('Ctrl Pts',(-37.6354702918955,197.045081616233,906.920562252801));
#1081=CARTESIAN_POINT('Ctrl Pts',(-37.6356761057246,197.04205000295,906.915849447904));
#1082=CARTESIAN_POINT('Ctrl Pts',(-37.6358856082804,197.03901863719,906.91113663776));
#1083=CARTESIAN_POINT('Ctrl Pts',(-37.6469956154391,196.87826405756,906.661214367204));
#1084=CARTESIAN_POINT('Ctrl Pts',(-37.6684572117034,196.718459876661,906.411674018617));
#1085=CARTESIAN_POINT('Ctrl Pts',(-37.7000235550635,196.559880050669,906.162965708148));
#1086=CARTESIAN_POINT('Ctrl Pts',(-37.7319578621781,196.399451685316,905.911358245164));
#1087=CARTESIAN_POINT('Ctrl Pts',(-37.7742339289906,196.240276145442,905.660601802487));
#1088=CARTESIAN_POINT('Ctrl Pts',(-37.8266493151293,196.082637987149,905.411158000757));
#1089=CARTESIAN_POINT('Ctrl Pts',(-37.879386439634,195.924032207567,905.160183052409));
#1090=CARTESIAN_POINT('Ctrl Pts',(-37.9423878450417,195.766982489698,904.910536350301));
#1091=CARTESIAN_POINT('Ctrl Pts',(-38.0154994960771,195.611783294321,904.662691857797));
#1092=CARTESIAN_POINT('Ctrl Pts',(-38.0883650753082,195.457106452708,904.415681535231));
#1093=CARTESIAN_POINT('Ctrl Pts',(-38.1712731328187,195.304267455343,904.170460763347));
#1094=CARTESIAN_POINT('Ctrl Pts',(-38.2641206179637,195.153566079357,903.927510776001));
#1095=CARTESIAN_POINT('Ctrl Pts',(-38.3556677277592,195.004975351323,903.687963424433));
#1096=CARTESIAN_POINT('Ctrl Pts',(-38.4568780379162,194.858462576691,903.450623210581));
#1097=CARTESIAN_POINT('Ctrl Pts',(-38.5676977361203,194.714326503185,903.215970764842));
#1098=CARTESIAN_POINT('Ctrl Pts',(-38.6369352610417,194.624273695398,903.069365469727));
#1099=CARTESIAN_POINT('Ctrl Pts',(-38.7099246449149,194.535148859049,902.92380974179));
#1100=CARTESIAN_POINT('Ctrl Pts',(-38.7866612820412,194.447027714063,902.779425987963));
#1101=CARTESIAN_POINT('Ctrl Pts',(-38.8823019420518,194.337197979754,902.599473386077));
#1102=CARTESIAN_POINT('Ctrl Pts',(-38.9835222829185,194.229204783665,902.421793693136));
#1103=CARTESIAN_POINT('Ctrl Pts',(-39.0902429693736,194.123173304951,902.246597396557));
#1104=CARTESIAN_POINT('Ctrl Pts',(-39.2277202465497,193.986583863178,902.020910038042));
#1105=CARTESIAN_POINT('Ctrl Pts',(-39.3743234651761,193.853249270419,901.799342846626));
#1106=CARTESIAN_POINT('Ctrl Pts',(-39.5296329112051,193.723350005505,901.582193561073));
#1107=CARTESIAN_POINT('Ctrl Pts',(-39.6866799525561,193.591997433269,901.362614818765));
#1108=CARTESIAN_POINT('Ctrl Pts',(-39.8526294373333,193.464157300246,901.147552941059));
#1109=CARTESIAN_POINT('Ctrl Pts',(-40.0270941884133,193.340029142095,900.937337562949));
#1110=CARTESIAN_POINT('Ctrl Pts',(-40.2015588884176,193.215901020284,900.72712224638));
#1111=CARTESIAN_POINT('Ctrl Pts',(-40.3845392500209,193.095484702048,900.521753005912));
#1112=CARTESIAN_POINT('Ctrl Pts',(-40.5756890892348,192.978995230657,900.32158763591));
#1113=CARTESIAN_POINT('Ctrl Pts',(-40.7650085196595,192.863621236806,900.123339005435));
#1114=CARTESIAN_POINT('Ctrl Pts',(-40.962342154692,192.752099104899,899.930194699007));
#1115=CARTESIAN_POINT('Ctrl Pts',(-41.1673875518508,192.644655230953,899.742535700806));
#1116=CARTESIAN_POINT('Ctrl Pts',(-41.3354662538699,192.556581920734,899.588708883542));
#1117=CARTESIAN_POINT('Ctrl Pts',(-41.5087274464697,192.47124919941,899.438568326178));
#1118=CARTESIAN_POINT('Ctrl Pts',(-41.687018775884,192.388791676001,899.29234346958));
#1119=CARTESIAN_POINT('Ctrl Pts',(-41.9058671788423,192.287577010267,899.112855905915));
#1120=CARTESIAN_POINT('Ctrl Pts',(-42.1315402044276,192.191044354847,898.939884034059));
#1121=CARTESIAN_POINT('Ctrl Pts',(-42.3636418430823,192.09936668652,898.77375250185));
#1122=CARTESIAN_POINT('Ctrl Pts',(-42.4961721854451,192.047018616765,898.678891177438));
#1123=CARTESIAN_POINT('Ctrl Pts',(-42.630799307296,191.996253758644,898.586260585682));
#1124=CARTESIAN_POINT('Ctrl Pts',(-42.7674551736023,191.947106753393,898.495925606013));
#1125=CARTESIAN_POINT('Ctrl Pts',(-43.0062190770753,191.861237546787,898.338093140063));
#1126=CARTESIAN_POINT('Ctrl Pts',(-43.251174397298,191.780306000567,898.187266265995));
#1127=CARTESIAN_POINT('Ctrl Pts',(-43.5018040183626,191.704450370739,898.043712361925));
#1128=CARTESIAN_POINT('Ctrl Pts',(-43.7516445591337,191.628833564169,897.900610421818));
#1129=CARTESIAN_POINT('Ctrl Pts',(-44.0071242829166,191.558260657637,897.764735424791));
#1130=CARTESIAN_POINT('Ctrl Pts',(-44.2677575953754,191.49288865974,897.636391539789));
#1131=CARTESIAN_POINT('Ctrl Pts',(-44.5242990966025,191.428542969159,897.510062588891));
#1132=CARTESIAN_POINT('Ctrl Pts',(-44.7858341940446,191.369236107281,897.39102993407));
#1133=CARTESIAN_POINT('Ctrl Pts',(-45.0519173811993,191.315138404534,897.279625392724));
#1134=CARTESIAN_POINT('Ctrl Pts',(-45.3178697954555,191.261067289387,897.168275603784));
#1135=CARTESIAN_POINT('Ctrl Pts',(-45.5883663282755,191.212200100105,897.064546118445));
#1136=CARTESIAN_POINT('Ctrl Pts',(-45.8629720591503,191.168729024532,896.968814308789));
#1137=CARTESIAN_POINT('Ctrl Pts',(-45.9443798922372,191.155841871547,896.940434277692));
#1138=CARTESIAN_POINT('Ctrl Pts',(-46.0260639913878,191.143442688275,896.912786982276));
#1139=CARTESIAN_POINT('Ctrl Pts',(-46.1080112510742,191.13153382877,896.885878530918));
#1140=CARTESIAN_POINT('Ctrl Pts',(-46.3847517999885,191.091316934039,896.795007162822));
#1141=CARTESIAN_POINT('Ctrl Pts',(-46.6644917197422,191.056690294583,896.712558723037));
#1142=CARTESIAN_POINT('Ctrl Pts',(-46.9466868023416,191.027600142363,896.638459583469));
#1143=CARTESIAN_POINT('Ctrl Pts',(-47.2324903025124,190.998138015495,896.563412941079));
#1144=CARTESIAN_POINT('Ctrl Pts',(-47.5208126936411,190.974354852227,896.496930371922));
#1145=CARTESIAN_POINT('Ctrl Pts',(-47.8111090751325,190.95621693264,896.438979367513));
#1146=CARTESIAN_POINT('Ctrl Pts',(-48.1040562947972,190.937913386841,896.380499184153));
#1147=CARTESIAN_POINT('Ctrl Pts',(-48.39901430803,190.925358644747,896.330706984795));
#1148=CARTESIAN_POINT('Ctrl Pts',(-48.6954352784639,190.918540649079,896.289615499186));
#1149=CARTESIAN_POINT('Ctrl Pts',(-48.9915889479091,190.911728801616,896.248561068293));
#1150=CARTESIAN_POINT('Ctrl Pts',(-49.2892035493053,190.910643381978,896.216191629018));
#1151=CARTESIAN_POINT('Ctrl Pts',(-49.587735725186,190.915294659624,896.192566667777));
#1152=CARTESIAN_POINT('Ctrl Pts',(-49.8835419384628,190.919903465438,896.169157431225));
#1153=CARTESIAN_POINT('Ctrl Pts',(-50.1802496323419,190.930144728031,896.154333724538));
#1154=CARTESIAN_POINT('Ctrl Pts',(-50.4773242221395,190.946049767305,896.148199424737));
#1155=CARTESIAN_POINT('Ctrl Pts',(-50.5414763333345,190.949484399155,896.146874746369));
#1156=CARTESIAN_POINT('Ctrl Pts',(-50.605645512891,190.953183226634,896.145955450202));
#1157=CARTESIAN_POINT('Ctrl Pts',(-50.669826299414,190.95714669422,896.145442866538));
#1158=CARTESIAN_POINT('Ctrl Pts',(-50.9692537645206,190.975637758546,896.1430514713));
#1159=CARTESIAN_POINT('Ctrl Pts',(-51.2678409577669,190.999819706945,896.149517496206));
#1160=CARTESIAN_POINT('Ctrl Pts',(-51.5650442215393,191.029624452751,896.164811310893));
#1161=CARTESIAN_POINT('Ctrl Pts',(-51.862938147315,191.059498460937,896.18014066643));
#1162=CARTESIAN_POINT('Ctrl Pts',(-52.1594423174364,191.095021454497,896.204338851501));
#1163=CARTESIAN_POINT('Ctrl Pts',(-52.4540151423426,191.136147422297,896.237422904384));
#1164=CARTESIAN_POINT('Ctrl Pts',(-52.7471224520418,191.177068786258,896.270342362374));
#1165=CARTESIAN_POINT('Ctrl Pts',(-53.038318185184,191.223537558574,896.312059503499));
#1166=CARTESIAN_POINT('Ctrl Pts',(-53.327065523053,191.275530149082,896.362637581408));
#1167=CARTESIAN_POINT('Ctrl Pts',(-53.4107791871823,191.290603847393,896.37730118405));
#1168=CARTESIAN_POINT('Ctrl Pts',(-53.4942870018902,191.306141980646,896.392709879977));
#1169=CARTESIAN_POINT('Ctrl Pts',(-53.5775757232041,191.322144310012,896.408865944901));
#1170=CARTESIAN_POINT('Ctrl Pts',(-53.8643754801068,191.37724737919,896.464498393325));
#1171=CARTESIAN_POINT('Ctrl Pts',(-54.1485788071781,191.437853046657,896.528989214032));
#1172=CARTESIAN_POINT('Ctrl Pts',(-54.429644508515,191.503827042975,896.602160230335));
#1173=CARTESIAN_POINT('Ctrl Pts',(-54.7093709324946,191.569486673367,896.674982586931));
#1174=CARTESIAN_POINT('Ctrl Pts',(-54.9859901248178,191.640463739252,896.756402843905));
#1175=CARTESIAN_POINT('Ctrl Pts',(-55.2589454555743,191.716644230653,896.846287491023));
#1176=CARTESIAN_POINT('Ctrl Pts',(-55.3096426572568,191.730793570496,896.862982164362));
#1177=CARTESIAN_POINT('Ctrl Pts',(-55.3602133875204,191.745122462026,896.879968948064));
#1178=CARTESIAN_POINT('Ctrl Pts',(-55.4106539671032,191.759630238738,896.897247138031));
#1179=CARTESIAN_POINT('Ctrl Pts',(-55.6940331227355,191.841136072904,896.994317372437));
#1180=CARTESIAN_POINT('Ctrl Pts',(-55.9722568496964,191.927982725977,897.100222293239));
#1181=CARTESIAN_POINT('Ctrl Pts',(-56.2447665323309,192.019943801231,897.214669335655));
#1182=CARTESIAN_POINT('Ctrl Pts',(-56.5172762149654,192.111904876486,897.329116378072));
#1183=CARTESIAN_POINT('Ctrl Pts',(-56.784072550594,192.208980551899,897.45210582161));
#1184=CARTESIAN_POINT('Ctrl Pts',(-57.0445823210061,192.310968921941,897.583399594596));
#1185=CARTESIAN_POINT('Ctrl Pts',(-57.2955519002715,192.40922235128,897.709885226648));
#1186=CARTESIAN_POINT('Ctrl Pts',(-57.5406874623215,192.51203549573,897.844078538366));
#1187=CARTESIAN_POINT('Ctrl Pts',(-57.7796631211173,192.619158368974,897.985588191685));
#1188=CARTESIAN_POINT('Ctrl Pts',(-58.0200655808882,192.726920817899,898.127942726498));
#1189=CARTESIAN_POINT('Ctrl Pts',(-58.2542348085094,192.839044811258,898.277701591047));
#1190=CARTESIAN_POINT('Ctrl Pts',(-58.4818089640611,192.955292541777,898.434506599081));
#1191=CARTESIAN_POINT('Ctrl Pts',(-58.7093747370227,193.071535990365,898.591305831274));
#1192=CARTESIAN_POINT('Ctrl Pts',(-58.9303463511356,193.191903087549,898.755151087603));
#1193=CARTESIAN_POINT('Ctrl Pts',(-59.1443254980215,193.316169541957,898.925718508813));
#1194=CARTESIAN_POINT('Ctrl Pts',(-59.2338186919808,193.368141905006,898.997055475671));
#1195=CARTESIAN_POINT('Ctrl Pts',(-59.32208829409,193.420796483556,899.06956865506));
#1196=CARTESIAN_POINT('Ctrl Pts',(-59.4091029942057,193.474117431073,899.143235877513));
#1197=CARTESIAN_POINT('Ctrl Pts',(-59.6158372317599,193.600800226233,899.318258454689));
#1198=CARTESIAN_POINT('Ctrl Pts',(-59.8147863447741,193.730810014923,899.499197675795));
#1199=CARTESIAN_POINT('Ctrl Pts',(-60.0056574279676,193.863872794002,899.68565332495));
#1200=CARTESIAN_POINT('Ctrl Pts',(-60.2021112882553,194.000827518485,899.877562604429));
#1201=CARTESIAN_POINT('Ctrl Pts',(-60.3900082482849,194.141016595079,900.075315978169));
#1202=CARTESIAN_POINT('Ctrl Pts',(-60.5689958133178,194.28415855057,900.278519683032));
#1203=CARTESIAN_POINT('Ctrl Pts',(-60.7445925530333,194.424588756971,900.47787380054));
#1204=CARTESIAN_POINT('Ctrl Pts',(-60.9116145705348,194.567861289541,900.682474234266));
#1205=CARTESIAN_POINT('Ctrl Pts',(-61.0696913536594,194.713723371451,900.891983208424));
#1206=CARTESIAN_POINT('Ctrl Pts',(-61.2323469013939,194.863810413696,901.107560703571));
#1207=CARTESIAN_POINT('Ctrl Pts',(-61.3855321933973,195.0166393835,901.328335520577));
#1208=CARTESIAN_POINT('Ctrl Pts',(-61.5287953596941,195.171945446494,901.553970022414));
#1209=CARTESIAN_POINT('Ctrl Pts',(-61.6720585259908,195.327251509488,901.779604524252));
#1210=CARTESIAN_POINT('Ctrl Pts',(-61.8054000618387,195.485034914682,902.010099174721));
#1211=CARTESIAN_POINT('Ctrl Pts',(-61.9283119180646,195.645037815225,902.245140186264));
#1212=CARTESIAN_POINT('Ctrl Pts',(-61.9816806071501,195.714511544725,902.347195684021));
#1213=CARTESIAN_POINT('Ctrl Pts',(-62.0330821825591,195.784403790794,902.450108589793));
#1214=CARTESIAN_POINT('Ctrl Pts',(-62.0825101038607,195.854688412307,902.553837285487));
#1215=CARTESIAN_POINT('Ctrl Pts',(-62.1916310897446,196.009854298106,902.782836952893));
#1216=CARTESIAN_POINT('Ctrl Pts',(-62.2908636173483,196.166544598286,903.01523954569));
#1217=CARTESIAN_POINT('Ctrl Pts',(-62.380249099324,196.324457372678,903.250556677467));
#1218=CARTESIAN_POINT('Ctrl Pts',(-62.4708465680144,196.484511302216,903.489064497833));
#1219=CARTESIAN_POINT('Ctrl Pts',(-62.551328308714,196.64582132999,903.73056693869));
#1220=CARTESIAN_POINT('Ctrl Pts',(-62.6216880962689,196.80807886286,903.974576232048));
#1221=CARTESIAN_POINT('Ctrl Pts',(-62.6892377382474,196.963855885995,904.208839878636));
#1222=CARTESIAN_POINT('Ctrl Pts',(-62.7474575664675,197.12050648099,904.445414694023));
#1223=CARTESIAN_POINT('Ctrl Pts',(-62.7962982450318,197.277759236099,904.683879955874));
#1224=CARTESIAN_POINT('Ctrl Pts',(-62.8472396865547,197.441775835871,904.932602220775));
#1225=CARTESIAN_POINT('Ctrl Pts',(-62.8878911342433,197.606167115704,905.182956068417));
#1226=CARTESIAN_POINT('Ctrl Pts',(-62.9182514143069,197.770621943963,905.434454801828));
#1227=CARTESIAN_POINT('Ctrl Pts',(-62.948642148442,197.935241735098,905.686205810924));
#1228=CARTESIAN_POINT('Ctrl Pts',(-62.9687211228141,198.099925468073,905.939104568974));
#1229=CARTESIAN_POINT('Ctrl Pts',(-62.9784360783945,198.264361645336,906.192672775136));
#1230=CARTESIAN_POINT('Ctrl Pts',(-62.9875973722455,198.419426496347,906.431789961901));
#1231=CARTESIAN_POINT('Ctrl Pts',(-62.9875419173988,198.574271394118,906.671502940683));
#1232=CARTESIAN_POINT('Ctrl Pts',(-62.9781835225346,198.728632389098,906.911411848901));
#1233=CARTESIAN_POINT('Ctrl Pts',(-62.9779995183418,198.731667425628,906.916128923318));
#1234=CARTESIAN_POINT('Ctrl Pts',(-62.9778119192756,198.734702226988,906.920845998835));
#1235=CARTESIAN_POINT('Ctrl Pts',(-62.9776207248593,198.737736791187,906.925563072268));
#1236=CARTESIAN_POINT('Origin',(-2.8421709430404E-13,952.499999999998,252.67966082204));
#1237=CARTESIAN_POINT('',(12.6718715047787,951.655208566346,252.679660822039));
#1238=CARTESIAN_POINT('',(12.6718715047787,951.655208566346,252.67966082204));
#1239=CARTESIAN_POINT('Origin',(-2.8421709430404E-13,952.499999999998,252.67966082204));
#1240=CARTESIAN_POINT('Ctrl Pts',(12.6718715047789,951.655208566348,2.22930818199957E-14));
#1241=CARTESIAN_POINT('Ctrl Pts',(13.8976289812708,970.041570713726,8.6424479697852));
#1242=CARTESIAN_POINT('Ctrl Pts',(15.2344893992901,990.094476984016,19.9857242932173));
#1243=CARTESIAN_POINT('Ctrl Pts',(16.5314507329155,1009.5488969884,34.4474354863128));
#1244=CARTESIAN_POINT('Ctrl Pts',(17.1165688809641,1018.32566920913,41.8535244980779));
#1245=CARTESIAN_POINT('Ctrl Pts',(17.5502251712234,1024.83051356302,48.174446122461));
#1246=CARTESIAN_POINT('Ctrl Pts',(17.8246603460398,1028.94704118526,52.6796363215245));
#1247=CARTESIAN_POINT('Ctrl Pts',(17.9730568319272,1031.17298847357,55.2773268064329));
#1248=CARTESIAN_POINT('Ctrl Pts',(18.3299198805095,1036.52593420231,61.8106254364536));
#1249=CARTESIAN_POINT('Ctrl Pts',(18.827633431264,1043.99163746362,73.2185518899392));
#1250=CARTESIAN_POINT('Ctrl Pts',(19.2900059929116,1050.92722588834,91.9937700199781));
#1251=CARTESIAN_POINT('Ctrl Pts',(19.3607002610335,1051.98763991017,109.846807347975));
#1252=CARTESIAN_POINT('Ctrl Pts',(19.1997814766301,1049.57385814412,123.326901211311));
#1253=CARTESIAN_POINT('Ctrl Pts',(19.0861416420022,1047.8692606247,129.6573624113));
#1254=CARTESIAN_POINT('Ctrl Pts',(18.999920415375,1046.57594222529,133.906601426516));
#1255=CARTESIAN_POINT('Ctrl Pts',(18.8218763727879,1043.90528158648,141.417873971781));
#1256=CARTESIAN_POINT('Ctrl Pts',(18.5904891335841,1040.43447299843,149.076670805909));
#1257=CARTESIAN_POINT('Ctrl Pts',(18.3555865281156,1036.9109339164,155.742492561104));
#1258=CARTESIAN_POINT('Ctrl Pts',(18.1893423035409,1034.41727054778,160.213040695639));
#1259=CARTESIAN_POINT('Ctrl Pts',(17.7830576291659,1028.32300043215,170.360922581416));
#1260=CARTESIAN_POINT('Ctrl Pts',(17.0205673219164,1016.88564582341,186.507401043123));
#1261=CARTESIAN_POINT('Ctrl Pts',(15.3980075765508,992.54724964293,215.059431515032));
#1262=CARTESIAN_POINT('Ctrl Pts',(13.8469695408757,969.281679107802,237.397481365904));
#1263=CARTESIAN_POINT('Ctrl Pts',(12.6718715047787,951.655208566346,252.679660822039));
#1264=CARTESIAN_POINT('Ctrl Pts',(12.725535645335,952.460170674689,-1.72012653270995));
#1265=CARTESIAN_POINT('Ctrl Pts',(13.9565370954481,970.925192426385,6.959295120732));
#1266=CARTESIAN_POINT('Ctrl Pts',(15.3010299925193,991.092585882454,18.3629216430541));
#1267=CARTESIAN_POINT('Ctrl Pts',(16.6096733986328,1010.72223697416,32.9538482018117));
#1268=CARTESIAN_POINT('Ctrl Pts',(17.2011416922818,1019.59426137889,40.4399147195217));
#1269=CARTESIAN_POINT('Ctrl Pts',(17.6404843625406,1026.18440143277,46.8431329329347));
#1270=CARTESIAN_POINT('Ctrl Pts',(17.9190464606173,1030.36283290392,51.4159601611206));
#1271=CARTESIAN_POINT('Ctrl Pts',(18.0698286506163,1032.62456575391,54.0553869646501));
#1272=CARTESIAN_POINT('Ctrl Pts',(18.4326871032556,1038.0674425435,60.6984619428675));
#1273=CARTESIAN_POINT('Ctrl Pts',(18.9407690977573,1045.68867246102,72.3360068742566));
#1274=CARTESIAN_POINT('Ctrl Pts',(19.4157418409277,1052.81326360858,91.6040793534815));
#1275=CARTESIAN_POINT('Ctrl Pts',(19.4881311590917,1053.89910338104,109.956369387903));
#1276=CARTESIAN_POINT('Ctrl Pts',(19.3234141893528,1051.42834883496,123.730853532708));
#1277=CARTESIAN_POINT('Ctrl Pts',(19.2076060094209,1049.69122613598,130.182734637599));
#1278=CARTESIAN_POINT('Ctrl Pts',(19.1198187911259,1048.37441786155,134.508876046047));
#1279=CARTESIAN_POINT('Ctrl Pts',(18.938812653017,1045.65932578992,142.144470465052));
#1280=CARTESIAN_POINT('Ctrl Pts',(18.7042146828428,1042.14035623731,149.907732648006));
#1281=CARTESIAN_POINT('Ctrl Pts',(18.466577461148,1038.57579791189,156.651117899093));
#1282=CARTESIAN_POINT('Ctrl Pts',(18.2985201183035,1036.05493776922,161.170389209149));
#1283=CARTESIAN_POINT('Ctrl Pts',(17.8882128789523,1029.90032917895,171.418347617682));
#1284=CARTESIAN_POINT('Ctrl Pts',(17.1198881086702,1018.37545762472,187.686032623912));
#1285=CARTESIAN_POINT('Ctrl Pts',(15.4887493411282,993.90837611159,216.386876060249));
#1286=CARTESIAN_POINT('Ctrl Pts',(13.9326587654013,970.567017475687,238.795269116642));
#1287=CARTESIAN_POINT('Ctrl Pts',(12.7545553945522,952.895466912949,254.116533026668));
#1288=CARTESIAN_POINT('Ctrl Pts',(11.9677942401945,954.127328124578,-5.15944760721004));
#1289=CARTESIAN_POINT('Ctrl Pts',(13.2092962812294,972.749858740101,3.59401056033372));
#1290=CARTESIAN_POINT('Ctrl Pts',(14.5689814248018,993.145135893688,15.1169609600182));
#1291=CARTESIAN_POINT('Ctrl Pts',(15.9010108938656,1013.12557792965,29.9664976702721));
#1292=CARTESIAN_POINT('Ctrl Pts',(16.5051892739116,1022.18825363033,37.6125955221631));
#1293=CARTESIAN_POINT('Ctrl Pts',(16.9559087408574,1028.94904563452,44.1803641947563));
#1294=CARTESIAN_POINT('Ctrl Pts',(17.2427321757746,1033.25139715828,48.8885541742182));
#1295=CARTESIAN_POINT('Ctrl Pts',(17.3982909879906,1035.58477934152,51.6115405697716));
#1296=CARTESIAN_POINT('Ctrl Pts',(17.7731517620456,1041.20769095235,58.4743091537061));
#1297=CARTESIAN_POINT('Ctrl Pts',(18.3019649093078,1049.13988816128,70.5704536430932));
#1298=CARTESIAN_POINT('Ctrl Pts',(18.8021599465931,1056.64281372056,90.8245969303033));
#1299=CARTESIAN_POINT('Ctrl Pts',(18.8779296960311,1057.77935996213,110.17544633465));
#1300=CARTESIAN_POINT('Ctrl Pts',(18.7056085720609,1055.19454310257,124.53859189962));
#1301=CARTESIAN_POINT('Ctrl Pts',(18.5854584107089,1053.39229068229,131.233500806657));
#1302=CARTESIAN_POINT('Ctrl Pts',(18.494535744625,1052.02845069104,135.713588721363));
#1303=CARTESIAN_POINT('Ctrl Pts',(18.3075998904246,1049.22441287803,143.597920433696));
#1304=CARTESIAN_POINT('Ctrl Pts',(18.0665767636733,1045.60906597676,151.570013984616));
#1305=CARTESIAN_POINT('Ctrl Pts',(17.823464386466,1041.96238031865,158.468676818577));
#1306=CARTESIAN_POINT('Ctrl Pts',(17.65177677332,1039.38706612146,163.085490450549));
#1307=CARTESIAN_POINT('Ctrl Pts',(17.2334191568539,1033.11170187447,173.533646147173));
#1308=CARTESIAN_POINT('Ctrl Pts',(16.4534230507514,1021.41176028293,190.043605710334));
#1309=CARTESIAN_POINT('Ctrl Pts',(14.8051148295993,996.687136965653,219.042143112997));
#1310=CARTESIAN_POINT('Ctrl Pts',(13.2389590509802,973.194800286366,241.589971862696));
#1311=CARTESIAN_POINT('Ctrl Pts',(12.0548377645015,955.432980989185,256.989498916543));
#1312=CARTESIAN_POINT('Ctrl Pts',(8.46256685805481,956.304832942511,-9.29483073183678));
#1313=CARTESIAN_POINT('Ctrl Pts',(9.716678954853,975.116514394483,-0.452462846897377));
#1314=CARTESIAN_POINT('Ctrl Pts',(11.0947004554486,995.786836903418,11.2153215574589));
#1315=CARTESIAN_POINT('Ctrl Pts',(12.4548203349398,1016.18863509579,26.3755542551922));
#1316=CARTESIAN_POINT('Ctrl Pts',(13.0742677095751,1025.48034571532,34.2139499735193));
#1317=CARTESIAN_POINT('Ctrl Pts',(13.5386592415435,1032.44621869484,40.9795695188625));
#1318=CARTESIAN_POINT('Ctrl Pts',(13.8354061218586,1036.89742189957,45.8503905093012));
#1319=CARTESIAN_POINT('Ctrl Pts',(13.9967016766411,1039.31685522131,48.6737366211945));
#1320=CARTESIAN_POINT('Ctrl Pts',(14.385978894972,1045.15601349627,55.8004582454662));
#1321=CARTESIAN_POINT('Ctrl Pts',(14.9397189579775,1053.46211444135,68.4485348250921));
#1322=CARTESIAN_POINT('Ctrl Pts',(15.4702117428158,1061.41950621393,89.8876762847258));
#1323=CARTESIAN_POINT('Ctrl Pts',(15.550054929097,1062.61715400814,110.438848469215));
#1324=CARTESIAN_POINT('Ctrl Pts',(15.368600661887,1059.89534,125.509749972983));
#1325=CARTESIAN_POINT('Ctrl Pts',(15.2432363214467,1058.01487489339,132.496614502933));
#1326=CARTESIAN_POINT('Ctrl Pts',(15.1485480123405,1056.5945502568,137.161619443993));
#1327=CARTESIAN_POINT('Ctrl Pts',(14.9544895857443,1053.68367385785,145.344865834544));
#1328=CARTESIAN_POINT('Ctrl Pts',(14.7057464598084,1049.95252696882,153.568098062478));
#1329=CARTESIAN_POINT('Ctrl Pts',(14.4560583446327,1046.20720524118,160.653269040404));
#1330=CARTESIAN_POINT('Ctrl Pts',(14.2800108341703,1043.56649258425,165.387242028577));
#1331=CARTESIAN_POINT('Ctrl Pts',(13.8519810978247,1037.14604653906,176.076011933992));
#1332=CARTESIAN_POINT('Ctrl Pts',(13.0579572112899,1025.23568824104,192.877352230378));
#1333=CARTESIAN_POINT('Ctrl Pts',(11.3890209833504,1000.20164482195,222.23368140472));
#1334=CARTESIAN_POINT('Ctrl Pts',(9.81072535756591,976.52721043518,244.950393387827));
#1335=CARTESIAN_POINT('Ctrl Pts',(8.61937721573853,958.656988307769,260.443905876888));
#1336=CARTESIAN_POINT('Ctrl Pts',(3.27717305765773,957.731102503953,-11.5937017839425));
#1337=CARTESIAN_POINT('Ctrl Pts',(4.53830830506415,976.648131215049,-2.70181577255506));
#1338=CARTESIAN_POINT('Ctrl Pts',(5.92646464569489,997.470476324512,9.04533800574226));
#1339=CARTESIAN_POINT('Ctrl Pts',(7.30222411549896,1018.10686837157,24.3784998611564));
#1340=CARTESIAN_POINT('Ctrl Pts',(7.93017083714845,1027.52606919632,32.3238963872475));
#1341=CARTESIAN_POINT('Ctrl Pts',(8.40216876895813,1034.60603817346,39.1995033793157));
#1342=CARTESIAN_POINT('Ctrl Pts',(8.70444040225859,1039.14011267297,44.1608381298384));
#1343=CARTESIAN_POINT('Ctrl Pts',(8.8689305686156,1041.60746516832,47.0400677854093));
#1344=CARTESIAN_POINT('Ctrl Pts',(9.26623449814934,1047.56702411133,54.3136922722941));
#1345=CARTESIAN_POINT('Ctrl Pts',(9.83383140379229,1056.08097769597,67.2681526407514));
#1346=CARTESIAN_POINT('Ctrl Pts',(10.3811912785508,1064.29137581735,89.3665736137363));
#1347=CARTESIAN_POINT('Ctrl Pts',(10.4632914488648,1065.52287837206,110.585284866114));
#1348=CARTESIAN_POINT('Ctrl Pts',(10.2767516618226,1062.72478156643,126.049664245247));
#1349=CARTESIAN_POINT('Ctrl Pts',(10.1484832391762,1060.80075522673,133.199043814461));
#1350=CARTESIAN_POINT('Ctrl Pts',(10.0516979261453,1059.34897553127,137.967000800422));
#1351=CARTESIAN_POINT('Ctrl Pts',(9.85367397051417,1056.3786161968,146.316551706873));
#1352=CARTESIAN_POINT('Ctrl Pts',(9.60063464819372,1052.58302636199,154.679356244954));
#1353=CARTESIAN_POINT('Ctrl Pts',(9.34728475681534,1048.78277799132,161.868371633361));
#1354=CARTESIAN_POINT('Ctrl Pts',(9.1688092960288,1046.10564607952,166.667578032563));
#1355=CARTESIAN_POINT('Ctrl Pts',(8.73539647743495,1039.60445380061,177.490189892746));
#1356=CARTESIAN_POINT('Ctrl Pts',(7.9335697648707,1027.57705311215,194.453447513941));
#1357=CARTESIAN_POINT('Ctrl Pts',(6.25315269738073,1002.3707970998,224.00880072402));
#1358=CARTESIAN_POINT('Ctrl Pts',(4.66814012074329,978.595608450239,246.818362844997));
#1359=CARTESIAN_POINT('Ctrl Pts',(3.47276699326239,960.665011538026,262.364220373515));
#1360=CARTESIAN_POINT('Ctrl Pts',(-1.90198510178119,958.074504790349,-11.5897129793726));
#1361=CARTESIAN_POINT('Ctrl Pts',(-0.640875774855693,976.991144694231,-2.69800972551431));
#1362=CARTESIAN_POINT('Ctrl Pts',(0.747323804948143,997.81413839129,9.05019825255157));
#1363=CARTESIAN_POINT('Ctrl Pts',(2.12303108389907,1018.44974757555,24.3828388209818));
#1364=CARTESIAN_POINT('Ctrl Pts',(2.75095131859481,1027.86855109599,32.3279435590517));
#1365=CARTESIAN_POINT('Ctrl Pts',(3.22292973936085,1034.94822740748,39.2033580510919));
#1366=CARTESIAN_POINT('Ctrl Pts',(3.52518315970889,1039.4820287127,44.1644245786087));
#1367=CARTESIAN_POINT('Ctrl Pts',(3.68966201195776,1041.94921149643,47.0434600873723));
#1368=CARTESIAN_POINT('Ctrl Pts',(4.08693892120348,1047.90836513512,54.3166519451862));
#1369=CARTESIAN_POINT('Ctrl Pts',(4.65451188736898,1056.4219596276,67.2710357010847));
#1370=CARTESIAN_POINT('Ctrl Pts',(5.20181698859323,1064.63153614597,89.3677547222415));
#1371=CARTESIAN_POINT('Ctrl Pts',(5.28392100403244,1065.86309637755,110.585019935321));
#1372=CARTESIAN_POINT('Ctrl Pts',(5.09739876993413,1063.06526286608,126.048680785488));
#1373=CARTESIAN_POINT('Ctrl Pts',(4.96914112097324,1061.14139813167,133.197553280493));
#1374=CARTESIAN_POINT('Ctrl Pts',(4.87236327187763,1059.68973039523,137.965168976402));
#1375=CARTESIAN_POINT('Ctrl Pts',(4.67435252087245,1056.71956913015,146.314288609035));
#1376=CARTESIAN_POINT('Ctrl Pts',(4.42132547290985,1052.92416341072,154.676888871827));
#1377=CARTESIAN_POINT('Ctrl Pts',(4.16798850281251,1049.12410885926,161.865553235644));
#1378=CARTESIAN_POINT('Ctrl Pts',(3.98952170390536,1046.44710687565,166.664537910385));
#1379=CARTESIAN_POINT('Ctrl Pts',(3.55612481270932,1039.94615350771,177.486830204528));
#1380=CARTESIAN_POINT('Ctrl Pts',(2.7543165801516,1027.91903001934,194.449871504938));
#1381=CARTESIAN_POINT('Ctrl Pts',(1.07393367557919,1002.71328645076,224.004747524335));
#1382=CARTESIAN_POINT('Ctrl Pts',(-0.511100187739484,978.937778500977,246.815224070281));
#1383=CARTESIAN_POINT('Ctrl Pts',(-1.70645846012619,961.007404415177,262.360888407926));
#1384=CARTESIAN_POINT('Ctrl Pts',(-7.32470972805401,957.541996692097,-9.68772501809706));
#1385=CARTESIAN_POINT('Ctrl Pts',(-6.06939246766965,976.371755597862,-0.836859886525839));
#1386=CARTESIAN_POINT('Ctrl Pts',(-4.68966034561576,997.067737428672,10.8440680504817));
#1387=CARTESIAN_POINT('Ctrl Pts',(-3.32685868737741,1017.50976230225,26.0339338334798));
#1388=CARTESIAN_POINT('Ctrl Pts',(-2.70595456123625,1026.82332419436,33.8906543034537));
#1389=CARTESIAN_POINT('Ctrl Pts',(-2.24026080716223,1033.80873050548,40.6750721139393));
#1390=CARTESIAN_POINT('Ctrl Pts',(-1.94256665595986,1038.27414277351,45.5614018781371));
#1391=CARTESIAN_POINT('Ctrl Pts',(-1.78072307830482,1040.70179643834,48.3943332559402));
#1392=CARTESIAN_POINT('Ctrl Pts',(-1.39006940709943,1046.56160150642,55.5462245016161));
#1393=CARTESIAN_POINT('Ctrl Pts',(-0.833961142534254,1054.9032254749,68.2465035448439));
#1394=CARTESIAN_POINT('Ctrl Pts',(-0.300576630014806,1062.90399316269,89.7985180498281));
#1395=CARTESIAN_POINT('Ctrl Pts',(-0.220350451504358,1064.10738584034,110.463879380446));
#1396=CARTESIAN_POINT('Ctrl Pts',(-0.40267695745666,1061.37248825106,125.60204185471));
#1397=CARTESIAN_POINT('Ctrl Pts',(-0.528539654285985,1059.48454779862,132.616760982309));
#1398=CARTESIAN_POINT('Ctrl Pts',(-0.623587709177604,1058.05882697524,137.299418690884));
#1399=CARTESIAN_POINT('Ctrl Pts',(-0.818326109637026,1055.13775096835,145.511138212989));
#1400=CARTESIAN_POINT('Ctrl Pts',(-1.0678051913626,1051.39556474247,153.75821099896));
#1401=CARTESIAN_POINT('Ctrl Pts',(-1.31812145290402,1047.64082081935,160.86119014981));
#1402=CARTESIAN_POINT('Ctrl Pts',(-1.49458549082577,1044.99386025052,165.606350379599));
#1403=CARTESIAN_POINT('Ctrl Pts',(-1.92353756451252,1038.55957914522,176.318025746794));
#1404=CARTESIAN_POINT('Ctrl Pts',(-2.71889675896996,1026.62919122836,193.147016085319));
#1405=CARTESIAN_POINT('Ctrl Pts',(-4.38980018243042,1001.56563987645,222.537406565455));
#1406=CARTESIAN_POINT('Ctrl Pts',(-5.96923214215751,977.874160480547,245.269607181301));
#1407=CARTESIAN_POINT('Ctrl Pts',(-7.16127096633175,959.993578117934,260.772102011619));
#1408=CARTESIAN_POINT('Ctrl Pts',(-11.0226305744559,956.138538173159,-6.177463710301));
#1409=CARTESIAN_POINT('Ctrl Pts',(-9.778033857816,974.807488922758,2.59781408585049));
#1410=CARTESIAN_POINT('Ctrl Pts',(-8.41379243801883,995.271110219717,14.1572489840548));
#1411=CARTESIAN_POINT('Ctrl Pts',(-7.07486534785421,1015.35501657219,29.0831162560903));
#1412=CARTESIAN_POINT('Ctrl Pts',(-6.46693634571255,1024.47395160431,36.7764785449097));
#1413=CARTESIAN_POINT('Ctrl Pts',(-6.01285559558499,1031.28516285622,43.3929514337849));
#1414=CARTESIAN_POINT('Ctrl Pts',(-5.72359529520955,1035.62406736186,48.1410991842832));
#1415=CARTESIAN_POINT('Ctrl Pts',(-5.56662827750888,1037.97857262737,50.8887236391119));
#1416=CARTESIAN_POINT('Ctrl Pts',(-5.18822769840733,1043.65458131389,57.8163462794054));
#1417=CARTESIAN_POINT('Ctrl Pts',(-4.65327816674641,1051.6788242888,70.04867806668));
#1418=CARTESIAN_POINT('Ctrl Pts',(-4.14564243894582,1059.29336020581,90.594146112269));
#1419=CARTESIAN_POINT('Ctrl Pts',(-4.06886451562213,1060.44502905567,110.240281044162));
#1420=CARTESIAN_POINT('Ctrl Pts',(-4.24342788353847,1057.82657853692,124.777631459839));
#1421=CARTESIAN_POINT('Ctrl Pts',(-4.36485763511136,1056.00513226333,131.54425488596));
#1422=CARTESIAN_POINT('Ctrl Pts',(-4.45670463245151,1054.62742730323,136.06975089822));
#1423=CARTESIAN_POINT('Ctrl Pts',(-4.64538945963324,1051.7971548955,144.027567645871));
#1424=CARTESIAN_POINT('Ctrl Pts',(-4.88830967703564,1048.15335163447,152.06151094555));
#1425=CARTESIAN_POINT('Ctrl Pts',(-5.13303624203898,1044.48245315942,159.005967862612));
#1426=CARTESIAN_POINT('Ctrl Pts',(-5.30579404075188,1041.89108617872,163.651547246436));
#1427=CARTESIAN_POINT('Ctrl Pts',(-5.72652807441428,1035.58007567379,174.158874611272));
#1428=CARTESIAN_POINT('Ctrl Pts',(-6.5099739866897,1023.82838698965,190.740609015844));
#1429=CARTESIAN_POINT('Ctrl Pts',(-8.16335032578165,999.027741903276,219.827132916579));
#1430=CARTESIAN_POINT('Ctrl Pts',(-9.73251754663426,975.490233590487,242.417285330502));
#1431=CARTESIAN_POINT('Ctrl Pts',(-10.9184123996514,957.70181079523,257.839877661699));
#1432=CARTESIAN_POINT('Ctrl Pts',(-13.0810165108789,953.66924666886,-0.632232779886145));
#1433=CARTESIAN_POINT('Ctrl Pts',(-11.8533340541794,972.084483519352,8.02378764742477));
#1434=CARTESIAN_POINT('Ctrl Pts',(-10.5136574977012,992.179631866527,19.3894577167583));
#1435=CARTESIAN_POINT('Ctrl Pts',(-9.21240687321374,1011.69839123384,33.8986226841517));
#1436=CARTESIAN_POINT('Ctrl Pts',(-8.624956816414,1020.51014208584,41.3340885623573));
#1437=CARTESIAN_POINT('Ctrl Pts',(-8.18921161926836,1027.04632004302,47.6852580159449));
#1438=CARTESIAN_POINT('Ctrl Pts',(-7.91326112772266,1031.18557741621,52.2152884403699));
#1439=CARTESIAN_POINT('Ctrl Pts',(-7.76398880248662,1033.42466229475,54.828301828751));
#1440=CARTESIAN_POINT('Ctrl Pts',(-7.40492447121191,1038.81062726387,61.4019171568819));
#1441=CARTESIAN_POINT('Ctrl Pts',(-6.9033999788618,1046.33349464912,72.8943208545733));
#1442=CARTESIAN_POINT('Ctrl Pts',(-6.43640075578107,1053.33848299533,91.8505884157103));
#1443=CARTESIAN_POINT('Ctrl Pts',(-6.36508209115689,1054.40826296469,109.887074963657));
#1444=CARTESIAN_POINT('Ctrl Pts',(-6.52739534644946,1051.9735641353,123.475365653479));
#1445=CARTESIAN_POINT('Ctrl Pts',(-6.64183113662261,1050.25702728271,129.85041471885));
#1446=CARTESIAN_POINT('Ctrl Pts',(-6.72862726326529,1048.95508538307,134.127890287161));
#1447=CARTESIAN_POINT('Ctrl Pts',(-6.90775889960623,1046.26811083795,141.684831970084));
#1448=CARTESIAN_POINT('Ctrl Pts',(-7.14032538610014,1042.77961354054,149.382031801247));
#1449=CARTESIAN_POINT('Ctrl Pts',(-7.37623193192116,1039.24101535323,156.076331641746));
#1450=CARTESIAN_POINT('Ctrl Pts',(-7.5431417769853,1036.73736767727,160.564768680337));
#1451=CARTESIAN_POINT('Ctrl Pts',(-7.95090377401966,1030.62093772175,170.749418172574));
#1452=CARTESIAN_POINT('Ctrl Pts',(-8.71553766012745,1019.15142943013,186.940457614475));
#1453=CARTESIAN_POINT('Ctrl Pts',(-10.3412480929909,994.765772937184,215.547160859267));
#1454=CARTESIAN_POINT('Ctrl Pts',(-11.8941490502536,971.472258578242,237.911256684516));
#1455=CARTESIAN_POINT('Ctrl Pts',(-13.0703502974522,953.829239870264,253.207783428719));
#1456=CARTESIAN_POINT('Ctrl Pts',(-12.2908980386149,950.828465990014,5.2993191249766));
#1457=CARTESIAN_POINT('Ctrl Pts',(-11.0813031973763,968.972388608592,13.8278092059374));
#1458=CARTESIAN_POINT('Ctrl Pts',(-9.76792507730232,988.673060409703,24.9857802213199));
#1459=CARTESIAN_POINT('Ctrl Pts',(-8.50696658690144,1007.58743776572,39.049293153532));
#1460=CARTESIAN_POINT('Ctrl Pts',(-7.94141790111149,1016.07066805257,46.2089344354783));
#1461=CARTESIAN_POINT('Ctrl Pts',(-7.52528333957768,1022.31268647557,52.2763180995189));
#1462=CARTESIAN_POINT('Ctrl Pts',(-7.26356676497114,1026.23843509467,56.5730761523202));
#1463=CARTESIAN_POINT('Ctrl Pts',(-7.12252309324235,1028.3540901706,59.0421359726901));
#1464=CARTESIAN_POINT('Ctrl Pts',(-6.78413733274741,1033.42987657803,65.2371461642561));
#1465=CARTESIAN_POINT('Ctrl Pts',(-6.31836654805902,1040.41643834835,75.937906901258));
#1466=CARTESIAN_POINT('Ctrl Pts',(-5.89482555055374,1046.76955331093,93.194462487793));
#1467=CARTESIAN_POINT('Ctrl Pts',(-5.82934930975354,1047.75169692293,109.509265947947));
#1468=CARTESIAN_POINT('Ctrl Pts',(-5.97856220771091,1045.51350345357,122.082391603656));
#1469=CARTESIAN_POINT('Ctrl Pts',(-6.08551888018546,1043.90915336646,128.03866858056));
#1470=CARTESIAN_POINT('Ctrl Pts',(-6.16691365250713,1042.68823178163,132.050904188484));
#1471=CARTESIAN_POINT('Ctrl Pts',(-6.33582886235562,1040.1545036339,139.17909504956));
#1472=CARTESIAN_POINT('Ctrl Pts',(-6.55732206175767,1036.83210564287,146.516077585084));
#1473=CARTESIAN_POINT('Ctrl Pts',(-6.78379651977011,1033.43498877269,152.942854968009));
#1474=CARTESIAN_POINT('Ctrl Pts',(-6.94445262470218,1031.02514719871,157.263241613134));
#1475=CARTESIAN_POINT('Ctrl Pts',(-7.33834126395857,1025.11681760986,167.102765039224));
#1476=CARTESIAN_POINT('Ctrl Pts',(-8.08285434583387,1013.94912138173,182.875867281825));
#1477=CARTESIAN_POINT('Ctrl Pts',(-9.67897666475637,990.007286597895,210.969370228326));
#1478=CARTESIAN_POINT('Ctrl Pts',(-11.2144661058754,966.974944981108,233.091268053141));
#1479=CARTESIAN_POINT('Ctrl Pts',(-12.3803012941928,949.487417156348,248.252983941391));
#1480=CARTESIAN_POINT('Ctrl Pts',(-7.92711132210203,948.474575426965,9.68818444259463));
#1481=CARTESIAN_POINT('Ctrl Pts',(-6.73090836790118,966.417619739978,18.1222523485653));
#1482=CARTESIAN_POINT('Ctrl Pts',(-5.43695119650425,985.826977310933,29.1272827773049));
#1483=CARTESIAN_POINT('Ctrl Pts',(-4.20582115449883,1004.29392794101,42.8609121832252));
#1484=CARTESIAN_POINT('Ctrl Pts',(-3.65648498605136,1012.53397046773,49.8163998559734));
#1485=CARTESIAN_POINT('Ctrl Pts',(-3.25486461608688,1018.55827601719,55.6738041186879));
#1486=CARTESIAN_POINT('Ctrl Pts',(-3.0036853352674,1022.32596522949,59.7978906134731));
#1487=CARTESIAN_POINT('Ctrl Pts',(-2.86873377895531,1024.35023857417,62.1603761985487));
#1488=CARTESIAN_POINT('Ctrl Pts',(-2.54565660325808,1029.19639620963,68.0751391073426));
#1489=CARTESIAN_POINT('Ctrl Pts',(-2.10634058591423,1035.78613646978,78.1904309366614));
#1490=CARTESIAN_POINT('Ctrl Pts',(-1.71497096770722,1041.65668074289,94.1889917384269));
#1491=CARTESIAN_POINT('Ctrl Pts',(-1.65381282745235,1042.57405284671,109.229711314335));
#1492=CARTESIAN_POINT('Ctrl Pts',(-1.79332711002904,1040.48133860806,121.051675304154));
#1493=CARTESIAN_POINT('Ctrl Pts',(-1.89474628508343,1038.96005098225,126.697955332204));
#1494=CARTESIAN_POINT('Ctrl Pts',(-1.97214212077366,1037.79911344689,130.51383401419));
#1495=CARTESIAN_POINT('Ctrl Pts',(-2.13349408192325,1035.37883402965,137.324695605272));
#1496=CARTESIAN_POINT('Ctrl Pts',(-2.34679095908031,1032.17938087229,144.395170202649));
#1497=CARTESIAN_POINT('Ctrl Pts',(-2.56628236387959,1028.8870098003,150.623896716617));
#1498=CARTESIAN_POINT('Ctrl Pts',(-2.72230844897537,1026.54661852387,154.819872390617));
#1499=CARTESIAN_POINT('Ctrl Pts',(-3.10592784488357,1020.79232758525,164.403976429343));
#1500=CARTESIAN_POINT('Ctrl Pts',(-3.83555010344579,1009.84799370681,179.867879294133));
#1501=CARTESIAN_POINT('Ctrl Pts',(-5.40977078790372,986.234683439943,207.581573973647));
#1502=CARTESIAN_POINT('Ctrl Pts',(-6.93239757118345,963.395281690747,229.524932563895));
#1503=CARTESIAN_POINT('Ctrl Pts',(-8.09055783464052,946.022877738891,244.586835861686));
#1504=CARTESIAN_POINT('Ctrl Pts',(-2.03895421738305,947.085854133472,11.8075006472306));
#1505=CARTESIAN_POINT('Ctrl Pts',(-0.849205889389065,964.932079053381,20.1960589216248));
#1506=CARTESIAN_POINT('Ctrl Pts',(0.435319562685045,984.199960834495,31.1261855581306));
#1507=CARTESIAN_POINT('Ctrl Pts',(1.65206799602505,1002.45118733459,44.7007143348306));
#1508=CARTESIAN_POINT('Ctrl Pts',(2.19358573962121,1010.57395348854,51.5577129318516));
#1509=CARTESIAN_POINT('Ctrl Pts',(2.58820299487717,1016.49321231738,57.313722803568));
#1510=CARTESIAN_POINT('Ctrl Pts',(2.83430158481825,1020.18469116649,61.3545268718604));
#1511=CARTESIAN_POINT('Ctrl Pts',(2.966316440746,1022.16491400541,63.6656350844036));
#1512=CARTESIAN_POINT('Ctrl Pts',(3.28201288037964,1026.90036059991,69.4452275891486));
#1513=CARTESIAN_POINT('Ctrl Pts',(3.70855420209058,1033.29848042558,79.2774041525884));
#1514=CARTESIAN_POINT('Ctrl Pts',(4.08441124532561,1038.9363360741,94.6689905424967));
#1515=CARTESIAN_POINT('Ctrl Pts',(4.14347739619908,1039.8223283372,109.094728205846));
#1516=CARTESIAN_POINT('Ctrl Pts',(4.00863872942546,1037.7997483356,120.553999240661));
#1517=CARTESIAN_POINT('Ctrl Pts',(3.90988847020389,1036.31849444728,126.050784966089));
#1518=CARTESIAN_POINT('Ctrl Pts',(3.83442028659955,1035.18647169321,129.771989321425));
#1519=CARTESIAN_POINT('Ctrl Pts',(3.67671492611136,1032.82089128589,136.429743299235));
#1520=CARTESIAN_POINT('Ctrl Pts',(3.46737167753053,1029.68074255718,143.371491851446));
#1521=CARTESIAN_POINT('Ctrl Pts',(3.25124649091851,1026.438864758,149.504733278624));
#1522=CARTESIAN_POINT('Ctrl Pts',(3.09745224834048,1024.13195111933,153.640728505311));
#1523=CARTESIAN_POINT('Ctrl Pts',(2.71878590462041,1018.45195596353,163.101571430745));
#1524=CARTESIAN_POINT('Ctrl Pts',(1.99634984029846,1007.6154149987,178.416109635953));
#1525=CARTESIAN_POINT('Ctrl Pts',(0.432692561602954,984.160555818265,205.946516973403));
#1526=CARTESIAN_POINT('Ctrl Pts',(-1.08369399018064,961.414757541511,227.802713209856));
#1527=CARTESIAN_POINT('Ctrl Pts',(-2.23815509077894,944.097841032536,242.816508801813));
#1528=CARTESIAN_POINT('Ctrl Pts',(3.23437120788514,946.901814068722,11.451121205127));
#1529=CARTESIAN_POINT('Ctrl Pts',(4.42518030374958,964.763950506688,19.8471586353121));
#1530=CARTESIAN_POINT('Ctrl Pts',(5.71140083738179,984.057258511173,30.7920181638463));
#1531=CARTESIAN_POINT('Ctrl Pts',(6.93052272431418,1002.34408681516,44.3929042444685));
#1532=CARTESIAN_POINT('Ctrl Pts',(7.47333414616847,1010.48625814297,51.2662742407048));
#1533=CARTESIAN_POINT('Ctrl Pts',(7.86911770937708,1016.4230115911,57.0393313898048));
#1534=CARTESIAN_POINT('Ctrl Pts',(8.11605518789202,1020.12707376883,61.0939407007067));
#1535=CARTESIAN_POINT('Ctrl Pts',(8.24855352452125,1022.11454881827,63.4135141573331));
#1536=CARTESIAN_POINT('Ctrl Pts',(8.56546761483065,1026.86826017291,69.2155179124266));
#1537=CARTESIAN_POINT('Ctrl Pts',(8.99415728660418,1033.29860524951,79.096118365645));
#1538=CARTESIAN_POINT('Ctrl Pts',(9.37257715220625,1038.97490323354,94.5887716013991));
#1539=CARTESIAN_POINT('Ctrl Pts',(9.43200900411238,1039.86638101213,109.117407211826));
#1540=CARTESIAN_POINT('Ctrl Pts',(9.29639974837487,1037.83224217607,120.637603684387));
#1541=CARTESIAN_POINT('Ctrl Pts',(9.19721097337163,1036.34441055102,126.159124419595));
#1542=CARTESIAN_POINT('Ctrl Pts',(9.12142549949816,1035.20762844292,129.895957334998));
#1543=CARTESIAN_POINT('Ctrl Pts',(8.96311827446668,1032.83302006745,136.579201637556));
#1544=CARTESIAN_POINT('Ctrl Pts',(8.75311883535136,1029.68302848072,143.542664428349));
#1545=CARTESIAN_POINT('Ctrl Pts',(8.53643936966545,1026.43283649543,149.69165607244));
#1546=CARTESIAN_POINT('Ctrl Pts',(8.38227780323065,1024.12041299891,153.837542856872));
#1547=CARTESIAN_POINT('Ctrl Pts',(8.00279037688586,1018.42810160374,163.318956492176));
#1548=CARTESIAN_POINT('Ctrl Pts',(7.27915475846973,1007.57356732749,178.658727401066));
#1549=CARTESIAN_POINT('Ctrl Pts',(5.71374669939053,984.092446441306,206.219719483221));
#1550=CARTESIAN_POINT('Ctrl Pts',(4.19625173671272,961.330022001139,228.092501293807));
#1551=CARTESIAN_POINT('Ctrl Pts',(3.04118270732312,944.003986560294,243.114203014955));
#1552=CARTESIAN_POINT('Ctrl Pts',(8.29805912536182,947.796215499262,8.83014598957512));
#1553=CARTESIAN_POINT('Ctrl Pts',(9.49688749556308,965.77864105228,17.2827249155622));
#1554=CARTESIAN_POINT('Ctrl Pts',(10.7946093987675,985.244469600348,28.3170261157305));
#1555=CARTESIAN_POINT('Ctrl Pts',(12.0315842416339,1003.79909224334,42.1152657703723));
#1556=CARTESIAN_POINT('Ctrl Pts',(12.5840962152961,1012.08677184828,49.1107222489877));
#1557=CARTESIAN_POINT('Ctrl Pts',(12.9885574952235,1018.15369104719,55.0091790923782));
#1558=CARTESIAN_POINT('Ctrl Pts',(13.2418014109406,1021.95234978295,59.1670822058498));
#1559=CARTESIAN_POINT('Ctrl Pts',(13.3779470456921,1023.99453430422,61.550454763062));
#1560=CARTESIAN_POINT('Ctrl Pts',(13.7040240196025,1028.88568891287,67.520100882993));
#1561=CARTESIAN_POINT('Ctrl Pts',(14.1485119812885,1035.55300833816,77.7496135631953));
#1562=CARTESIAN_POINT('Ctrl Pts',(14.54618469072,1041.51809897964,93.994411511458));
#1563=CARTESIAN_POINT('Ctrl Pts',(14.6081829346776,1042.448072639,109.284370948718));
#1564=CARTESIAN_POINT('Ctrl Pts',(14.4667679278105,1040.32684753599,121.253208571747));
#1565=CARTESIAN_POINT('Ctrl Pts',(14.3642631232535,1038.78927546764,126.960212990848));
#1566=CARTESIAN_POINT('Ctrl Pts',(14.286083460708,1037.61658052945,130.814566061214));
#1567=CARTESIAN_POINT('Ctrl Pts',(14.1232495173686,1035.17407137936,137.687542021601));
#1568=CARTESIAN_POINT('Ctrl Pts',(13.9083476844556,1031.95054388567,144.81009982845));
#1569=CARTESIAN_POINT('Ctrl Pts',(13.6874875989659,1028.63764260333,151.077636227024));
#1570=CARTESIAN_POINT('Ctrl Pts',(13.5305539785648,1026.28363829731,155.297992015338));
#1571=CARTESIAN_POINT('Ctrl Pts',(13.1449234300746,1020.49918006996,164.932077569654));
#1572=CARTESIAN_POINT('Ctrl Pts',(12.412387353436,1009.51113892038,180.456395850825));
#1573=CARTESIAN_POINT('Ctrl Pts',(10.8338772994506,985.833488110597,208.244414026688));
#1574=CARTESIAN_POINT('Ctrl Pts',(9.30875322351194,962.956626971517,230.222109494743));
#1575=CARTESIAN_POINT('Ctrl Pts',(8.14908832740129,945.561653529857,245.303580577962));
#1576=CARTESIAN_POINT('Ctrl Pts',(11.6463461769005,949.297027647515,5.16235838233024));
#1577=CARTESIAN_POINT('Ctrl Pts',(12.8563381428445,967.446907136674,13.693648470364));
#1578=CARTESIAN_POINT('Ctrl Pts',(14.1704143824523,987.158050730793,24.8581962510691));
#1579=CARTESIAN_POINT('Ctrl Pts',(15.4322657903495,1006.08582184925,38.9316688114778));
#1580=CARTESIAN_POINT('Ctrl Pts',(15.9983026420011,1014.57637462402,46.0975203617195));
#1581=CARTESIAN_POINT('Ctrl Pts',(16.4148805841594,1020.8250437564,52.1714542183083));
#1582=CARTESIAN_POINT('Ctrl Pts',(16.6769129325875,1024.75552898282,56.4734324662859));
#1583=CARTESIAN_POINT('Ctrl Pts',(16.8181379824734,1026.87390473111,58.9456709944402));
#1584=CARTESIAN_POINT('Ctrl Pts',(17.156981651864,1031.95655977197,65.1491576840543));
#1585=CARTESIAN_POINT('Ctrl Pts',(17.6235781519459,1038.9555072732,75.8688774742846));
#1586=CARTESIAN_POINT('Ctrl Pts',(18.0480844960314,1045.32310243448,93.1638459571599));
#1587=CARTESIAN_POINT('Ctrl Pts',(18.1137072364034,1046.30744354006,109.517973427805));
#1588=CARTESIAN_POINT('Ctrl Pts',(17.9642048913209,1044.06490836382,122.114485959271));
#1589=CARTESIAN_POINT('Ctrl Pts',(17.8570840933533,1042.45809639431,128.080096137944));
#1590=CARTESIAN_POINT('Ctrl Pts',(17.7755703185391,1041.23538977209,132.098213150312));
#1591=CARTESIAN_POINT('Ctrl Pts',(17.6064286585716,1038.69826487258,139.236090709227));
#1592=CARTESIAN_POINT('Ctrl Pts',(17.3846869766762,1035.37213964415,146.581447363479));
#1593=CARTESIAN_POINT('Ctrl Pts',(17.1580045432214,1031.97190314233,153.014146622431));
#1594=CARTESIAN_POINT('Ctrl Pts',(16.9972106859846,1029.55999528378,157.338251410032));
#1595=CARTESIAN_POINT('Ctrl Pts',(16.6030115505244,1023.64700825188,167.185613372032));
#1596=CARTESIAN_POINT('Ctrl Pts',(15.8580412583036,1012.47245386856,182.96846243103));
#1597=CARTESIAN_POINT('Ctrl Pts',(14.2612570246265,988.520690363409,211.073618250846));
#1598=CARTESIAN_POINT('Ctrl Pts',(12.7253163272674,965.481579903022,233.202715528221));
#1599=CARTESIAN_POINT('Ctrl Pts',(11.5592535457614,947.990638180431,248.367391271603));
#1600=CARTESIAN_POINT('Ctrl Pts',(12.6182073642228,950.850246458006,1.72012653271));
#1601=CARTESIAN_POINT('Ctrl Pts',(13.8387318359971,969.15811353462,10.3256781572841));
#1602=CARTESIAN_POINT('Ctrl Pts',(15.1679111983743,989.09580397028,21.6076523732847));
#1603=CARTESIAN_POINT('Ctrl Pts',(16.4532104688889,1008.375293028,35.9403248874955));
#1604=CARTESIAN_POINT('Ctrl Pts',(17.0319878470399,1017.05695370026,43.2665211522726));
#1605=CARTESIAN_POINT('Ctrl Pts',(17.4599627991572,1023.47657798202,49.505147512735));
#1606=CARTESIAN_POINT('Ctrl Pts',(17.7302779404631,1027.53130510161,53.9427894682871));
#1607=CARTESIAN_POINT('Ctrl Pts',(17.8762933312522,1029.72153596345,56.4988212481912));
#1608=CARTESIAN_POINT('Ctrl Pts',(18.2271714323662,1034.98470748016,62.9224854765851));
#1609=CARTESIAN_POINT('Ctrl Pts',(18.7145164565296,1042.29488284261,74.1004300730927));
#1610=CARTESIAN_POINT('Ctrl Pts',(19.164309207678,1049.04177410983,92.3832395150754));
#1611=CARTESIAN_POINT('Ctrl Pts',(19.2333022273269,1050.07666940457,109.737253970773));
#1612=CARTESIAN_POINT('Ctrl Pts',(19.0761746569591,1047.71975584905,122.922986143714));
#1613=CARTESIAN_POINT('Ctrl Pts',(18.9646985876291,1046.0476148091,129.132207205856));
#1614=CARTESIAN_POINT('Ctrl Pts',(18.8800402975647,1044.77774045813,133.304673731494));
#1615=CARTESIAN_POINT('Ctrl Pts',(18.7049532999286,1042.15143549359,140.691738381805));
#1616=CARTESIAN_POINT('Ctrl Pts',(18.4767729422873,1038.72873012898,148.246039599798));
#1617=CARTESIAN_POINT('Ctrl Pts',(18.2445997078455,1035.24613161235,154.834434300549));
#1618=CARTESIAN_POINT('Ctrl Pts',(18.0801650483138,1032.77961171937,159.256345941367));
#1619=CARTESIAN_POINT('Ctrl Pts',(17.677897678179,1026.74560116735,169.304221053384));
#1620=CARTESIAN_POINT('Ctrl Pts',(16.9212378877237,1015.39570431052,185.329441359124));
#1621=CARTESIAN_POINT('Ctrl Pts',(15.307245790054,991.185822845477,213.732764175974));
#1622=CARTESIAN_POINT('Ctrl Pts',(13.7612866026568,967.996435034519,235.999611861587));
#1623=CARTESIAN_POINT('Ctrl Pts',(12.5891876150051,950.414950219744,251.242788617411));
#1624=CARTESIAN_POINT('Ctrl Pts',(12.6718715047789,951.655208566348,2.46015444905494E-14));
#1625=CARTESIAN_POINT('Ctrl Pts',(13.8976289812708,970.041570713726,8.6424479697852));
#1626=CARTESIAN_POINT('Ctrl Pts',(15.2344893992901,990.094476984016,19.9857242932173));
#1627=CARTESIAN_POINT('Ctrl Pts',(16.5314507329155,1009.5488969884,34.4474354863128));
#1628=CARTESIAN_POINT('Ctrl Pts',(17.1165688809641,1018.32566920913,41.8535244980779));
#1629=CARTESIAN_POINT('Ctrl Pts',(17.5502251712234,1024.83051356302,48.174446122461));
#1630=CARTESIAN_POINT('Ctrl Pts',(17.8246603460398,1028.94704118526,52.6796363215245));
#1631=CARTESIAN_POINT('Ctrl Pts',(17.9730568319272,1031.17298847357,55.2773268064329));
#1632=CARTESIAN_POINT('Ctrl Pts',(18.3299198805095,1036.52593420231,61.8106254364536));
#1633=CARTESIAN_POINT('Ctrl Pts',(18.827633431264,1043.99163746362,73.2185518899392));
#1634=CARTESIAN_POINT('Ctrl Pts',(19.2900059929116,1050.92722588834,91.9937700199781));
#1635=CARTESIAN_POINT('Ctrl Pts',(19.3607002610335,1051.98763991017,109.846807347975));
#1636=CARTESIAN_POINT('Ctrl Pts',(19.1997814766301,1049.57385814412,123.326901211311));
#1637=CARTESIAN_POINT('Ctrl Pts',(19.0861416420022,1047.8692606247,129.6573624113));
#1638=CARTESIAN_POINT('Ctrl Pts',(18.999920415375,1046.57594222529,133.906601426516));
#1639=CARTESIAN_POINT('Ctrl Pts',(18.8218763727879,1043.90528158648,141.417873971781));
#1640=CARTESIAN_POINT('Ctrl Pts',(18.5904891335841,1040.43447299843,149.076670805909));
#1641=CARTESIAN_POINT('Ctrl Pts',(18.3555865281156,1036.9109339164,155.742492561104));
#1642=CARTESIAN_POINT('Ctrl Pts',(18.1893423035409,1034.41727054778,160.213040695639));
#1643=CARTESIAN_POINT('Ctrl Pts',(17.7830576291659,1028.32300043215,170.360922581416));
#1644=CARTESIAN_POINT('Ctrl Pts',(17.0205673219164,1016.88564582341,186.507401043123));
#1645=CARTESIAN_POINT('Ctrl Pts',(15.3980075765508,992.54724964293,215.059431515032));
#1646=CARTESIAN_POINT('Ctrl Pts',(13.8469695408757,969.281679107802,237.397481365904));
#1647=CARTESIAN_POINT('Ctrl Pts',(12.6718715047787,951.655208566346,252.679660822039));
#1648=CARTESIAN_POINT('',(12.6718715047789,951.655208566348,-1.40812324761764E-15));
#1649=CARTESIAN_POINT('Origin',(-8.88178419700125E-15,952.5,0.));
#1650=CARTESIAN_POINT('Ctrl Pts',(12.6718715047789,951.655208566348,2.46015444905494E-14));
#1651=CARTESIAN_POINT('Ctrl Pts',(13.8976289812708,970.041570713726,8.6424479697852));
#1652=CARTESIAN_POINT('Ctrl Pts',(15.2344893992901,990.094476984016,19.9857242932173));
#1653=CARTESIAN_POINT('Ctrl Pts',(16.5314507329155,1009.5488969884,34.4474354863128));
#1654=CARTESIAN_POINT('Ctrl Pts',(17.1165688809641,1018.32566920913,41.8535244980779));
#1655=CARTESIAN_POINT('Ctrl Pts',(17.5502251712234,1024.83051356302,48.174446122461));
#1656=CARTESIAN_POINT('Ctrl Pts',(17.8246603460398,1028.94704118526,52.6796363215245));
#1657=CARTESIAN_POINT('Ctrl Pts',(17.9730568319272,1031.17298847357,55.2773268064329));
#1658=CARTESIAN_POINT('Ctrl Pts',(18.3299198805095,1036.52593420231,61.8106254364536));
#1659=CARTESIAN_POINT('Ctrl Pts',(18.827633431264,1043.99163746362,73.2185518899392));
#1660=CARTESIAN_POINT('Ctrl Pts',(19.2900059929116,1050.92722588834,91.9937700199781));
#1661=CARTESIAN_POINT('Ctrl Pts',(19.3607002610335,1051.98763991017,109.846807347975));
#1662=CARTESIAN_POINT('Ctrl Pts',(19.1997814766301,1049.57385814412,123.326901211311));
#1663=CARTESIAN_POINT('Ctrl Pts',(19.0861416420022,1047.8692606247,129.6573624113));
#1664=CARTESIAN_POINT('Ctrl Pts',(18.999920415375,1046.57594222529,133.906601426516));
#1665=CARTESIAN_POINT('Ctrl Pts',(18.8218763727879,1043.90528158648,141.417873971781));
#1666=CARTESIAN_POINT('Ctrl Pts',(18.5904891335841,1040.43447299843,149.076670805909));
#1667=CARTESIAN_POINT('Ctrl Pts',(18.3555865281156,1036.9109339164,155.742492561104));
#1668=CARTESIAN_POINT('Ctrl Pts',(18.1893423035409,1034.41727054778,160.213040695639));
#1669=CARTESIAN_POINT('Ctrl Pts',(17.7830576291659,1028.32300043215,170.360922581416));
#1670=CARTESIAN_POINT('Ctrl Pts',(17.0205673219164,1016.88564582341,186.507401043123));
#1671=CARTESIAN_POINT('Ctrl Pts',(15.3980075765508,992.54724964293,215.059431515032));
#1672=CARTESIAN_POINT('Ctrl Pts',(13.8469695408757,969.281679107802,237.397481365904));
#1673=CARTESIAN_POINT('Ctrl Pts',(12.6718715047787,951.655208566346,252.679660822039));
#1674=CARTESIAN_POINT('Origin',(-8.88178419700125E-15,952.5,0.));
#1675=CARTESIAN_POINT('Ctrl Pts',(495.179154402897,953.889819951198,252.679660822038));
#1676=CARTESIAN_POINT('Ctrl Pts',(494.0040563668,971.516290492654,237.397481365903));
#1677=CARTESIAN_POINT('Ctrl Pts',(491.936086749711,1002.535834749,207.613639177825));
#1678=CARTESIAN_POINT('Ctrl Pts',(490.093072742953,1030.18104485037,172.435744842612));
#1679=CARTESIAN_POINT('Ctrl Pts',(489.121532190054,1044.75415314385,145.684152842536));
#1680=CARTESIAN_POINT('Ctrl Pts',(488.610717376079,1052.41637535347,124.217517912767));
#1681=CARTESIAN_POINT('Ctrl Pts',(488.483711993533,1054.32145609167,105.817728567176));
#1682=CARTESIAN_POINT('Ctrl Pts',(488.672475526432,1051.49000309819,86.2858257996262));
#1683=CARTESIAN_POINT('Ctrl Pts',(489.086111077796,1045.28546982771,71.3866103736995));
#1684=CARTESIAN_POINT('Ctrl Pts',(490.084120735676,1030.31532495952,50.0819453045931));
#1685=CARTESIAN_POINT('Ctrl Pts',(491.443287685508,1009.92782071203,31.7814797658742));
#1686=CARTESIAN_POINT('Ctrl Pts',(493.419098067527,980.290664981756,13.1809900300274));
#1687=CARTESIAN_POINT('Ctrl Pts',(494.566275664655,963.083001024839,4.32122398489243));
#1688=CARTESIAN_POINT('Ctrl Pts',(495.179154402898,953.8898199512,2.34340939073662E-13));
#1689=CARTESIAN_POINT('Ctrl Pts',(495.096470513124,955.130078297801,254.116533026667));
#1690=CARTESIAN_POINT('Ctrl Pts',(493.918367146392,972.801628798784,238.795269170183));
#1691=CARTESIAN_POINT('Ctrl Pts',(491.843704062566,1003.92157505617,208.916925484013));
#1692=CARTESIAN_POINT('Ctrl Pts',(489.989061655608,1031.74121116054,173.531970924502));
#1693=CARTESIAN_POINT('Ctrl Pts',(489.006389341516,1046.48129587192,146.483852205157));
#1694=CARTESIAN_POINT('Ctrl Pts',(488.486695355524,1054.2767056618,124.665362922461));
#1695=CARTESIAN_POINT('Ctrl Pts',(488.355884209282,1056.23887285543,105.815320166838));
#1696=CARTESIAN_POINT('Ctrl Pts',(488.549865930755,1053.32914703333,85.7413214710201));
#1697=CARTESIAN_POINT('Ctrl Pts',(488.974598076362,1046.95816484923,70.461265964251));
#1698=CARTESIAN_POINT('Ctrl Pts',(489.992108849279,1031.69550325548,48.7501980600379));
#1699=CARTESIAN_POINT('Ctrl Pts',(491.367916911881,1011.05838231645,30.2487109589578));
#1700=CARTESIAN_POINT('Ctrl Pts',(493.357108548349,981.220507769421,11.5225792512353));
#1701=CARTESIAN_POINT('Ctrl Pts',(494.50998954088,963.927292881465,2.61958426868766));
#1702=CARTESIAN_POINT('Ctrl Pts',(495.125490262341,954.694782059545,-1.72012653270808));
#1703=CARTESIAN_POINT('Ctrl Pts',(495.796140084136,957.667526313508,256.989426417727));
#1704=CARTESIAN_POINT('Ctrl Pts',(494.612018790103,975.429345724003,241.589899265637));
#1705=CARTESIAN_POINT('Ctrl Pts',(492.523988221735,1006.74980424953,211.524026508));
#1706=CARTESIAN_POINT('Ctrl Pts',(490.646069183933,1034.91858981656,175.725238824781));
#1707=CARTESIAN_POINT('Ctrl Pts',(489.641120744804,1049.9928164035,148.084424404683));
#1708=CARTESIAN_POINT('Ctrl Pts',(489.103646541253,1058.05492945676,125.561824336955));
#1709=CARTESIAN_POINT('Ctrl Pts',(488.965213823791,1060.1314202187,105.810881547256));
#1710=CARTESIAN_POINT('Ctrl Pts',(489.169636110306,1057.06508592096,84.6520186459108));
#1711=CARTESIAN_POINT('Ctrl Pts',(489.616569272989,1050.36108848072,68.6104214886121));
#1712=CARTESIAN_POINT('Ctrl Pts',(490.673126326655,1034.51273267573,46.0856370499736));
#1713=CARTESIAN_POINT('Ctrl Pts',(492.082192322298,1013.37674274109,27.183481999304));
#1714=CARTESIAN_POINT('Ctrl Pts',(494.098153521803,983.137324748511,8.20634795557611));
#1715=CARTESIAN_POINT('Ctrl Pts',(495.262431117118,965.673160818787,-0.782631686271588));
#1716=CARTESIAN_POINT('Ctrl Pts',(495.883182144223,956.361895412215,-5.15936081651214));
#1717=CARTESIAN_POINT('Ctrl Pts',(499.231560320466,960.891494402736,260.443791230679));
#1718=CARTESIAN_POINT('Ctrl Pts',(498.040212188464,978.761716382762,244.950278869401));
#1719=CARTESIAN_POINT('Ctrl Pts',(495.936092967297,1010.32350470027,214.657492811068));
#1720=CARTESIAN_POINT('Ctrl Pts',(494.030213042505,1038.91170357214,178.360946584266));
#1721=CARTESIAN_POINT('Ctrl Pts',(492.998499145981,1054.38741202001,150.007291841036));
#1722=CARTESIAN_POINT('Ctrl Pts',(492.439673356438,1062.76979886315,126.638684512583));
#1723=CARTESIAN_POINT('Ctrl Pts',(492.292088856819,1064.98356635744,105.805165000724));
#1724=CARTESIAN_POINT('Ctrl Pts',(492.509057538192,1061.72903613685,83.3428630069898));
#1725=CARTESIAN_POINT('Ctrl Pts',(492.982670679025,1054.62483902435,66.3856764486204));
#1726=CARTESIAN_POINT('Ctrl Pts',(494.086120937051,1038.07308515396,42.8836399926885));
#1727=CARTESIAN_POINT('Ctrl Pts',(495.535190789606,1016.33703736562,23.4984566582504));
#1728=CARTESIAN_POINT('Ctrl Pts',(497.583324600444,985.615030203063,4.21930886501919));
#1729=CARTESIAN_POINT('Ctrl Pts',(498.761312322876,967.945214366582,-4.87350960308779));
#1730=CARTESIAN_POINT('Ctrl Pts',(499.3883683627,958.53937376923,-9.29469348511683));
#1731=CARTESIAN_POINT('Ctrl Pts',(504.378096371161,962.899474366804,262.364061527389));
#1732=CARTESIAN_POINT('Ctrl Pts',(503.182723227737,980.830071518178,246.818203791518));
#1733=CARTESIAN_POINT('Ctrl Pts',(501.069673446202,1012.5258182412,216.400474205903));
#1734=CARTESIAN_POINT('Ctrl Pts',(499.14822760277,1041.34750589268,179.827364613062));
#1735=CARTESIAN_POINT('Ctrl Pts',(498.101618672086,1057.04663985294,151.077597941238));
#1736=CARTESIAN_POINT('Ctrl Pts',(497.530900702972,1065.60740938965,127.238182616577));
#1737=CARTESIAN_POINT('Ctrl Pts',(497.378218376846,1067.89764428154,105.802305196773));
#1738=CARTESIAN_POINT('Ctrl Pts',(497.602167702312,1064.53840439955,82.6145870913887));
#1739=CARTESIAN_POINT('Ctrl Pts',(498.090624312464,1057.21155524726,65.1483538522512));
#1740=CARTESIAN_POINT('Ctrl Pts',(499.220189282682,1040.268080694,41.1020941438402));
#1741=CARTESIAN_POINT('Ctrl Pts',(500.691484965403,1018.19864545319,21.4494571839247));
#1742=CARTESIAN_POINT('Ctrl Pts',(502.757516071138,987.208178867165,2.00259580318754));
#1743=CARTESIAN_POINT('Ctrl Pts',(503.943119461023,969.424128018877,-7.14756852028734));
#1744=CARTESIAN_POINT('Ctrl Pts',(504.573687098634,959.965613454725,-11.5935116240585));
#1745=CARTESIAN_POINT('Ctrl Pts',(509.557366938865,963.241897236356,262.360760686053));
#1746=CARTESIAN_POINT('Ctrl Pts',(508.362008687467,981.172271007331,246.815096621362));
#1747=CARTESIAN_POINT('Ctrl Pts',(506.2489606088,1012.86799218734,216.396332006023));
#1748=CARTESIAN_POINT('Ctrl Pts',(504.32756507155,1041.68892524608,179.823552651924));
#1749=CARTESIAN_POINT('Ctrl Pts',(503.280998663915,1057.38742136061,151.074306358275));
#1750=CARTESIAN_POINT('Ctrl Pts',(502.710325051627,1065.94752554494,127.236238404559));
#1751=CARTESIAN_POINT('Ctrl Pts',(502.557662327876,1068.2374664012,105.801978036778));
#1752=CARTESIAN_POINT('Ctrl Pts',(502.781593238657,1064.87850273949,82.6163824915708));
#1753=CARTESIAN_POINT('Ctrl Pts',(503.270011640666,1057.55222670934,65.1511010027132));
#1754=CARTESIAN_POINT('Ctrl Pts',(504.399482714076,1040.61016060819,41.1067917872272));
#1755=CARTESIAN_POINT('Ctrl Pts',(505.870752916237,1018.54110757578,21.4535074109489));
#1756=CARTESIAN_POINT('Ctrl Pts',(507.93674005441,987.551300503197,2.00675169804541));
#1757=CARTESIAN_POINT('Ctrl Pts',(509.12233635584,969.767355981743,-7.14370858152408));
#1758=CARTESIAN_POINT('Ctrl Pts',(509.752891000988,960.30903630452,-11.5895600793468));
#1759=CARTESIAN_POINT('Ctrl Pts',(515.012190595448,962.228082865316,260.771987188043));
#1760=CARTESIAN_POINT('Ctrl Pts',(513.82015173417,980.108665784478,245.269491875196));
#1761=CARTESIAN_POINT('Ctrl Pts',(511.714510987705,1011.69327698145,214.9557918929));
#1762=CARTESIAN_POINT('Ctrl Pts',(509.805962373935,1040.32150618801,178.612028996006));
#1763=CARTESIAN_POINT('Ctrl Pts',(508.771696786105,1055.83549000545,150.19073078953));
#1764=CARTESIAN_POINT('Ctrl Pts',(508.210830062415,1064.2484908608,126.741467458393));
#1765=CARTESIAN_POINT('Ctrl Pts',(508.062370467406,1066.47538478595,105.804793227715));
#1766=CARTESIAN_POINT('Ctrl Pts',(508.280534480277,1063.20292459288,83.2182008966187));
#1767=CARTESIAN_POINT('Ctrl Pts',(508.756689010364,1056.06060664158,66.1739854582241));
#1768=CARTESIAN_POINT('Ctrl Pts',(509.864619835265,1039.44164426806,42.578577465779));
#1769=CARTESIAN_POINT('Ctrl Pts',(511.317483850906,1017.64868403344,23.1480733580778));
#1770=CARTESIAN_POINT('Ctrl Pts',(513.368681164108,986.880724335419,3.84032575521598));
#1771=CARTESIAN_POINT('Ctrl Pts',(514.547968375579,969.191416163355,-5.26215476502384));
#1772=CARTESIAN_POINT('Ctrl Pts',(515.175627038138,959.776536224966,-9.68758755904383));
#1773=CARTESIAN_POINT('Ctrl Pts',(518.769460629714,959.93635037396,257.839793124052));
#1774=CARTESIAN_POINT('Ctrl Pts',(517.583565850417,977.724772063418,242.417201751584));
#1775=CARTESIAN_POINT('Ctrl Pts',(515.491565198803,1009.10478183762,212.294598251588));
#1776=CARTESIAN_POINT('Ctrl Pts',(513.606779397098,1037.3765688632,176.373175346791));
#1777=CARTESIAN_POINT('Ctrl Pts',(512.595253853851,1052.5494520119,148.556767962571));
#1778=CARTESIAN_POINT('Ctrl Pts',(512.052540163796,1060.69015736273,125.826279929901));
#1779=CARTESIAN_POINT('Ctrl Pts',(511.911862092157,1062.80032843731,105.809242836509));
#1780=CARTESIAN_POINT('Ctrl Pts',(512.119368473942,1059.68773271054,84.330120480431));
#1781=CARTESIAN_POINT('Ctrl Pts',(512.572860643912,1052.88535016099,68.0631846428992));
#1782=CARTESIAN_POINT('Ctrl Pts',(513.640927317136,1036.86435006263,45.2985359201536));
#1783=CARTESIAN_POINT('Ctrl Pts',(515.059849997501,1015.58050985714,26.2767013029302));
#1784=CARTESIAN_POINT('Ctrl Pts',(517.083721979386,985.222430128877,7.22509274508282));
#1785=CARTESIAN_POINT('Ctrl Pts',(518.251378803155,967.707577772336,-1.78972406292516));
#1786=CARTESIAN_POINT('Ctrl Pts',(518.873677097156,958.373103362335,-6.17736250752411));
#1787=CARTESIAN_POINT('Ctrl Pts',(520.921474827144,956.063792951581,253.207708598026));
#1788=CARTESIAN_POINT('Ctrl Pts',(519.745273472337,973.706813273694,237.911180454366));
#1789=CARTESIAN_POINT('Ctrl Pts',(517.674842077038,1004.76328420318,208.092431310951));
#1790=CARTESIAN_POINT('Ctrl Pts',(515.827558006392,1032.47254526287,172.838422086036));
#1791=CARTESIAN_POINT('Ctrl Pts',(514.851928960104,1047.10698095718,145.977834245827));
#1792=CARTESIAN_POINT('Ctrl Pts',(514.337854470342,1054.81809830362,124.381970080939));
#1793=CARTESIAN_POINT('Ctrl Pts',(514.209452019314,1056.74413506904,105.81679623305));
#1794=CARTESIAN_POINT('Ctrl Pts',(514.400132313645,1053.88393065407,86.0857988446946));
#1795=CARTESIAN_POINT('Ctrl Pts',(514.817844035974,1047.61825481913,71.0466363379155));
#1796=CARTESIAN_POINT('Ctrl Pts',(515.823013342891,1032.54071521538,49.5927634337076));
#1797=CARTESIAN_POINT('Ctrl Pts',(517.188297680293,1012.06145015434,31.2182653179437));
#1798=CARTESIAN_POINT('Ctrl Pts',(519.169023768939,982.350558824664,12.5715764129983));
#1799=CARTESIAN_POINT('Ctrl Pts',(520.318298207026,965.111442253357,3.69586767796829));
#1800=CARTESIAN_POINT('Ctrl Pts',(520.932139529255,955.903822419919,-0.632143197626115));
#1801=CARTESIAN_POINT('Ctrl Pts',(520.231406320857,951.721793305513,248.252706536751));
#1802=CARTESIAN_POINT('Ctrl Pts',(519.065571386751,969.209317317104,233.090993954525));
#1803=CARTESIAN_POINT('Ctrl Pts',(517.018217640798,999.919623506402,203.597715032091));
#1804=CARTESIAN_POINT('Ctrl Pts',(515.21104150522,1027.02726554008,169.057697358904));
#1805=CARTESIAN_POINT('Ctrl Pts',(514.273805551882,1041.08580484014,143.219617959818));
#1806=CARTESIAN_POINT('Ctrl Pts',(513.790358504126,1048.33751055648,122.837289442847));
#1807=CARTESIAN_POINT('Ctrl Pts',(513.675083689654,1050.06663277356,105.824991303281));
#1808=CARTESIAN_POINT('Ctrl Pts',(513.84776711941,1047.47638132722,87.9636828078278));
#1809=CARTESIAN_POINT('Ctrl Pts',(514.227208423397,1041.7847617674,74.237859071701));
#1810=CARTESIAN_POINT('Ctrl Pts',(515.16511257248,1027.71619953116,54.1857885773132));
#1811=CARTESIAN_POINT('Ctrl Pts',(516.473014854758,1008.09766529699,36.5041386311708));
#1812=CARTESIAN_POINT('Ctrl Pts',(518.407591787315,979.079011308646,18.2906609322286));
#1813=CARTESIAN_POINT('Ctrl Pts',(519.537200263854,962.134884160556,9.56389469184252));
#1814=CARTESIAN_POINT('Ctrl Pts',(520.141997462685,953.062926178093,5.29965121510301));
#1815=CARTESIAN_POINT('Ctrl Pts',(515.941678983866,948.257265883255,244.586571052594));
#1816=CARTESIAN_POINT('Ctrl Pts',(514.783518350567,965.629675382744,229.524662944997));
#1817=CARTESIAN_POINT('Ctrl Pts',(512.753232010555,996.083970482929,200.271515499736));
#1818=CARTESIAN_POINT('Ctrl Pts',(510.975743964873,1022.74629116816,166.259691112718));
#1819=CARTESIAN_POINT('Ctrl Pts',(510.066923710593,1036.37859498235,141.178063906505));
#1820=CARTESIAN_POINT('Ctrl Pts',(509.606150469601,1043.29019359724,121.693905600982));
#1821=CARTESIAN_POINT('Ctrl Pts',(509.500594498126,1044.87353316936,105.830874225486));
#1822=CARTESIAN_POINT('Ctrl Pts',(509.659958817058,1042.48306838538,89.3533978451926));
#1823=CARTESIAN_POINT('Ctrl Pts',(510.011077484293,1037.21628837685,76.5993364715697));
#1824=CARTESIAN_POINT('Ctrl Pts',(510.899186463856,1023.89465368341,57.5849913092236));
#1825=CARTESIAN_POINT('Ctrl Pts',(512.164639496591,1004.91285819239,40.4153680869923));
#1826=CARTESIAN_POINT('Ctrl Pts',(514.065064149267,976.406488402246,22.5223179308444));
#1827=CARTESIAN_POINT('Ctrl Pts',(515.180125323356,959.680570790907,13.9055376821863));
#1828=CARTESIAN_POINT('Ctrl Pts',(515.77822712312,950.709043794451,9.6885014541761));
#1829=CARTESIAN_POINT('Ctrl Pts',(510.089100045763,946.331949739363,242.815935237546));
#1830=CARTESIAN_POINT('Ctrl Pts',(508.934639693612,963.648855021635,227.802149379159));
#1831=CARTESIAN_POINT('Ctrl Pts',(506.912606989771,993.97934557925,198.66594723235));
#1832=CARTESIAN_POINT('Ctrl Pts',(505.149439164661,1020.42686295591,164.909337223753));
#1833=CARTESIAN_POINT('Ctrl Pts',(504.254329743037,1033.85350428026,140.19317865268));
#1834=CARTESIAN_POINT('Ctrl Pts',(503.804488746361,1040.6011192304,121.142393075462));
#1835=CARTESIAN_POINT('Ctrl Pts',(503.703618287988,1042.11417610599,105.833972929045));
#1836=CARTESIAN_POINT('Ctrl Pts',(503.85655484055,1039.82012781757,90.0241680652488));
#1837=CARTESIAN_POINT('Ctrl Pts',(504.194004345292,1034.75838524643,77.7393799072283));
#1838=CARTESIAN_POINT('Ctrl Pts',(505.058101709964,1021.79692477636,59.2254387878026));
#1839=CARTESIAN_POINT('Ctrl Pts',(506.303043137341,1003.1228033657,42.3039677072303));
#1840=CARTESIAN_POINT('Ctrl Pts',(508.186983476426,974.863698279429,24.5658162167152));
#1841=CARTESIAN_POINT('Ctrl Pts',(509.295014077379,958.243239265128,16.0024618129342));
#1842=CARTESIAN_POINT('Ctrl Pts',(509.889887588395,949.320136599894,11.8081872796907));
#1843=CARTESIAN_POINT('Ctrl Pts',(504.809994726664,946.238502893559,243.114081731057));
#1844=CARTESIAN_POINT('Ctrl Pts',(503.654924103275,963.564562244393,228.092359279907));
#1845=CARTESIAN_POINT('Ctrl Pts',(501.631479715978,993.916228053858,198.934459608092));
#1846=CARTESIAN_POINT('Ctrl Pts',(499.865938391322,1020.3993479237,165.134642649742));
#1847=CARTESIAN_POINT('Ctrl Pts',(498.968547440784,1033.86021218176,140.356687443099));
#1848=CARTESIAN_POINT('Ctrl Pts',(498.516904011845,1040.63486361585,121.233792461354));
#1849=CARTESIAN_POINT('Ctrl Pts',(498.415261985142,1042.15949401639,105.832918203883));
#1850=CARTESIAN_POINT('Ctrl Pts',(498.569270573753,1039.84936518723,89.9120935106541));
#1851=CARTESIAN_POINT('Ctrl Pts',(498.909001373627,1034.75340318911,77.5484104564912));
#1852=CARTESIAN_POINT('Ctrl Pts',(499.7770632546,1021.73247497452,58.951838365272));
#1853=CARTESIAN_POINT('Ctrl Pts',(501.02547892692,1003.00623988972,41.9868055799252));
#1854=CARTESIAN_POINT('Ctrl Pts',(502.912173768546,974.705817265328,24.2222785600863));
#1855=CARTESIAN_POINT('Ctrl Pts',(504.021397837993,958.067456223631,15.6492949183476));
#1856=CARTESIAN_POINT('Ctrl Pts',(504.616803776598,949.136367144565,11.4512663980208));
#1857=CARTESIAN_POINT('Ctrl Pts',(499.701417202471,947.795053512045,245.302223359346));
#1858=CARTESIAN_POINT('Ctrl Pts',(498.541755447827,965.189979831705,230.220793130981));
#1859=CARTESIAN_POINT('Ctrl Pts',(496.508142666222,995.694171555791,200.921248683977));
#1860=CARTESIAN_POINT('Ctrl Pts',(494.724850312474,1022.44355686202,166.80637323738));
#1861=CARTESIAN_POINT('Ctrl Pts',(493.810476665148,1036.1591615719,141.577143297822));
#1862=CARTESIAN_POINT('Ctrl Pts',(493.34526820764,1043.13728843452,121.917450758704));
#1863=CARTESIAN_POINT('Ctrl Pts',(493.237810910988,1044.74914788431,105.829852887756));
#1864=CARTESIAN_POINT('Ctrl Pts',(493.399777657045,1042.31964669344,89.0819089361121));
#1865=CARTESIAN_POINT('Ctrl Pts',(493.75642993411,1036.96986253746,76.1381241890284));
#1866=CARTESIAN_POINT('Ctrl Pts',(494.654277987574,1023.50214173552,56.920820309716));
#1867=CARTESIAN_POINT('Ctrl Pts',(495.928012508098,1004.39612392765,39.6516698796601));
#1868=CARTESIAN_POINT('Ctrl Pts',(497.835108948112,975.789677327437,21.6961401541484));
#1869=CARTESIAN_POINT('Ctrl Pts',(498.953007549142,959.021198311993,13.0580408989484));
#1870=CARTESIAN_POINT('Ctrl Pts',(499.552418993485,950.030026646848,8.83177076019126));
#1871=CARTESIAN_POINT('Ctrl Pts',(496.291412574046,950.225466880888,248.367669588786));
#1872=CARTESIAN_POINT('Ctrl Pts',(495.12534799544,967.716435559978,233.202970474075));
#1873=CARTESIAN_POINT('Ctrl Pts',(493.077440206666,998.435052391596,203.700436143185));
#1874=CARTESIAN_POINT('Ctrl Pts',(491.269365618429,1025.55617121514,169.143654940161));
#1875=CARTESIAN_POINT('Ctrl Pts',(490.33126195964,1039.62772609698,143.281633043296));
#1876=CARTESIAN_POINT('Ctrl Pts',(489.847136918547,1046.88960171338,122.871882424636));
#1877=CARTESIAN_POINT('Ctrl Pts',(489.731572303431,1048.62307094012,105.824348397741));
#1878=CARTESIAN_POINT('Ctrl Pts',(489.904664538908,1046.02668740797,87.9208543247402));
#1879=CARTESIAN_POINT('Ctrl Pts',(490.284976464422,1040.32200852524,74.1646638851692));
#1880=CARTESIAN_POINT('Ctrl Pts',(491.224374441698,1026.23103886612,54.0814534969275));
#1881=CARTESIAN_POINT('Ctrl Pts',(492.533625417896,1006.59227422315,36.38221894532));
#1882=CARTESIAN_POINT('Ctrl Pts',(494.469255074394,977.557829375673,18.1584411372348));
#1883=CARTESIAN_POINT('Ctrl Pts',(495.599328013095,960.606735295154,9.42768129834876));
#1884=CARTESIAN_POINT('Ctrl Pts',(496.204325563933,951.531772032585,5.16202519975663));
#1885=CARTESIAN_POINT('Ctrl Pts',(495.261838292671,952.649561604596,251.242788617409));
#1886=CARTESIAN_POINT('Ctrl Pts',(494.089739811104,970.231038828103,235.999618443228));
#1887=CARTESIAN_POINT('Ctrl Pts',(492.028473548054,1001.15003277384,206.311183153564));
#1888=CARTESIAN_POINT('Ctrl Pts',(490.197070881613,1028.62107277047,171.340454200862));
#1889=CARTESIAN_POINT('Ctrl Pts',(489.236649832974,1043.02738850005,144.885505204233));
#1890=CARTESIAN_POINT('Ctrl Pts',(488.734696866276,1050.55668300052,123.770334825001));
#1891=CARTESIAN_POINT('Ctrl Pts',(488.611489394916,1052.40479507093,105.820377535088));
#1892=CARTESIAN_POINT('Ctrl Pts',(488.795039386736,1049.65154519362,86.8299363735149));
#1893=CARTESIAN_POINT('Ctrl Pts',(489.197587539134,1043.61332290765,72.3115054450778));
#1894=CARTESIAN_POINT('Ctrl Pts',(490.176131584408,1028.93516222854,51.4125079071504));
#1895=CARTESIAN_POINT('Ctrl Pts',(491.518648203429,1008.79741294322,33.3138659931484));
#1896=CARTESIAN_POINT('Ctrl Pts',(493.481086895776,979.360832558019,14.8391505276412));
#1897=CARTESIAN_POINT('Ctrl Pts',(494.6225567491,962.238784758155,6.02289923189626));
#1898=CARTESIAN_POINT('Ctrl Pts',(495.232818543454,953.084857842854,1.72012653270855));
#1899=CARTESIAN_POINT('Ctrl Pts',(495.179154402897,953.889819951198,252.679660822038));
#1900=CARTESIAN_POINT('Ctrl Pts',(494.0040563668,971.516290492654,237.397481365903));
#1901=CARTESIAN_POINT('Ctrl Pts',(491.936086749711,1002.535834749,207.613639177825));
#1902=CARTESIAN_POINT('Ctrl Pts',(490.093072742953,1030.18104485037,172.435744842612));
#1903=CARTESIAN_POINT('Ctrl Pts',(489.121532190054,1044.75415314385,145.684152842536));
#1904=CARTESIAN_POINT('Ctrl Pts',(488.610717376079,1052.41637535347,124.217517912767));
#1905=CARTESIAN_POINT('Ctrl Pts',(488.483711993533,1054.32145609167,105.817728567176));
#1906=CARTESIAN_POINT('Ctrl Pts',(488.672475526432,1051.49000309819,86.2858257996262));
#1907=CARTESIAN_POINT('Ctrl Pts',(489.086111077796,1045.28546982771,71.3866103736995));
#1908=CARTESIAN_POINT('Ctrl Pts',(490.084120735676,1030.31532495952,50.0819453045931));
#1909=CARTESIAN_POINT('Ctrl Pts',(491.443287685508,1009.92782071203,31.7814797658742));
#1910=CARTESIAN_POINT('Ctrl Pts',(493.419098067527,980.290664981756,13.1809900300274));
#1911=CARTESIAN_POINT('Ctrl Pts',(494.566275664655,963.083001024839,4.32122398489243));
#1912=CARTESIAN_POINT('Ctrl Pts',(495.179154402898,953.8898199512,2.34340939073662E-13));
#1913=CARTESIAN_POINT('',(495.179154402897,953.889819951198,252.679660822039));
#1914=CARTESIAN_POINT('Origin',(507.851025907676,954.73461138485,252.679660822038));
#1915=CARTESIAN_POINT('',(495.179154402898,953.8898199512,-6.35603172167426E-14));
#1916=CARTESIAN_POINT('Ctrl Pts',(495.179154402897,953.889819951198,252.679660822038));
#1917=CARTESIAN_POINT('Ctrl Pts',(494.0040563668,971.516290492654,237.397481365903));
#1918=CARTESIAN_POINT('Ctrl Pts',(491.936086749711,1002.535834749,207.613639177825));
#1919=CARTESIAN_POINT('Ctrl Pts',(490.093072742953,1030.18104485037,172.435744842612));
#1920=CARTESIAN_POINT('Ctrl Pts',(489.121532190054,1044.75415314385,145.684152842536));
#1921=CARTESIAN_POINT('Ctrl Pts',(488.610717376079,1052.41637535347,124.217517912767));
#1922=CARTESIAN_POINT('Ctrl Pts',(488.483711993533,1054.32145609167,105.817728567176));
#1923=CARTESIAN_POINT('Ctrl Pts',(488.672475526432,1051.49000309819,86.2858257996262));
#1924=CARTESIAN_POINT('Ctrl Pts',(489.086111077796,1045.28546982771,71.3866103736995));
#1925=CARTESIAN_POINT('Ctrl Pts',(490.084120735676,1030.31532495952,50.0819453045931));
#1926=CARTESIAN_POINT('Ctrl Pts',(491.443287685508,1009.92782071203,31.7814797658742));
#1927=CARTESIAN_POINT('Ctrl Pts',(493.419098067527,980.290664981756,13.1809900300274));
#1928=CARTESIAN_POINT('Ctrl Pts',(494.566275664655,963.083001024839,4.32122398489243));
#1929=CARTESIAN_POINT('Ctrl Pts',(495.179154402898,953.8898199512,2.34340939073662E-13));
#1930=CARTESIAN_POINT('Origin',(507.851025907676,954.734611384852,1.4210854715202E-13));
#1931=CARTESIAN_POINT('Origin',(558.158165580425,200.127516293623,906.925275049545));
#1932=CARTESIAN_POINT('',(570.828737687407,200.972327116799,906.925504385156));
#1933=CARTESIAN_POINT('',(545.486294075646,199.28272485997,906.925275049546));
#1934=CARTESIAN_POINT('Origin',(558.158165580425,200.127516293623,906.925275049545));
#1935=CARTESIAN_POINT('Origin',(558.158165580425,200.127516293622,906.925275049546));
#1936=CARTESIAN_POINT('Origin',(558.158165580425,200.127516293622,906.925275049545));
#1937=CARTESIAN_POINT('',(545.486294075646,199.28272485997,906.925275049545));
#1938=CARTESIAN_POINT('Ctrl Pts',(545.486294075646,199.282724859971,906.925275049546));
#1939=CARTESIAN_POINT('Ctrl Pts',(545.486496199572,199.279693001075,906.920562252786));
#1940=CARTESIAN_POINT('Ctrl Pts',(545.486702013619,199.276661387845,906.915849448039));
#1941=CARTESIAN_POINT('Ctrl Pts',(545.486911516612,199.273630022154,906.911136637963));
#1942=CARTESIAN_POINT('Ctrl Pts',(545.498021323607,199.112878678009,906.661219395412));
#1943=CARTESIAN_POINT('Ctrl Pts',(545.519482916809,198.953077793116,906.411684183266));
#1944=CARTESIAN_POINT('Ctrl Pts',(545.551049328096,198.794501274079,906.162981039253));
#1945=CARTESIAN_POINT('Ctrl Pts',(545.582983863469,198.634075452769,905.911377545981));
#1946=CARTESIAN_POINT('Ctrl Pts',(545.625260334583,198.474902480705,905.660625112332));
#1947=CARTESIAN_POINT('Ctrl Pts',(545.67767616743,198.317266867487,905.411185286067));
#1948=CARTESIAN_POINT('Ctrl Pts',(545.730414346703,198.158661828166,905.160211456959));
#1949=CARTESIAN_POINT('Ctrl Pts',(545.793417085445,198.001612863294,904.910565870675));
#1950=CARTESIAN_POINT('Ctrl Pts',(545.866530206579,197.846414396418,904.662722432757));
#1951=CARTESIAN_POINT('Ctrl Pts',(545.939397786814,197.691737143387,904.415711344757));
#1952=CARTESIAN_POINT('Ctrl Pts',(546.022308128933,197.538897737321,904.170489772965));
#1953=CARTESIAN_POINT('Ctrl Pts',(546.115158039795,197.388195924881,903.927538904054));
#1954=CARTESIAN_POINT('Ctrl Pts',(546.206708460017,197.239603275419,903.68798827944));
#1955=CARTESIAN_POINT('Ctrl Pts',(546.307922411765,197.09308859408,903.450644757443));
#1956=CARTESIAN_POINT('Ctrl Pts',(546.418745944371,196.948950608154,903.215988937066));
#1957=CARTESIAN_POINT('Ctrl Pts',(546.487987300824,196.858894738003,903.069378493232));
#1958=CARTESIAN_POINT('Ctrl Pts',(546.560980747108,196.769766875542,902.923817634134));
#1959=CARTESIAN_POINT('Ctrl Pts',(546.63772164353,196.681642740465,902.7794287667));
#1960=CARTESIAN_POINT('Ctrl Pts',(546.73336431029,196.571813071047,902.599476003886));
#1961=CARTESIAN_POINT('Ctrl Pts',(546.834586556742,196.463819887952,902.421796052056));
#1962=CARTESIAN_POINT('Ctrl Pts',(546.941308984133,196.357788355479,902.246599375482));
#1963=CARTESIAN_POINT('Ctrl Pts',(547.078789772602,196.221197584041,902.02090944487));
#1964=CARTESIAN_POINT('Ctrl Pts',(547.225396397814,196.087861610962,901.799339556492));
#1965=CARTESIAN_POINT('Ctrl Pts',(547.380709186059,195.957960950853,901.582187516421));
#1966=CARTESIAN_POINT('Ctrl Pts',(547.537758710942,195.826607717276,901.362607241636));
#1967=CARTESIAN_POINT('Ctrl Pts',(547.703710511862,195.698766867603,901.147543721018));
#1968=CARTESIAN_POINT('Ctrl Pts',(547.878177460245,195.574637970989,900.937326653434));
#1969=CARTESIAN_POINT('Ctrl Pts',(548.052643666554,195.450509602342,900.727110479982));
#1970=CARTESIAN_POINT('Ctrl Pts',(548.235625348158,195.330092986037,900.521740297647));
#1971=CARTESIAN_POINT('Ctrl Pts',(548.426776373462,195.213603196307,900.321573960694));
#1972=CARTESIAN_POINT('Ctrl Pts',(548.616095797167,195.098229607156,900.123325609702));
#1973=CARTESIAN_POINT('Ctrl Pts',(548.813429194087,194.986707811986,899.930181494437));
#1974=CARTESIAN_POINT('Ctrl Pts',(549.018474178028,194.879264232763,899.742522650625));
#1975=CARTESIAN_POINT('Ctrl Pts',(549.18655253477,194.791191167569,899.588695965916));
#1976=CARTESIAN_POINT('Ctrl Pts',(549.359813263997,194.705858662816,899.438555516098));
#1977=CARTESIAN_POINT('Ctrl Pts',(549.538104042831,194.623401341797,899.29233077052));
#1978=CARTESIAN_POINT('Ctrl Pts',(549.756953707792,194.522186028271,899.112841753825));
#1979=CARTESIAN_POINT('Ctrl Pts',(549.982627992346,194.425652783426,898.939868545035));
#1980=CARTESIAN_POINT('Ctrl Pts',(550.214730936432,194.333974615894,898.773735853958));
#1981=CARTESIAN_POINT('Ctrl Pts',(550.347261249863,194.281626566947,898.678874422078));
#1982=CARTESIAN_POINT('Ctrl Pts',(550.481888333424,194.230861740546,898.586243754845));
#1983=CARTESIAN_POINT('Ctrl Pts',(550.618544162458,194.181714783252,898.495908742127));
#1984=CARTESIAN_POINT('Ctrl Pts',(550.857308935542,194.095845324268,898.338075600536));
#1985=CARTESIAN_POINT('Ctrl Pts',(551.102265176939,194.014913613856,898.187248235145));
#1986=CARTESIAN_POINT('Ctrl Pts',(551.352895760486,193.939057842854,898.043693884308));
#1987=CARTESIAN_POINT('Ctrl Pts',(551.602738932535,193.86344038956,897.900590541263));
#1988=CARTESIAN_POINT('Ctrl Pts',(551.858221404098,193.792866926711,897.764714282364));
#1989=CARTESIAN_POINT('Ctrl Pts',(552.118857561186,193.727494401641,897.636369144172));
#1990=CARTESIAN_POINT('Ctrl Pts',(552.375404644965,193.663147494238,897.510037589533));
#1991=CARTESIAN_POINT('Ctrl Pts',(552.63694552712,193.603839553091,897.391002497677));
#1992=CARTESIAN_POINT('Ctrl Pts',(552.903034668445,193.549740855721,897.279595570138));
#1993=CARTESIAN_POINT('Ctrl Pts',(553.168981702279,193.495671050286,897.16824814055));
#1994=CARTESIAN_POINT('Ctrl Pts',(553.439472636829,193.44680481204,897.064520416435));
#1995=CARTESIAN_POINT('Ctrl Pts',(553.714072574841,193.403334251064,896.968789604852));
#1996=CARTESIAN_POINT('Ctrl Pts',(553.79548071122,193.39044693076,896.940409165216));
#1997=CARTESIAN_POINT('Ctrl Pts',(553.877165114172,193.378047565505,896.912761429456));
#1998=CARTESIAN_POINT('Ctrl Pts',(553.959112677927,193.366138507759,896.885852502507));
#1999=CARTESIAN_POINT('Ctrl Pts',(554.235857931588,193.325920409064,896.794978320615));
#2000=CARTESIAN_POINT('Ctrl Pts',(554.515602638785,193.291292528885,896.712526889105));
#2001=CARTESIAN_POINT('Ctrl Pts',(554.797802566278,193.262201136922,896.63842466391));
#2002=CARTESIAN_POINT('Ctrl Pts',(555.083610114401,193.232737843,896.56337512197));
#2003=CARTESIAN_POINT('Ctrl Pts',(555.371936597317,193.208953479531,896.496889505421));
#2004=CARTESIAN_POINT('Ctrl Pts',(555.662237094114,193.190814366007,896.438935393079));
#2005=CARTESIAN_POINT('Ctrl Pts',(555.955186503539,193.172509738033,896.380452465314));
#2006=CARTESIAN_POINT('Ctrl Pts',(556.250146703573,193.159953843085,896.330657343436));
#2007=CARTESIAN_POINT('Ctrl Pts',(556.54656984824,193.15313466471,896.289562846863));
#2008=CARTESIAN_POINT('Ctrl Pts',(556.842724324962,193.146321667007,896.248505596957));
#2009=CARTESIAN_POINT('Ctrl Pts',(557.140339707636,193.145235014525,896.216133170286));
#2010=CARTESIAN_POINT('Ctrl Pts',(557.438872636466,193.149885017313,896.192505142023));
#2011=CARTESIAN_POINT('Ctrl Pts',(557.734677801861,193.154492531966,896.169093008441));
#2012=CARTESIAN_POINT('Ctrl Pts',(558.0313844091,193.164732393819,896.154266222387));
#2013=CARTESIAN_POINT('Ctrl Pts',(558.328457880675,193.180635961815,896.148128745692));
#2014=CARTESIAN_POINT('Ctrl Pts',(558.392604690346,193.184070005063,896.146803485825));
#2015=CARTESIAN_POINT('Ctrl Pts',(558.456768564213,193.187768198976,896.145883539667));
#2016=CARTESIAN_POINT('Ctrl Pts',(558.520944042247,193.191730988317,896.145370238054));
#2017=CARTESIAN_POINT('Ctrl Pts',(558.820374037382,193.210220573896,896.14297527499));
#2018=CARTESIAN_POINT('Ctrl Pts',(559.118963730942,193.234401126306,896.149437879938));
#2019=CARTESIAN_POINT('Ctrl Pts',(559.416169453103,193.26420459771,896.164728509404));
#2020=CARTESIAN_POINT('Ctrl Pts',(559.714064523587,193.294077196226,896.180054604438));
#2021=CARTESIAN_POINT('Ctrl Pts',(560.010569808627,193.32959885221,896.204249686232));
#2022=CARTESIAN_POINT('Ctrl Pts',(560.305143713587,193.370723594311,896.237330880382));
#2023=CARTESIAN_POINT('Ctrl Pts',(560.59825023482,193.41164347856,896.270247284626));
#2024=CARTESIAN_POINT('Ctrl Pts',(560.889445169275,193.458110811393,896.311961502251));
#2025=CARTESIAN_POINT('Ctrl Pts',(561.178191703333,193.510102042468,896.362536872035));
#2026=CARTESIAN_POINT('Ctrl Pts',(561.261905547085,193.525175420955,896.377199761817));
#2027=CARTESIAN_POINT('Ctrl Pts',(561.345413538956,193.540713245692,896.392607770332));
#2028=CARTESIAN_POINT('Ctrl Pts',(561.428702434902,193.556715278819,896.408763175404));
#2029=CARTESIAN_POINT('Ctrl Pts',(561.715501481755,193.61181707596,896.464393097299));
#2030=CARTESIAN_POINT('Ctrl Pts',(561.999704092505,193.672421566614,896.528881637205));
#2031=CARTESIAN_POINT('Ctrl Pts',(562.280769083885,193.738394460027,896.602050569374));
#2032=CARTESIAN_POINT('Ctrl Pts',(562.560495767648,193.804053219598,896.674871103334));
#2033=CARTESIAN_POINT('Ctrl Pts',(562.83711520459,193.875029524613,896.756289791887));
#2034=CARTESIAN_POINT('Ctrl Pts',(563.110070771871,193.951209342887,896.846173074984));
#2035=CARTESIAN_POINT('Ctrl Pts',(563.160770072903,193.965359131359,896.862868171819));
#2036=CARTESIAN_POINT('Ctrl Pts',(563.211342891982,193.979688489105,896.879855409755));
#2037=CARTESIAN_POINT('Ctrl Pts',(563.261785549444,193.994196749395,896.897134084291));
#2038=CARTESIAN_POINT('Ctrl Pts',(563.545165409745,194.075702145449,896.994203283705));
#2039=CARTESIAN_POINT('Ctrl Pts',(563.823389811644,194.162548472874,897.100107418519));
#2040=CARTESIAN_POINT('Ctrl Pts',(564.095900144298,194.254509307238,897.214553862712));
#2041=CARTESIAN_POINT('Ctrl Pts',(564.368410476952,194.346470141602,897.329000306905));
#2042=CARTESIAN_POINT('Ctrl Pts',(564.635207437678,194.443545660906,897.451989340034));
#2043=CARTESIAN_POINT('Ctrl Pts',(564.895717812887,194.545533932701,897.583282831035));
#2044=CARTESIAN_POINT('Ctrl Pts',(565.146687339981,194.643787018864,897.709767871489));
#2045=CARTESIAN_POINT('Ctrl Pts',(565.391822860513,194.746599850806,897.843960671891));
#2046=CARTESIAN_POINT('Ctrl Pts',(565.630798480584,194.853722443667,897.985469897714));
#2047=CARTESIAN_POINT('Ctrl Pts',(565.871200819822,194.961484573968,898.127823954172));
#2048=CARTESIAN_POINT('Ctrl Pts',(566.105369933969,195.073608278252,898.277582420159));
#2049=CARTESIAN_POINT('Ctrl Pts',(566.332943975665,195.189855751055,898.434387113511));
#2050=CARTESIAN_POINT('Ctrl Pts',(566.560509539457,195.306098893246,898.591185965357));
#2051=CARTESIAN_POINT('Ctrl Pts',(566.781480949544,195.426465711932,898.755030919305));
#2052=CARTESIAN_POINT('Ctrl Pts',(566.995459890799,195.550731917949,898.92559812079));
#2053=CARTESIAN_POINT('Ctrl Pts',(567.0849551592,195.60270543177,898.996936717886));
#2054=CARTESIAN_POINT('Ctrl Pts',(567.1732267764,195.655361199298,899.069451598763));
#2055=CARTESIAN_POINT('Ctrl Pts',(567.260243429491,195.708683373024,899.143120592712));
#2056=CARTESIAN_POINT('Ctrl Pts',(567.466977413239,195.835366082656,899.318143235583));
#2057=CARTESIAN_POINT('Ctrl Pts',(567.665926259987,195.96537581941,899.499082610604));
#2058=CARTESIAN_POINT('Ctrl Pts',(567.856797056962,196.098438581819,899.685538505227));
#2059=CARTESIAN_POINT('Ctrl Pts',(568.053251312228,196.235393769868,899.877448710971));
#2060=CARTESIAN_POINT('Ctrl Pts',(568.241148586054,196.375583370078,900.075203148955));
#2061=CARTESIAN_POINT('Ctrl Pts',(568.420136371984,196.518725908246,900.278408055782));
#2062=CARTESIAN_POINT('Ctrl Pts',(568.5957325716,196.659156081037,900.477762493274));
#2063=CARTESIAN_POINT('Ctrl Pts',(568.762754033485,196.802428612349,900.682363334334));
#2064=CARTESIAN_POINT('Ctrl Pts',(568.920830238906,196.948290728004,900.891872807993));
#2065=CARTESIAN_POINT('Ctrl Pts',(569.08348623389,197.098378766169,901.107452197729));
#2066=CARTESIAN_POINT('Ctrl Pts',(569.236671828515,197.251208804058,901.328229073436));
#2067=CARTESIAN_POINT('Ctrl Pts',(569.379935137062,197.40651600533,901.553865797295));
#2068=CARTESIAN_POINT('Ctrl Pts',(569.523198445608,197.561823206603,901.779502521153));
#2069=CARTESIAN_POINT('Ctrl Pts',(569.656539963351,197.719607820272,902.009999556965));
#2070=CARTESIAN_POINT('Ctrl Pts',(569.779451624127,197.879611997952,902.245043117483));
#2071=CARTESIAN_POINT('Ctrl Pts',(569.83282008246,197.949086092075,902.347099443031));
#2072=CARTESIAN_POINT('Ctrl Pts',(569.884221404416,198.01897871343,902.450013202773));
#2073=CARTESIAN_POINT('Ctrl Pts',(569.933649049738,198.089263719002,902.553742774481));
#2074=CARTESIAN_POINT('Ctrl Pts',(570.042768964017,198.244429795258,902.782743405595));
#2075=CARTESIAN_POINT('Ctrl Pts',(570.142000395527,198.401120313571,903.015147035784));
#2076=CARTESIAN_POINT('Ctrl Pts',(570.231384759592,198.559033316842,903.250465239261));
#2077=CARTESIAN_POINT('Ctrl Pts',(570.321981236576,198.719087728104,903.488974518019));
#2078=CARTESIAN_POINT('Ctrl Pts',(570.402461931597,198.880398252571,903.730478461877));
#2079=CARTESIAN_POINT('Ctrl Pts',(570.472820622488,199.042656278233,903.974489259985));
#2080=CARTESIAN_POINT('Ctrl Pts',(570.540369865253,199.198435281895,904.208756618143));
#2081=CARTESIAN_POINT('Ctrl Pts',(570.598589066767,199.355087870744,904.445335191458));
#2082=CARTESIAN_POINT('Ctrl Pts',(570.64742889215,199.512342608481,904.683804207554));
#2083=CARTESIAN_POINT('Ctrl Pts',(570.698368925837,199.676359608438,904.932527859163));
#2084=CARTESIAN_POINT('Ctrl Pts',(570.739018929328,199.840751263443,905.182883046118));
#2085=CARTESIAN_POINT('Ctrl Pts',(570.769377731739,200.005206423344,905.434383030348));
#2086=CARTESIAN_POINT('Ctrl Pts',(570.799766996121,200.169826597278,905.686135369242));
#2087=CARTESIAN_POINT('Ctrl Pts',(570.81984446085,200.334510669487,905.939035369159));
#2088=CARTESIAN_POINT('Ctrl Pts',(570.829557869773,200.498947123508,906.192604687493));
#2089=CARTESIAN_POINT('Ctrl Pts',(570.838717788468,200.654013646627,906.43172509907));
#2090=CARTESIAN_POINT('Ctrl Pts',(570.83866075786,200.808860156962,906.6714411982));
#2091=CARTESIAN_POINT('Ctrl Pts',(570.829300586505,200.963222681659,906.911353075897));
#2092=CARTESIAN_POINT('Ctrl Pts',(570.829116548537,200.966257729235,906.91607017912));
#2093=CARTESIAN_POINT('Ctrl Pts',(570.828928915664,200.969292541588,906.920787283056));
#2094=CARTESIAN_POINT('Ctrl Pts',(570.828737687407,200.972327116799,906.925504385156));
#2095=CARTESIAN_POINT('Origin',(507.851025907677,954.734611384853,7.105427357601E-13));
#2096=CARTESIAN_POINT('Origin',(619.767120923641,-724.00681385461,906.925275049545));
#2097=CARTESIAN_POINT('',(632.43899242842,-723.162022420958,906.925275049545));
#2098=CARTESIAN_POINT('',(607.095249418862,-724.851605288262,906.925275049546));
#2099=CARTESIAN_POINT('Origin',(619.767120923641,-724.006813854609,906.925275049546));
#2100=CARTESIAN_POINT('Origin',(619.767120923641,-724.00681385461,906.925275049545));
#2101=CARTESIAN_POINT('Ctrl Pts',(607.095249418862,-724.851605288262,906.925275049546));
#2102=CARTESIAN_POINT('Ctrl Pts',(603.7403608046,-674.528276074332,923.400278335556));
#2103=CARTESIAN_POINT('Ctrl Pts',(597.131357287703,-575.39322332088,952.407911247919));
#2104=CARTESIAN_POINT('Ctrl Pts',(587.535684541667,-431.45813213034,983.485417562713));
#2105=CARTESIAN_POINT('Ctrl Pts',(579.325815815639,-308.310101239907,998.606068841483));
#2106=CARTESIAN_POINT('Ctrl Pts',(573.395854275618,-219.360678139604,1001.04886495335));
#2107=CARTESIAN_POINT('Ctrl Pts',(567.607821533988,-132.540187015144,997.939257098272));
#2108=CARTESIAN_POINT('Ctrl Pts',(561.076909727479,-34.5765099175242,985.634603382413));
#2109=CARTESIAN_POINT('Ctrl Pts',(554.409108007105,65.4405158881016,959.556598805068));
#2110=CARTESIAN_POINT('Ctrl Pts',(549.252774463058,142.785519048798,931.734253505943));
#2111=CARTESIAN_POINT('Ctrl Pts',(546.732318831839,180.592353517084,915.565360289955));
#2112=CARTESIAN_POINT('Ctrl Pts',(545.486294075646,199.282724859971,906.925275049546));
#2113=CARTESIAN_POINT('Ctrl Pts',(607.13449197162,-725.440243579637,908.731277294384));
#2114=CARTESIAN_POINT('Ctrl Pts',(603.777110155801,-675.079516342353,925.218524058067));
#2115=CARTESIAN_POINT('Ctrl Pts',(597.162815139112,-575.86509109202,954.249648894427));
#2116=CARTESIAN_POINT('Ctrl Pts',(587.557346601281,-431.78306302455,985.35969226541));
#2117=CARTESIAN_POINT('Ctrl Pts',(579.336123464682,-308.464715975555,1000.50263603239));
#2118=CARTESIAN_POINT('Ctrl Pts',(573.39588160143,-219.361088026779,1002.95011658746));
#2119=CARTESIAN_POINT('Ctrl Pts',(567.596933137168,-132.376861062845,999.834775898643));
#2120=CARTESIAN_POINT('Ctrl Pts',(561.052938609274,-34.2169431444418,987.505568433988));
#2121=CARTESIAN_POINT('Ctrl Pts',(554.372305866483,65.9925479974248,961.376893116103));
#2122=CARTESIAN_POINT('Ctrl Pts',(549.206547843834,143.478918337153,933.503671959931));
#2123=CARTESIAN_POINT('Ctrl Pts',(546.681593813786,181.353228787873,917.305909572823));
#2124=CARTESIAN_POINT('Ctrl Pts',(545.433360508515,200.076728366934,908.650509987976));
#2125=CARTESIAN_POINT('Ctrl Pts',(608.077895051596,-726.559482302626,912.342131261747));
#2126=CARTESIAN_POINT('Ctrl Pts',(604.715520804815,-676.123868600904,928.853894582005));
#2127=CARTESIAN_POINT('Ctrl Pts',(598.0906748298,-576.751178975679,957.931965123131));
#2128=CARTESIAN_POINT('Ctrl Pts',(588.465613946907,-432.375265732291,989.107137601672));
#2129=CARTESIAN_POINT('Ctrl Pts',(580.221710653694,-308.716716334084,1004.29467322325));
#2130=CARTESIAN_POINT('Ctrl Pts',(574.260889420805,-219.304397840759,1006.7515433335));
#2131=CARTESIAN_POINT('Ctrl Pts',(568.440110869077,-131.992719564829,1003.62475901286));
#2132=CARTESIAN_POINT('Ctrl Pts',(561.869945638464,-33.4402411056491,991.246414736064));
#2133=CARTESIAN_POINT('Ctrl Pts',(555.163668392411,67.153917585164,965.016441823617));
#2134=CARTESIAN_POINT('Ctrl Pts',(549.979068932057,144.922909490458,937.04144431756));
#2135=CARTESIAN_POINT('Ctrl Pts',(547.445125813015,182.932056276081,920.785946095149));
#2136=CARTESIAN_POINT('Ctrl Pts',(546.192470069948,201.721892422093,912.099880795721));
#2137=CARTESIAN_POINT('Ctrl Pts',(611.806402712518,-727.732327211974,916.683871724439));
#2138=CARTESIAN_POINT('Ctrl Pts',(608.438033130825,-677.206783486591,933.225076607058));
#2139=CARTESIAN_POINT('Ctrl Pts',(601.800471805759,-577.643363610599,962.359618537163));
#2140=CARTESIAN_POINT('Ctrl Pts',(592.151859834918,-432.914184047971,993.61302726236));
#2141=CARTESIAN_POINT('Ctrl Pts',(583.880664131735,-308.84624850023,1008.8541596175));
#2142=CARTESIAN_POINT('Ctrl Pts',(577.895123309111,-219.063136160876,1011.32229615351));
#2143=CARTESIAN_POINT('Ctrl Pts',(572.048101568325,-131.357810049081,1008.18173342908));
#2144=CARTESIAN_POINT('Ctrl Pts',(565.446481948836,-32.3335157567463,995.744351428155));
#2145=CARTESIAN_POINT('Ctrl Pts',(558.709360011534,68.7233133027893,969.392565263339));
#2146=CARTESIAN_POINT('Ctrl Pts',(553.50210382851,146.832156048146,941.295247645311));
#2147=CARTESIAN_POINT('Ctrl Pts',(550.957347251777,185.003504699131,924.970342979486));
#2148=CARTESIAN_POINT('Ctrl Pts',(549.69938066998,203.873003426096,916.247451686755));
#2149=CARTESIAN_POINT('Ctrl Pts',(617.115825106225,-728.16851619499,919.09740705663));
#2150=CARTESIAN_POINT('Ctrl Pts',(613.74411640283,-677.592885644071,935.655009515249));
#2151=CARTESIAN_POINT('Ctrl Pts',(607.099510697347,-577.92380006182,964.820924015291));
#2152=CARTESIAN_POINT('Ctrl Pts',(597.437801029661,-432.998155046535,996.117886892831));
#2153=CARTESIAN_POINT('Ctrl Pts',(589.151451634134,-308.702914113622,1011.38883082516));
#2154=CARTESIAN_POINT('Ctrl Pts',(583.152148279192,-218.713363789494,1013.86325004412));
#2155=CARTESIAN_POINT('Ctrl Pts',(577.290533501614,-130.789142125831,1010.71504339644));
#2156=CARTESIAN_POINT('Ctrl Pts',(570.671417297974,-31.5023990712291,998.244805256355));
#2157=CARTESIAN_POINT('Ctrl Pts',(563.917156900167,69.8115068958844,971.825313880066));
#2158=CARTESIAN_POINT('Ctrl Pts',(558.697307311469,148.109250726349,943.659951891959));
#2159=CARTESIAN_POINT('Ctrl Pts',(556.146543677838,186.370705230813,927.296451514109));
#2160=CARTESIAN_POINT('Ctrl Pts',(554.88561920676,205.284572296977,918.553049862026));
#2161=CARTESIAN_POINT('Ctrl Pts',(622.294858147522,-727.821900994181,919.093294652128));
#2162=CARTESIAN_POINT('Ctrl Pts',(618.92316179845,-677.2464557581,935.650836441816));
#2163=CARTESIAN_POINT('Ctrl Pts',(612.278543006764,-577.577173882804,964.81671776884));
#2164=CARTESIAN_POINT('Ctrl Pts',(602.616861783457,-432.65195553321,996.113540170317));
#2165=CARTESIAN_POINT('Ctrl Pts',(594.330519454016,-308.356820591587,1011.3844148603));
#2166=CARTESIAN_POINT('Ctrl Pts',(588.33126166448,-218.367953748542,1013.85880267572));
#2167=CARTESIAN_POINT('Ctrl Pts',(582.46967664897,-130.4441785159,1010.71059296522));
#2168=CARTESIAN_POINT('Ctrl Pts',(575.850602153909,-31.1580610899786,998.24045014955));
#2169=CARTESIAN_POINT('Ctrl Pts',(569.096362760787,70.1555298068571,971.821063978943));
#2170=CARTESIAN_POINT('Ctrl Pts',(563.876533303619,148.45297166437,943.655867851924));
#2171=CARTESIAN_POINT('Ctrl Pts',(561.325775667361,186.714336208233,927.292447137205));
#2172=CARTESIAN_POINT('Ctrl Pts',(560.064862140095,205.628039117226,918.549121370825));
#2173=CARTESIAN_POINT('Ctrl Pts',(627.614881375962,-726.813477553741,917.096382187074));
#2174=CARTESIAN_POINT('Ctrl Pts',(624.245938770029,-676.279338464747,933.640401045755));
#2175=CARTESIAN_POINT('Ctrl Pts',(617.607182172826,-576.6979895067,962.780297982143));
#2176=CARTESIAN_POINT('Ctrl Pts',(607.956329473384,-431.935199015081,994.041173818966));
#2177=CARTESIAN_POINT('Ctrl Pts',(599.68255028933,-307.828511254263,1009.28740784533));
#2178=CARTESIAN_POINT('Ctrl Pts',(593.694649549755,-218.010000160647,1011.75662538395));
#2179=CARTESIAN_POINT('Ctrl Pts',(587.845131931315,-130.267235884039,1008.61476178711));
#2180=CARTESIAN_POINT('Ctrl Pts',(581.240517740085,-31.1980230155966,996.171750489123));
#2181=CARTESIAN_POINT('Ctrl Pts',(574.500469424718,69.9027017149175,969.808395988633));
#2182=CARTESIAN_POINT('Ctrl Pts',(569.291061295203,148.043823657627,941.699431183804));
#2183=CARTESIAN_POINT('Ctrl Pts',(566.745279492858,186.230550692815,925.367925082849));
#2184=CARTESIAN_POINT('Ctrl Pts',(565.486805309837,205.107663438121,916.641514022304));
#2185=CARTESIAN_POINT('Ctrl Pts',(631.12346050978,-725.373031156467,913.410970717184));
#2186=CARTESIAN_POINT('Ctrl Pts',(627.759614991861,-674.915348387684,929.929959075173));
#2187=CARTESIAN_POINT('Ctrl Pts',(621.131621291288,-575.495442879095,959.021945749732));
#2188=CARTESIAN_POINT('Ctrl Pts',(611.50076692855,-431.032627438019,990.216332047864));
#2189=CARTESIAN_POINT('Ctrl Pts',(603.25013177976,-307.273100206162,1005.41704912737));
#2190=CARTESIAN_POINT('Ctrl Pts',(597.283240554027,-217.76973182017,1007.87667835005));
#2191=CARTESIAN_POINT('Ctrl Pts',(591.456004929705,-130.361197455343,1004.74649087932));
#2192=CARTESIAN_POINT('Ctrl Pts',(584.878104624991,-31.6926928846286,992.353640260692));
#2193=CARTESIAN_POINT('Ctrl Pts',(578.164228390652,69.0154506304494,966.09367256763));
#2194=CARTESIAN_POINT('Ctrl Pts',(572.974050426999,146.868120085247,938.088597385879));
#2195=CARTESIAN_POINT('Ctrl Pts',(570.437442321894,184.91724166182,921.816022538848));
#2196=CARTESIAN_POINT('Ctrl Pts',(569.183483284873,203.726627217137,913.120920042689));
#2197=CARTESIAN_POINT('Ctrl Pts',(632.882482719319,-723.349724018074,907.588924677005));
#2198=CARTESIAN_POINT('Ctrl Pts',(629.526678799468,-673.012665220311,924.068422795577));
#2199=CARTESIAN_POINT('Ctrl Pts',(622.915727552037,-573.848396508848,953.084690901742));
#2200=CARTESIAN_POINT('Ctrl Pts',(613.3164559557,-429.85932256379,984.174144938202));
#2201=CARTESIAN_POINT('Ctrl Pts',(605.1024123935,-306.648669130792,999.302985609182));
#2202=CARTESIAN_POINT('Ctrl Pts',(599.168676036161,-217.642623770707,1001.74750041121));
#2203=CARTESIAN_POINT('Ctrl Pts',(593.376632744204,-130.761974391349,998.635783822017));
#2204=CARTESIAN_POINT('Ctrl Pts',(586.840914994726,-32.7262081491825,986.322112493521));
#2205=CARTESIAN_POINT('Ctrl Pts',(580.168397204784,67.3615586999491,960.225486672369));
#2206=CARTESIAN_POINT('Ctrl Pts',(575.008600285304,144.758512492145,932.384452583391));
#2207=CARTESIAN_POINT('Ctrl Pts',(572.486491080295,182.590150567275,916.204952656487));
#2208=CARTESIAN_POINT('Ctrl Pts',(571.239655520295,201.29268396727,907.559245205143));
#2209=CARTESIAN_POINT('Ctrl Pts',(631.771987960383,-721.384811964538,901.360913635782));
#2210=CARTESIAN_POINT('Ctrl Pts',(628.424783951613,-671.176751832994,917.798179781965));
#2211=CARTESIAN_POINT('Ctrl Pts',(621.832072615175,-572.286081786419,946.733442184085));
#2212=CARTESIAN_POINT('Ctrl Pts',(612.266583793654,-428.803749463617,977.710671195599));
#2213=CARTESIAN_POINT('Ctrl Pts',(604.091690116705,-306.180344309361,992.76263028859));
#2214=CARTESIAN_POINT('Ctrl Pts',(598.193412454315,-217.706179373522,995.19098427012));
#2215=CARTESIAN_POINT('Ctrl Pts',(592.439013640784,-131.390197170562,992.099032355911));
#2216=CARTESIAN_POINT('Ctrl Pts',(585.948415473004,-34.0312246538548,979.870047125549));
#2217=CARTESIAN_POINT('Ctrl Pts',(579.320142982456,65.3928627043679,953.948156515469));
#2218=CARTESIAN_POINT('Ctrl Pts',(574.192846026009,142.302317051053,926.282583809528));
#2219=CARTESIAN_POINT('Ctrl Pts',(571.68624825195,179.901283661951,910.202643771704));
#2220=CARTESIAN_POINT('Ctrl Pts',(570.447030738569,198.489546362662,901.609760770137));
#2221=CARTESIAN_POINT('Ctrl Pts',(627.171156923247,-720.182961144698,896.752938218872));
#2222=CARTESIAN_POINT('Ctrl Pts',(623.830319461471,-670.070399218057,913.158939874725));
#2223=CARTESIAN_POINT('Ctrl Pts',(617.251089706122,-571.381952887814,942.034278961182));
#2224=CARTESIAN_POINT('Ctrl Pts',(607.710599412467,-428.274598482996,972.928438706388));
#2225=CARTESIAN_POINT('Ctrl Pts',(599.56466164169,-306.085531921329,987.923504615522));
#2226=CARTESIAN_POINT('Ctrl Pts',(593.692631246825,-218.005075998367,990.339890200664));
#2227=CARTESIAN_POINT('Ctrl Pts',(587.966087480945,-132.106919510165,987.262552941488));
#2228=CARTESIAN_POINT('Ctrl Pts',(581.508878869204,-35.2487903340535,975.096246746466));
#2229=CARTESIAN_POINT('Ctrl Pts',(574.913338060398,63.6843217980484,949.303633507329));
#2230=CARTESIAN_POINT('Ctrl Pts',(569.81008642168,140.233096378801,921.767908373463));
#2231=CARTESIAN_POINT('Ctrl Pts',(567.314962909353,177.65994906372,905.761638237286));
#2232=CARTESIAN_POINT('Ctrl Pts',(566.081385064957,196.163616729655,897.207861377484));
#2233=CARTESIAN_POINT('Ctrl Pts',(621.168313997227,-719.854564356209,894.527452223565));
#2234=CARTESIAN_POINT('Ctrl Pts',(617.830546263158,-669.788048345169,910.918379228701));
#2235=CARTESIAN_POINT('Ctrl Pts',(611.257846767261,-571.197555906722,939.764762039491));
#2236=CARTESIAN_POINT('Ctrl Pts',(601.729425186429,-428.271232194242,970.618852880791));
#2237=CARTESIAN_POINT('Ctrl Pts',(593.597486382984,-306.292150142566,985.586455507241));
#2238=CARTESIAN_POINT('Ctrl Pts',(587.738115598882,-218.401588381037,987.997076580473));
#2239=CARTESIAN_POINT('Ctrl Pts',(582.02502108049,-132.705170605152,984.926809946621));
#2240=CARTESIAN_POINT('Ctrl Pts',(575.583929344193,-36.0887945607064,972.790745450412));
#2241=CARTESIAN_POINT('Ctrl Pts',(569.00420301185,62.6071004244513,947.060576269728));
#2242=CARTESIAN_POINT('Ctrl Pts',(563.912565406582,138.981664503462,919.58752474445));
#2243=CARTESIAN_POINT('Ctrl Pts',(561.422986782398,176.325343866219,903.616823909527));
#2244=CARTESIAN_POINT('Ctrl Pts',(560.192128190394,194.788222746277,895.081902672247));
#2245=CARTESIAN_POINT('Ctrl Pts',(615.914491197526,-720.327538684593,894.902302075654));
#2246=CARTESIAN_POINT('Ctrl Pts',(612.576217186649,-670.253428521441,911.295715277212));
#2247=CARTESIAN_POINT('Ctrl Pts',(606.002377212447,-571.645828908411,940.147008124198));
#2248=CARTESIAN_POINT('Ctrl Pts',(596.471932741453,-428.689161843501,971.007740864264));
#2249=CARTESIAN_POINT('Ctrl Pts',(588.337605707149,-306.674256328942,985.979939453259));
#2250=CARTESIAN_POINT('Ctrl Pts',(582.476138348146,-218.752245943898,988.391498015483));
#2251=CARTESIAN_POINT('Ctrl Pts',(576.760786420664,-133.021967031663,985.320014437233));
#2252=CARTESIAN_POINT('Ctrl Pts',(570.316999266618,-36.3651597209863,973.178919769398));
#2253=CARTESIAN_POINT('Ctrl Pts',(563.734595971887,62.3708896999858,947.438216403202));
#2254=CARTESIAN_POINT('Ctrl Pts',(558.641000012495,138.77482909086,919.954689136783));
#2255=CARTESIAN_POINT('Ctrl Pts',(556.150480584515,176.132620510566,903.978019652833));
#2256=CARTESIAN_POINT('Ctrl Pts',(554.919173518069,194.602226507251,895.439988639936));
#2257=CARTESIAN_POINT('Ctrl Pts',(610.99156579415,-721.556123630554,897.652566675401));
#2258=CARTESIAN_POINT('Ctrl Pts',(607.649483012465,-671.424881905274,914.064683780068));
#2259=CARTESIAN_POINT('Ctrl Pts',(601.067630094302,-572.697088132833,942.951714686693));
#2260=CARTESIAN_POINT('Ctrl Pts',(591.522257095228,-429.516493146732,973.862115754756));
#2261=CARTESIAN_POINT('Ctrl Pts',(583.370672820541,-307.24272902641,988.868295618851));
#2262=CARTESIAN_POINT('Ctrl Pts',(577.49351026281,-219.085290660463,991.287025159429));
#2263=CARTESIAN_POINT('Ctrl Pts',(571.761526540527,-133.105534826209,988.206840336039));
#2264=CARTESIAN_POINT('Ctrl Pts',(565.297794975376,-36.149561348945,976.028283197469));
#2265=CARTESIAN_POINT('Ctrl Pts',(558.69586676823,62.8793617582466,950.210434357906));
#2266=CARTESIAN_POINT('Ctrl Pts',(553.587921161839,139.498545854108,922.649341024611));
#2267=CARTESIAN_POINT('Ctrl Pts',(551.090558996913,176.958978327997,906.628683176174));
#2268=CARTESIAN_POINT('Ctrl Pts',(549.855878012608,195.479193092562,898.067257011818));
#2269=CARTESIAN_POINT('Ctrl Pts',(607.841672699611,-723.027519821292,901.505556160721));
#2270=CARTESIAN_POINT('Ctrl Pts',(604.494278179349,-672.816602017362,917.943757860309));
#2271=CARTESIAN_POINT('Ctrl Pts',(597.901108532379,-573.91905731281,946.880929630554));
#2272=CARTESIAN_POINT('Ctrl Pts',(588.334843596259,-430.425083271022,977.860673371743));
#2273=CARTESIAN_POINT('Ctrl Pts',(580.159014745784,-307.787650513881,992.914392490791));
#2274=CARTESIAN_POINT('Ctrl Pts',(574.259944157621,-219.301591691453,995.343093174033));
#2275=CARTESIAN_POINT('Ctrl Pts',(568.50467784196,-132.972596956522,992.250659986667));
#2276=CARTESIAN_POINT('Ctrl Pts',(562.013048246079,-35.5981530183218,980.019762370518));
#2277=CARTESIAN_POINT('Ctrl Pts',(555.383736843206,63.8415180247868,954.093799573766));
#2278=CARTESIAN_POINT('Ctrl Pts',(550.255683256732,140.762321821882,926.424220901676));
#2279=CARTESIAN_POINT('Ctrl Pts',(547.748719376197,178.366780029915,910.341987857463));
#2280=CARTESIAN_POINT('Ctrl Pts',(546.5093331023,196.957574138363,901.74793465022));
#2281=CARTESIAN_POINT('Ctrl Pts',(607.056006866104,-724.262966996886,905.119272804708));
#2282=CARTESIAN_POINT('Ctrl Pts',(603.703606661581,-673.976963929054,921.582056144438));
#2283=CARTESIAN_POINT('Ctrl Pts',(597.099912682812,-574.921554247517,950.566182550283));
#2284=CARTESIAN_POINT('Ctrl Pts',(587.514031323205,-431.133333853416,981.611199451181));
#2285=CARTESIAN_POINT('Ctrl Pts',(579.315530491473,-308.155821377417,996.709571504344));
#2286=CARTESIAN_POINT('Ctrl Pts',(573.395833374238,-219.360364618906,999.14769805467));
#2287=CARTESIAN_POINT('Ctrl Pts',(567.61871283436,-132.703556520723,996.043834599606));
#2288=CARTESIAN_POINT('Ctrl Pts',(561.100875196145,-34.9359919475003,983.763706347405));
#2289=CARTESIAN_POINT('Ctrl Pts',(554.445910391891,64.8884801163026,957.736379812989));
#2290=CARTESIAN_POINT('Ctrl Pts',(549.299002280003,142.092101794617,929.964874479258));
#2291=CARTESIAN_POINT('Ctrl Pts',(546.78304809462,179.831414575369,913.824840440544));
#2292=CARTESIAN_POINT('Ctrl Pts',(545.539227642777,198.488721353008,905.200040111115));
#2293=CARTESIAN_POINT('Ctrl Pts',(607.095249418862,-724.851605288262,906.925275049546));
#2294=CARTESIAN_POINT('Ctrl Pts',(603.7403608046,-674.528276074332,923.400278335556));
#2295=CARTESIAN_POINT('Ctrl Pts',(597.131357287703,-575.39322332088,952.407911247919));
#2296=CARTESIAN_POINT('Ctrl Pts',(587.535684541667,-431.45813213034,983.485417562713));
#2297=CARTESIAN_POINT('Ctrl Pts',(579.325815815639,-308.310101239907,998.606068841483));
#2298=CARTESIAN_POINT('Ctrl Pts',(573.395854275618,-219.360678139604,1001.04886495335));
#2299=CARTESIAN_POINT('Ctrl Pts',(567.607821533988,-132.540187015144,997.939257098272));
#2300=CARTESIAN_POINT('Ctrl Pts',(561.076909727479,-34.5765099175242,985.634603382413));
#2301=CARTESIAN_POINT('Ctrl Pts',(554.409108007105,65.4405158881016,959.556598805068));
#2302=CARTESIAN_POINT('Ctrl Pts',(549.252774463058,142.785519048798,931.734253505943));
#2303=CARTESIAN_POINT('Ctrl Pts',(546.732318831839,180.592353517084,915.565360289955));
#2304=CARTESIAN_POINT('Ctrl Pts',(545.486294075646,199.282724859971,906.925275049546));
#2305=CARTESIAN_POINT('Ctrl Pts',(607.095249418862,-724.851605288262,906.925275049546));
#2306=CARTESIAN_POINT('Ctrl Pts',(603.7403608046,-674.528276074332,923.400278335556));
#2307=CARTESIAN_POINT('Ctrl Pts',(597.131357287703,-575.39322332088,952.407911247919));
#2308=CARTESIAN_POINT('Ctrl Pts',(587.535684541667,-431.45813213034,983.485417562713));
#2309=CARTESIAN_POINT('Ctrl Pts',(579.325815815639,-308.310101239907,998.606068841483));
#2310=CARTESIAN_POINT('Ctrl Pts',(573.395854275618,-219.360678139604,1001.04886495335));
#2311=CARTESIAN_POINT('Ctrl Pts',(567.607821533988,-132.540187015144,997.939257098272));
#2312=CARTESIAN_POINT('Ctrl Pts',(561.076909727479,-34.5765099175242,985.634603382413));
#2313=CARTESIAN_POINT('Ctrl Pts',(554.409108007105,65.4405158881016,959.556598805068));
#2314=CARTESIAN_POINT('Ctrl Pts',(549.252774463058,142.785519048798,931.734253505943));
#2315=CARTESIAN_POINT('Ctrl Pts',(546.732318831839,180.592353517084,915.565360289955));
#2316=CARTESIAN_POINT('Ctrl Pts',(545.486294075646,199.282724859971,906.925275049546));
#2317=CARTESIAN_POINT('Ctrl Pts',(607.095249418862,-724.851605288262,906.925275049546));
#2318=CARTESIAN_POINT('Ctrl Pts',(607.095021391978,-724.848184884999,906.920785642189));
#2319=CARTESIAN_POINT('Ctrl Pts',(607.094796715638,-724.844764260997,906.916296232816));
#2320=CARTESIAN_POINT('Ctrl Pts',(607.056832961285,-724.257990773155,906.146232899021));
#2321=CARTESIAN_POINT('Ctrl Pts',(607.11659145598,-723.669250391177,905.381962614941));
#2322=CARTESIAN_POINT('Ctrl Pts',(607.429724488873,-722.503987268239,903.885978651079));
#2323=CARTESIAN_POINT('Ctrl Pts',(607.681657581685,-721.929448597399,903.156734480406));
#2324=CARTESIAN_POINT('Ctrl Pts',(608.644547502942,-720.374292821243,901.206977755197));
#2325=CARTESIAN_POINT('Ctrl Pts',(609.554124464211,-719.44170735228,900.066311975472));
#2326=CARTESIAN_POINT('Ctrl Pts',(611.820649180873,-717.867373054439,898.204069639195));
#2327=CARTESIAN_POINT('Ctrl Pts',(613.129568785612,-717.22601614427,897.478853433312));
#2328=CARTESIAN_POINT('Ctrl Pts',(616.006192475889,-716.285107616917,896.498287666778));
#2329=CARTESIAN_POINT('Ctrl Pts',(617.532881887979,-715.986709722142,896.240880404072));
#2330=CARTESIAN_POINT('Ctrl Pts',(620.681078369978,-715.756096962076,896.213738815584));
#2331=CARTESIAN_POINT('Ctrl Pts',(622.262659590296,-715.832591367291,896.451922450636));
#2332=CARTESIAN_POINT('Ctrl Pts',(625.338816852474,-716.369402862014,897.423014442155));
#2333=CARTESIAN_POINT('Ctrl Pts',(626.783823833989,-716.843622180303,898.169780646941));
#2334=CARTESIAN_POINT('Ctrl Pts',(629.341838944096,-718.156651464596,900.110962881007));
#2335=CARTESIAN_POINT('Ctrl Pts',(630.400361616132,-719.002590050167,901.309910035237));
#2336=CARTESIAN_POINT('Ctrl Pts',(631.926133594303,-720.944338085465,903.982108379451));
#2337=CARTESIAN_POINT('Ctrl Pts',(632.361460726111,-722.032246685289,905.442205939995));
#2338=CARTESIAN_POINT('Ctrl Pts',(632.438533024449,-723.155181840302,906.916296232886));
#2339=CARTESIAN_POINT('Ctrl Pts',(632.438764401533,-723.158602017659,906.920785642122));
#2340=CARTESIAN_POINT('Ctrl Pts',(632.438992428419,-723.162022420946,906.92527504951));
#2341=CARTESIAN_POINT('Origin',(637.589062980123,-991.335944701847,500.));
#2342=CARTESIAN_POINT('',(624.917191475344,-992.180736135499,500.));
#2343=CARTESIAN_POINT('',(624.917191475344,-992.180736135498,500.));
#2344=CARTESIAN_POINT('Origin',(637.589062980123,-991.335944701847,500.));
#2345=CARTESIAN_POINT('Ctrl Pts',(622.179154402898,-951.110180048801,-1.41246388509002E-14));
#2346=CARTESIAN_POINT('Ctrl Pts',(623.809626420664,-975.567260315294,17.5037343126778));
#2347=CARTESIAN_POINT('Ctrl Pts',(626.688269625176,-1018.74690838296,54.1182463086097));
#2348=CARTESIAN_POINT('Ctrl Pts',(629.282757802386,-1057.66423104112,104.106035965436));
#2349=CARTESIAN_POINT('Ctrl Pts',(630.690235542469,-1078.77639714236,146.90475295077));
#2350=CARTESIAN_POINT('Ctrl Pts',(631.31632121587,-1088.16768224336,176.749735761102));
#2351=CARTESIAN_POINT('Ctrl Pts',(631.719681750895,-1094.21809026876,211.590568363649));
#2352=CARTESIAN_POINT('Ctrl Pts',(631.755451129584,-1094.75463094908,243.9170103051));
#2353=CARTESIAN_POINT('Ctrl Pts',(631.412158275004,-1089.60523813039,285.956082426704));
#2354=CARTESIAN_POINT('Ctrl Pts',(630.552629445672,-1076.71230569041,338.284409558892));
#2355=CARTESIAN_POINT('Ctrl Pts',(628.494036405936,-1045.83341009436,411.891535507634));
#2356=CARTESIAN_POINT('Ctrl Pts',(626.224686274405,-1011.79315812142,470.146200731233));
#2357=CARTESIAN_POINT('Ctrl Pts',(624.917191475344,-992.180736135498,500.));
#2358=CARTESIAN_POINT('Ctrl Pts',(622.252599390268,-952.211854859348,-1.5461557392506));
#2359=CARTESIAN_POINT('Ctrl Pts',(623.888404301852,-976.748928533117,16.0148292072922));
#2360=CARTESIAN_POINT('Ctrl Pts',(626.778508067041,-1020.10048501093,52.7696078345426));
#2361=CARTESIAN_POINT('Ctrl Pts',(629.389129353696,-1059.25980431076,103.053735591005));
#2362=CARTESIAN_POINT('Ctrl Pts',(630.807833202246,-1080.54036203902,146.188539597259));
#2363=CARTESIAN_POINT('Ctrl Pts',(631.439342174194,-1090.01299661822,176.290833766892));
#2364=CARTESIAN_POINT('Ctrl Pts',(631.846159177714,-1096.11525167105,211.431349703276));
#2365=CARTESIAN_POINT('Ctrl Pts',(631.882067940037,-1096.65388310588,244.012991418139));
#2366=CARTESIAN_POINT('Ctrl Pts',(631.536488808558,-1091.47019613369,286.323022974786));
#2367=CARTESIAN_POINT('Ctrl Pts',(630.672369571472,-1078.5084075774,338.9168193737));
#2368=CARTESIAN_POINT('Ctrl Pts',(628.606691740369,-1047.52324011086,412.762668657113));
#2369=CARTESIAN_POINT('Ctrl Pts',(626.332553300982,-1013.41116352006,471.138216458739));
#2370=CARTESIAN_POINT('Ctrl Pts',(625.022747061449,-993.764069927063,501.04479244212));
#2371=CARTESIAN_POINT('Ctrl Pts',(623.264398880033,-954.356852949589,-4.63750186308724));
#2372=CARTESIAN_POINT('Ctrl Pts',(624.910882472667,-979.054106839105,13.0381227668529));
#2373=CARTESIAN_POINT('Ctrl Pts',(627.823869563857,-1022.74891320694,50.0721206757973));
#2374=CARTESIAN_POINT('Ctrl Pts',(630.466778438791,-1062.39254633096,100.948905957318));
#2375=CARTESIAN_POINT('Ctrl Pts',(631.90793289977,-1084.00986324564,144.755751412887));
#2376=CARTESIAN_POINT('Ctrl Pts',(632.550297670259,-1093.64533480298,175.372941623974));
#2377=CARTESIAN_POINT('Ctrl Pts',(632.964030589945,-1099.85132859827,211.113311653541));
#2378=CARTESIAN_POINT('Ctrl Pts',(633.000215465476,-1100.39410173124,244.205313859736));
#2379=CARTESIAN_POINT('Ctrl Pts',(632.650056335685,-1095.14171478436,287.057405985038));
#2380=CARTESIAN_POINT('Ctrl Pts',(631.776746600679,-1082.04206875928,340.182384286565));
#2381=CARTESIAN_POINT('Ctrl Pts',(629.696889735578,-1050.84421578275,414.50537307528));
#2382=CARTESIAN_POINT('Ctrl Pts',(627.413182409054,-1016.5886058849,473.12146799025));
#2383=CARTESIAN_POINT('Ctrl Pts',(626.098747700174,-996.872085251716,503.133725001868));
#2384=CARTESIAN_POINT('Ctrl Pts',(627.075140671353,-956.763076479904,-8.35456638860343));
#2385=CARTESIAN_POINT('Ctrl Pts',(628.734448130713,-981.652688370298,9.45872730500248));
#2386=CARTESIAN_POINT('Ctrl Pts',(631.674981107499,-1025.76068302207,46.8296921056095));
#2387=CARTESIAN_POINT('Ctrl Pts',(634.356681333293,-1065.98618640899,98.4189275767231));
#2388=CARTESIAN_POINT('Ctrl Pts',(635.824825203622,-1088.00834446394,143.033764650423));
#2389=CARTESIAN_POINT('Ctrl Pts',(636.480230457539,-1097.83942327267,174.26963527355));
#2390=CARTESIAN_POINT('Ctrl Pts',(636.902273985641,-1104.17007619422,210.730598655386));
#2391=CARTESIAN_POINT('Ctrl Pts',(636.938793438861,-1104.71786799251,244.436142536632));
#2392=CARTESIAN_POINT('Ctrl Pts',(636.583136179386,-1099.38300910039,287.939701521149));
#2393=CARTESIAN_POINT('Ctrl Pts',(635.698788295351,-1086.11779083987,341.702967463761));
#2394=CARTESIAN_POINT('Ctrl Pts',(633.601896348243,-1054.66441163324,416.599832113485));
#2395=CARTESIAN_POINT('Ctrl Pts',(631.306678542713,-1020.2361445503,475.506309985771));
#2396=CARTESIAN_POINT('Ctrl Pts',(629.986685574929,-1000.43625003354,505.645477747432));
#2397=CARTESIAN_POINT('Ctrl Pts',(632.43028682387,-957.884893591016,-10.4208561549717));
#2398=CARTESIAN_POINT('Ctrl Pts',(634.096736578419,-982.88163990925,7.46911278114932));
#2399=CARTESIAN_POINT('Ctrl Pts',(637.052556433859,-1027.21893774084,45.0263670650293));
#2400=CARTESIAN_POINT('Ctrl Pts',(639.755846852105,-1067.76829401454,97.0117879739763));
#2401=CARTESIAN_POINT('Ctrl Pts',(641.238998473722,-1090.01556833879,142.075846599374));
#2402=CARTESIAN_POINT('Ctrl Pts',(641.901663391084,-1099.95554209921,173.656001044938));
#2403=CARTESIAN_POINT('Ctrl Pts',(642.328331033607,-1106.35555673707,210.518102573471));
#2404=CARTESIAN_POINT('Ctrl Pts',(642.365034324403,-1106.90610609902,244.564810737371));
#2405=CARTESIAN_POINT('Ctrl Pts',(642.006313256874,-1101.52529008607,288.430776107855));
#2406=CARTESIAN_POINT('Ctrl Pts',(641.115818825602,-1088.167873617,342.54920455347));
#2407=CARTESIAN_POINT('Ctrl Pts',(639.009445567107,-1056.57227473956,417.764950179803));
#2408=CARTESIAN_POINT('Ctrl Pts',(636.707833140433,-1022.04808833947,476.831892131346));
#2409=CARTESIAN_POINT('Ctrl Pts',(635.384744481881,-1002.20175846118,507.041743256997));
#2410=CARTESIAN_POINT('Ctrl Pts',(637.60923033978,-957.537105160261,-10.4173273604112));
#2411=CARTESIAN_POINT('Ctrl Pts',(639.275653668752,-982.533455094838,7.4723578871359));
#2412=CARTESIAN_POINT('Ctrl Pts',(642.231474289294,-1026.87076440296,45.0303696144251));
#2413=CARTESIAN_POINT('Ctrl Pts',(644.934700260352,-1067.41915396883,97.0149680304453));
#2414=CARTESIAN_POINT('Ctrl Pts',(646.417821511868,-1089.66597274157,142.078191731814));
#2415=CARTESIAN_POINT('Ctrl Pts',(647.080462991653,-1099.60559493834,173.657377603101));
#2416=CARTESIAN_POINT('Ctrl Pts',(647.507118231652,-1106.00542353834,210.518202486646));
#2417=CARTESIAN_POINT('Ctrl Pts',(647.543823459845,-1106.55600196122,244.564222523658));
#2418=CARTESIAN_POINT('Ctrl Pts',(647.185115405603,-1101.17538114759,288.429296334687));
#2419=CARTESIAN_POINT('Ctrl Pts',(646.29464247668,-1087.81828721376,342.546759430542));
#2420=CARTESIAN_POINT('Ctrl Pts',(644.188297578767,-1056.22311374506,417.76209914527));
#2421=CARTESIAN_POINT('Ctrl Pts',(641.886691916596,-1021.6990288125,476.829769118705));
#2422=CARTESIAN_POINT('Ctrl Pts',(640.563614711703,-1001.8528707391,507.039358724965));
#2423=CARTESIAN_POINT('Ctrl Pts',(642.89143088366,-955.961410926284,-8.70772644655759));
#2424=CARTESIAN_POINT('Ctrl Pts',(644.55196402709,-980.869408077728,9.11872542951219));
#2425=CARTESIAN_POINT('Ctrl Pts',(647.495100397439,-1025.01645363295,46.5211550882026));
#2426=CARTESIAN_POINT('Ctrl Pts',(650.180500322046,-1065.29745250207,98.178155460772));
#2427=CARTESIAN_POINT('Ctrl Pts',(651.651210895013,-1087.35811109657,142.869794875428));
#2428=CARTESIAN_POINT('Ctrl Pts',(652.307860781892,-1097.20785939974,174.16464142681));
#2429=CARTESIAN_POINT('Ctrl Pts',(652.730696210909,-1103.550390835,210.694371518563));
#2430=CARTESIAN_POINT('Ctrl Pts',(652.767246300187,-1104.09864217418,244.458262277639));
#2431=CARTESIAN_POINT('Ctrl Pts',(652.411062678237,-1098.75588784493,288.023856986055));
#2432=CARTESIAN_POINT('Ctrl Pts',(651.525660421511,-1085.47485399404,341.847950589413));
#2433=CARTESIAN_POINT('Ctrl Pts',(649.427143734932,-1053.99710369535,416.799268479033));
#2434=CARTESIAN_POINT('Ctrl Pts',(647.130834440641,-1019.55246428098,475.732822881096));
#2435=CARTESIAN_POINT('Ctrl Pts',(645.810310223621,-999.74460102569,505.884120563315));
#2436=CARTESIAN_POINT('Ctrl Pts',(646.33018184429,-953.474031406195,-5.55255667694511));
#2437=CARTESIAN_POINT('Ctrl Pts',(647.979812447936,-978.218490460886,12.1568523074806));
#2438=CARTESIAN_POINT('Ctrl Pts',(650.899599443427,-1022.01529539323,49.2745540450644));
#2439=CARTESIAN_POINT('Ctrl Pts',(653.552038607476,-1061.80188285399,100.326626203889));
#2440=CARTESIAN_POINT('Ctrl Pts',(654.999833926168,-1083.51881263436,144.332333133288));
#2441=CARTESIAN_POINT('Ctrl Pts',(655.645401258183,-1093.20232261458,175.101562524715));
#2442=CARTESIAN_POINT('Ctrl Pts',(656.061176912918,-1099.43895743562,211.018913135751));
#2443=CARTESIAN_POINT('Ctrl Pts',(656.097445724424,-1099.9829896082,244.261881431249));
#2444=CARTESIAN_POINT('Ctrl Pts',(655.74593851164,-1094.71038141643,287.274159322391));
#2445=CARTESIAN_POINT('Ctrl Pts',(654.869919119355,-1081.57009053218,340.556018859534));
#2446=CARTESIAN_POINT('Ctrl Pts',(652.785877103096,-1050.30946028827,415.02037928321));
#2447=CARTESIAN_POINT('Ctrl Pts',(650.499333264716,-1016.01130271258,473.708658848082));
#2448=CARTESIAN_POINT('Ctrl Pts',(649.183534544314,-996.274321906555,503.7520600954));
#2449=CARTESIAN_POINT('Ctrl Pts',(647.97892688783,-949.796837119976,-0.56818010923139));
#2450=CARTESIAN_POINT('Ctrl Pts',(649.611356720641,-974.283284612135,16.9565720890633));
#2451=CARTESIAN_POINT('Ctrl Pts',(652.494215055396,-1017.52615963345,53.6227737456848));
#2452=CARTESIAN_POINT('Ctrl Pts',(655.094628108215,-1056.53235542574,103.719441885409));
#2453=CARTESIAN_POINT('Ctrl Pts',(656.50623057273,-1077.70639239348,146.641654760955));
#2454=CARTESIAN_POINT('Ctrl Pts',(657.134307711648,-1087.12754947723,176.581142985454));
#2455=CARTESIAN_POINT('Ctrl Pts',(657.538937821369,-1093.19700112306,211.53202346165));
#2456=CARTESIAN_POINT('Ctrl Pts',(657.574758723289,-1093.73431465186,243.952231836885));
#2457=CARTESIAN_POINT('Ctrl Pts',(657.230626755421,-1088.57233513383,286.090839270262));
#2458=CARTESIAN_POINT('Ctrl Pts',(656.369412526028,-1075.65412169295,338.51667260902));
#2459=CARTESIAN_POINT('Ctrl Pts',(654.30821760844,-1044.73619792911,412.211543064364));
#2460=CARTESIAN_POINT('Ctrl Pts',(652.037107314556,-1010.66954352086,470.510764827935));
#2461=CARTESIAN_POINT('Ctrl Pts',(650.72876393814,-991.044392874624,500.383939514512));
#2462=CARTESIAN_POINT('Ctrl Pts',(646.750475371841,-946.062727918591,4.76373150556885));
#2463=CARTESIAN_POINT('Ctrl Pts',(648.364510216682,-970.27325059121,22.0910065447396));
#2464=CARTESIAN_POINT('Ctrl Pts',(651.207855403647,-1012.92342839567,58.2738414496819));
#2465=CARTESIAN_POINT('Ctrl Pts',(653.752624724145,-1051.09496820315,107.348542482129));
#2466=CARTESIAN_POINT('Ctrl Pts',(655.125512492686,-1071.68828473126,149.111739118463));
#2467=CARTESIAN_POINT('Ctrl Pts',(655.73488389754,-1080.82885580406,178.163769123603));
#2468=CARTESIAN_POINT('Ctrl Pts',(656.127592956895,-1086.7194916944,212.081004692446));
#2469=CARTESIAN_POINT('Ctrl Pts',(656.162933911084,-1087.24960600723,243.621124158259));
#2470=CARTESIAN_POINT('Ctrl Pts',(655.826688634655,-1082.20592686079,284.825242383186));
#2471=CARTESIAN_POINT('Ctrl Pts',(654.981307908006,-1069.52521596107,336.335491928357));
#2472=CARTESIAN_POINT('Ctrl Pts',(652.944548734635,-1038.97382836049,409.207170071099));
#2473=CARTESIAN_POINT('Ctrl Pts',(650.689949578344,-1005.15484101614,467.089847521489));
#2474=CARTESIAN_POINT('Ctrl Pts',(649.38957915641,-985.649284687129,496.78097713771));
#2475=CARTESIAN_POINT('Ctrl Pts',(642.06238059205,-943.551877774832,8.70871088109009));
#2476=CARTESIAN_POINT('Ctrl Pts',(643.662797557097,-967.558132250528,25.8897928257245));
#2477=CARTESIAN_POINT('Ctrl Pts',(646.476922416267,-1009.77000513807,61.7155820751868));
#2478=CARTESIAN_POINT('Ctrl Pts',(648.980506925035,-1047.32377276961,110.03406942468));
#2479=CARTESIAN_POINT('Ctrl Pts',(650.324747838924,-1067.48738647794,150.939695078456));
#2480=CARTESIAN_POINT('Ctrl Pts',(650.920273192403,-1076.42026678011,179.334903603684));
#2481=CARTESIAN_POINT('Ctrl Pts',(651.304159631004,-1082.17856335914,212.487041593582));
#2482=CARTESIAN_POINT('Ctrl Pts',(651.339146712138,-1082.70336957615,243.37594243246));
#2483=CARTESIAN_POINT('Ctrl Pts',(651.008740902579,-1077.74728243276,283.888500885905));
#2484=CARTESIAN_POINT('Ctrl Pts',(650.175081099581,-1065.24238538779,334.72113129937));
#2485=CARTESIAN_POINT('Ctrl Pts',(648.156408119753,-1034.96229069036,406.983821030472));
#2486=CARTESIAN_POINT('Ctrl Pts',(645.914022965527,-1001.32651337698,464.558853263352));
#2487=CARTESIAN_POINT('Ctrl Pts',(644.619554952223,-981.909493177429,494.115214219246));
#2488=CARTESIAN_POINT('Ctrl Pts',(636.01739511476,-942.591276002725,10.6140011304349));
#2489=CARTESIAN_POINT('Ctrl Pts',(637.611246011425,-966.499039452698,27.7245938454614));
#2490=CARTESIAN_POINT('Ctrl Pts',(640.411237859933,-1008.49891718031,63.3771180696739));
#2491=CARTESIAN_POINT('Ctrl Pts',(642.894952641731,-1045.75463890729,111.330491837067));
#2492=CARTESIAN_POINT('Ctrl Pts',(644.225361735629,-1065.71077531576,151.821991918304));
#2493=CARTESIAN_POINT('Ctrl Pts',(644.814208378494,-1074.54347495872,179.90026975355));
#2494=CARTESIAN_POINT('Ctrl Pts',(645.193837245068,-1080.23790795735,212.683345057784));
#2495=CARTESIAN_POINT('Ctrl Pts',(645.228651692501,-1080.76012466884,243.257810381567));
#2496=CARTESIAN_POINT('Ctrl Pts',(644.901060183745,-1075.84625203751,283.436578008965));
#2497=CARTESIAN_POINT('Ctrl Pts',(644.073052753529,-1063.42614058426,333.94221647056));
#2498=CARTESIAN_POINT('Ctrl Pts',(642.063105463091,-1033.27693122769,405.910679349097));
#2499=CARTESIAN_POINT('Ctrl Pts',(639.826622439237,-999.729685869885,463.336361619938));
#2500=CARTESIAN_POINT('Ctrl Pts',(638.535000362251,-980.3553547151,492.827741811373));
#2501=CARTESIAN_POINT('Ctrl Pts',(630.770675371198,-943.17071689738,10.2931094485239));
#2502=CARTESIAN_POINT('Ctrl Pts',(632.365609180895,-967.094724042832,27.4153276448761));
#2503=CARTESIAN_POINT('Ctrl Pts',(635.16802468249,-1009.13095656675,63.0987686127225));
#2504=CARTESIAN_POINT('Ctrl Pts',(637.655041465182,-1046.43620830714,111.113399967504));
#2505=CARTESIAN_POINT('Ctrl Pts',(638.987772486979,-1066.42717363409,151.674538370948));
#2506=CARTESIAN_POINT('Ctrl Pts',(639.577726158027,-1075.27647869981,179.805580100421));
#2507=CARTESIAN_POINT('Ctrl Pts',(639.958064822373,-1080.981558665,212.649859085216));
#2508=CARTESIAN_POINT('Ctrl Pts',(639.992911977036,-1081.50426598495,243.277111902428));
#2509=CARTESIAN_POINT('Ctrl Pts',(639.664859032438,-1076.58347181597,283.511657206788));
#2510=CARTESIAN_POINT('Ctrl Pts',(638.835917376046,-1064.1493469701,334.071789268588));
#2511=CARTESIAN_POINT('Ctrl Pts',(636.824520123557,-1033.97838818276,406.090029962775));
#2512=CARTESIAN_POINT('Ctrl Pts',(634.587036349537,-1000.41613157247,463.542482551901));
#2513=CARTESIAN_POINT('Ctrl Pts',(633.294944904682,-981.03475989964,493.04457973752));
#2514=CARTESIAN_POINT('Ctrl Pts',(625.899841992758,-945.18057789698,7.93855049963174));
#2515=CARTESIAN_POINT('Ctrl Pts',(627.502922664968,-969.226787980121,25.1482283489858));
#2516=CARTESIAN_POINT('Ctrl Pts',(630.322742348422,-1011.52408323192,61.0433326441466));
#2517=CARTESIAN_POINT('Ctrl Pts',(632.83437716282,-1049.19860544791,109.509504962759));
#2518=CARTESIAN_POINT('Ctrl Pts',(634.184212387686,-1069.44613382089,150.582574822936));
#2519=CARTESIAN_POINT('Ctrl Pts',(634.782444839038,-1078.41962059117,179.106149395714));
#2520=CARTESIAN_POINT('Ctrl Pts',(635.168055308715,-1084.20377763634,212.407868054858));
#2521=CARTESIAN_POINT('Ctrl Pts',(635.203110659906,-1084.72960790419,243.423941530649));
#2522=CARTESIAN_POINT('Ctrl Pts',(634.871562021151,-1079.75637832287,284.071608748086));
#2523=CARTESIAN_POINT('Ctrl Pts',(634.035610011701,-1067.21709818112,335.036657547546));
#2524=CARTESIAN_POINT('Ctrl Pts',(632.013401741679,-1036.88397413078,407.41818711877));
#2525=CARTESIAN_POINT('Ctrl Pts',(629.768633607885,-1003.21245212388,465.052916790313));
#2526=CARTESIAN_POINT('Ctrl Pts',(628.473011061836,-983.778113933144,494.635638989754));
#2527=CARTESIAN_POINT('Ctrl Pts',(622.822919914529,-947.746498428497,4.6399350147335));
#2528=CARTESIAN_POINT('Ctrl Pts',(624.437362258538,-971.963133588636,21.9715847117281));
#2529=CARTESIAN_POINT('Ctrl Pts',(627.281661873684,-1014.62762781581,58.1671238465768));
#2530=CARTESIAN_POINT('Ctrl Pts',(629.827685152226,-1052.81797699395,107.265352008674));
#2531=CARTESIAN_POINT('Ctrl Pts',(631.201465271429,-1073.42467878199,149.055365412796));
#2532=CARTESIAN_POINT('Ctrl Pts',(631.811255781801,-1082.57153643756,178.127476238321));
#2533=CARTESIAN_POINT('Ctrl Pts',(632.204235419062,-1088.46623099649,212.067896218492));
#2534=CARTESIAN_POINT('Ctrl Pts',(632.239590617477,-1088.99655897273,243.628304326212));
#2535=CARTESIAN_POINT('Ctrl Pts',(631.903172944282,-1083.95029387478,284.853744037797));
#2536=CARTESIAN_POINT('Ctrl Pts',(631.057439752491,-1071.26429599793,336.384757453136));
#2537=CARTESIAN_POINT('Ctrl Pts',(629.020129988868,-1040.70464954357,409.275739492232));
#2538=CARTESIAN_POINT('Ctrl Pts',(626.765141752157,-1006.87982599292,467.16946841982));
#2539=CARTESIAN_POINT('Ctrl Pts',(625.464594707529,-987.371620323506,496.864630830998));
#2540=CARTESIAN_POINT('Ctrl Pts',(622.105709415528,-950.008505238254,1.54615573925057));
#2541=CARTESIAN_POINT('Ctrl Pts',(623.730858789049,-974.385745841068,18.9927494511115));
#2542=CARTESIAN_POINT('Ctrl Pts',(626.598022074902,-1017.39319512884,55.4662199846638));
#2543=CARTESIAN_POINT('Ctrl Pts',(629.176397007576,-1056.06881911897,105.157776638268));
#2544=CARTESIAN_POINT('Ctrl Pts',(630.572652053771,-1077.01264481189,147.620455406054));
#2545=CARTESIAN_POINT('Ctrl Pts',(631.193322381311,-1086.32269972498,177.208401039945));
#2546=CARTESIAN_POINT('Ctrl Pts',(631.593229693508,-1092.32130940795,211.749976473821));
#2547=CARTESIAN_POINT('Ctrl Pts',(631.628858066734,-1092.85573500634,243.821294633995));
#2548=CARTESIAN_POINT('Ctrl Pts',(631.287845883825,-1087.74055226269,285.589603728065));
#2549=CARTESIAN_POINT('Ctrl Pts',(630.432899534238,-1074.9163570189,337.652720069918));
#2550=CARTESIAN_POINT('Ctrl Pts',(628.381382519953,-1044.14360180462,411.021022788239));
#2551=CARTESIAN_POINT('Ctrl Pts',(626.11682369031,-1010.17521935999,469.154083569343));
#2552=CARTESIAN_POINT('Ctrl Pts',(624.81163588924,-990.597402343934,498.95520755788));
#2553=CARTESIAN_POINT('Ctrl Pts',(622.179154402898,-951.110180048801,-1.24481472492867E-14));
#2554=CARTESIAN_POINT('Ctrl Pts',(623.809626420664,-975.567260315294,17.5037343126778));
#2555=CARTESIAN_POINT('Ctrl Pts',(626.688269625176,-1018.74690838296,54.1182463086097));
#2556=CARTESIAN_POINT('Ctrl Pts',(629.282757802386,-1057.66423104112,104.106035965436));
#2557=CARTESIAN_POINT('Ctrl Pts',(630.690235542469,-1078.77639714236,146.90475295077));
#2558=CARTESIAN_POINT('Ctrl Pts',(631.31632121587,-1088.16768224336,176.749735761102));
#2559=CARTESIAN_POINT('Ctrl Pts',(631.719681750895,-1094.21809026876,211.590568363649));
#2560=CARTESIAN_POINT('Ctrl Pts',(631.755451129584,-1094.75463094908,243.9170103051));
#2561=CARTESIAN_POINT('Ctrl Pts',(631.412158275004,-1089.60523813039,285.956082426704));
#2562=CARTESIAN_POINT('Ctrl Pts',(630.552629445672,-1076.71230569041,338.284409558892));
#2563=CARTESIAN_POINT('Ctrl Pts',(628.494036405936,-1045.83341009436,411.891535507634));
#2564=CARTESIAN_POINT('Ctrl Pts',(626.224686274405,-1011.79315812142,470.146200731233));
#2565=CARTESIAN_POINT('Ctrl Pts',(624.917191475344,-992.180736135498,500.));
#2566=CARTESIAN_POINT('',(622.179154402898,-951.110180048801,-1.26570795780131E-15));
#2567=CARTESIAN_POINT('Origin',(634.851025907677,-950.265388615149,0.));
#2568=CARTESIAN_POINT('Ctrl Pts',(622.179154402898,-951.110180048801,-1.24481472492867E-14));
#2569=CARTESIAN_POINT('Ctrl Pts',(623.809626420664,-975.567260315294,17.5037343126778));
#2570=CARTESIAN_POINT('Ctrl Pts',(626.688269625176,-1018.74690838296,54.1182463086097));
#2571=CARTESIAN_POINT('Ctrl Pts',(629.282757802386,-1057.66423104112,104.106035965436));
#2572=CARTESIAN_POINT('Ctrl Pts',(630.690235542469,-1078.77639714236,146.90475295077));
#2573=CARTESIAN_POINT('Ctrl Pts',(631.31632121587,-1088.16768224336,176.749735761102));
#2574=CARTESIAN_POINT('Ctrl Pts',(631.719681750895,-1094.21809026876,211.590568363649));
#2575=CARTESIAN_POINT('Ctrl Pts',(631.755451129584,-1094.75463094908,243.9170103051));
#2576=CARTESIAN_POINT('Ctrl Pts',(631.412158275004,-1089.60523813039,285.956082426704));
#2577=CARTESIAN_POINT('Ctrl Pts',(630.552629445672,-1076.71230569041,338.284409558892));
#2578=CARTESIAN_POINT('Ctrl Pts',(628.494036405936,-1045.83341009436,411.891535507634));
#2579=CARTESIAN_POINT('Ctrl Pts',(626.224686274405,-1011.79315812142,470.146200731233));
#2580=CARTESIAN_POINT('Ctrl Pts',(624.917191475344,-992.180736135498,500.));
#2581=CARTESIAN_POINT('Origin',(634.851025907677,-950.265388615149,0.));
#2582=CARTESIAN_POINT('Origin',(-51.0940968479864,193.143063960002,911.043395100663));
#2583=CARTESIAN_POINT('',(556.748257257052,182.984690340132,908.83989704063));
#2584=CARTESIAN_POINT('Origin',(556.695151739293,195.684579308308,908.83989704063));
#2585=CARTESIAN_POINT('',(-51.0409913302277,180.443174991827,911.043395100663));
#2586=CARTESIAN_POINT('',(-51.0409913302277,180.443174991827,911.043395100663));
#2587=CARTESIAN_POINT('Origin',(-51.0940968479864,193.143063960002,911.043395100663));
#2588=CARTESIAN_POINT('Origin',(556.695151739293,195.684579308308,908.83989704063));
#2589=CARTESIAN_POINT('Origin',(-51.0940968479864,193.143063960002,911.043395100663));
#2590=CARTESIAN_POINT('Origin',(-115.883908399295,-719.670848275278,913.525431120765));
#2591=CARTESIAN_POINT('',(619.399656761778,-730.237132002153,916.773267665771));
#2592=CARTESIAN_POINT('Origin',(619.362801916937,-717.53718547784,916.773267665771));
#2593=CARTESIAN_POINT('',(-115.847053554454,-732.370794799591,913.525431120765));
#2594=CARTESIAN_POINT('',(-115.847053554454,-732.370794799591,913.525431120765));
#2595=CARTESIAN_POINT('Origin',(-115.883908399295,-719.670848275278,913.525431120765));
#2596=CARTESIAN_POINT('Origin',(619.362801916937,-717.53718547784,916.773267665771));
#2597=CARTESIAN_POINT('Origin',(-115.883908399295,-719.670848275278,913.525431120765));
#2598=CARTESIAN_POINT('Origin',(500.,1052.5,100.));
#2599=CARTESIAN_POINT('',(0.,1065.2,100.));
#2600=CARTESIAN_POINT('Origin',(0.,1052.5,100.));
#2601=CARTESIAN_POINT('',(500.,1065.2,100.));
#2602=CARTESIAN_POINT('',(500.,1065.2,100.));
#2603=CARTESIAN_POINT('Origin',(500.,1052.5,100.));
#2604=CARTESIAN_POINT('Origin',(0.,1052.5,100.));
#2605=CARTESIAN_POINT('Origin',(500.,1052.5,100.));
#2606=UNCERTAINTY_MEASURE_WITH_UNIT(LENGTH_MEASURE(0.01),#2610,
'DISTANCE_ACCURACY_VALUE',
'Maximum model space distance between geometric entities at asserted c
onnectivities');
#2607=UNCERTAINTY_MEASURE_WITH_UNIT(LENGTH_MEASURE(0.01),#2610,
'DISTANCE_ACCURACY_VALUE',
'Maximum model space distance between geometric entities at asserted c
onnectivities');
#2608=(
GEOMETRIC_REPRESENTATION_CONTEXT(3)
GLOBAL_UNCERTAINTY_ASSIGNED_CONTEXT((#2606))
GLOBAL_UNIT_ASSIGNED_CONTEXT((#2610,#2612,#2613))
REPRESENTATION_CONTEXT('','3D')
);
#2609=(
GEOMETRIC_REPRESENTATION_CONTEXT(3)
GLOBAL_UNCERTAINTY_ASSIGNED_CONTEXT((#2607))
GLOBAL_UNIT_ASSIGNED_CONTEXT((#2610,#2612,#2613))
REPRESENTATION_CONTEXT('','3D')
);
#2610=(
LENGTH_UNIT()
NAMED_UNIT(*)
SI_UNIT(.MILLI.,.METRE.)
);
#2611=(
LENGTH_UNIT()
NAMED_UNIT(*)
SI_UNIT($,.METRE.)
);
#2612=(
NAMED_UNIT(*)
PLANE_ANGLE_UNIT()
SI_UNIT($,.RADIAN.)
);
#2613=(
NAMED_UNIT(*)
SI_UNIT($,.STERADIAN.)
SOLID_ANGLE_UNIT()
);
#2614=SHAPE_DEFINITION_REPRESENTATION(#2615,#2616);
#2615=PRODUCT_DEFINITION_SHAPE('',$,#2618);
#2616=SHAPE_REPRESENTATION('',(#428),#2608);
#2617=PRODUCT_DEFINITION_CONTEXT('part definition',#2622,'design');
#2618=PRODUCT_DEFINITION('Go Kart Roll Cage','Go Kart Roll Cage v2',#2619,
#2617);
#2619=PRODUCT_DEFINITION_FORMATION('',$,#2624);
#2620=PRODUCT_RELATED_PRODUCT_CATEGORY('Go Kart Roll Cage v2',
'Go Kart Roll Cage v2',(#2624));
#2621=APPLICATION_PROTOCOL_DEFINITION('international standard',
'automotive_design',2009,#2622);
#2622=APPLICATION_CONTEXT(
'Core Data for Automotive Mechanical Design Process');
#2623=PRODUCT_CONTEXT('part definition',#2622,'mechanical');
#2624=PRODUCT('Go Kart Roll Cage','Go Kart Roll Cage v2',$,(#2623));
#2625=PRESENTATION_STYLE_ASSIGNMENT((#2626));
#2626=SURFACE_STYLE_USAGE(.BOTH.,#2627);
#2627=SURFACE_SIDE_STYLE('',(#2628));
#2628=SURFACE_STYLE_FILL_AREA(#2629);
#2629=FILL_AREA_STYLE('Steel - Satin',(#2630));
#2630=FILL_AREA_STYLE_COLOUR('Steel - Satin',#2631);
#2631=COLOUR_RGB('Steel - Satin',0.627450980392157,0.627450980392157,0.627450980392157);
ENDSEC;
END-ISO-10303-21;
