ISO-10303-21;
HEADER;
/* Generated by software containing ST-Developer
 * from STEP Tools, Inc. (www.steptools.com) 
 */

FILE_DESCRIPTION(
/* description */ (''),
/* implementation_level */ '2;1');

FILE_NAME(
/* name */ 'Go Kart Design.step',
/* time_stamp */ '2026-07-13T22:50:57-06:00',
/* author */ (''),
/* organization */ (''),
/* preprocessor_version */ 'ST-DEVELOPER v20.1',
/* originating_system */ 'Autodesk Translation Framework v15.8.0.0',
/* authorisation */ '');

FILE_SCHEMA (('AUTOMOTIVE_DESIGN { 1 0 10303 214 3 1 1 }'));
ENDSEC;

DATA;
#10=MECHANICAL_DESIGN_GEOMETRIC_PRESENTATION_REPRESENTATION('',(#179,#180,
#181,#182,#183,#184,#185,#186,#187,#188,#189,#190,#191,#192,#193,#194,#195,
#196,#197,#198,#199,#200,#201,#202,#203,#204,#205),#8170);
#11=SHAPE_REPRESENTATION_RELATIONSHIP('SRR','None',#8177,#12);
#12=ADVANCED_BREP_SHAPE_REPRESENTATION('',(#206,#207,#208,#209,#210,#211,
#212,#213,#214,#215,#216,#217,#218,#219,#220,#221,#222,#223,#224,#225,#226,
#227,#228,#229,#230,#231,#232),#8169);
#13=CONICAL_SURFACE('',#5337,2.99999999999999,0.785398163397448);
#14=CONICAL_SURFACE('',#5344,3.00000000000001,0.785398163397446);
#15=CONICAL_SURFACE('',#5351,2.99999999999999,0.785398163397446);
#16=B_SPLINE_CURVE_WITH_KNOTS('',3,(#7656,#7657,#7658,#7659,#7660,#7661,
#7662,#7663,#7664,#7665,#7666,#7667,#7668,#7669,#7670,#7671,#7672,#7673,
#7674,#7675),.UNSPECIFIED.,.F.,.F.,(4,2,2,2,2,2,2,2,2,4),(1.30428696467138,
1.66442075594674,2.04112255009719,2.41782434424764,2.77750198481039,3.13717962537313,
3.49538981275854,3.85360000014394,4.23177463882871,4.60994927751347),
 .UNSPECIFIED.);
#17=B_SPLINE_CURVE_WITH_KNOTS('',3,(#7678,#7679,#7680,#7681),
 .UNSPECIFIED.,.F.,.F.,(4,4),(4.60994927751347,4.97141376855186),
 .UNSPECIFIED.);
#18=(
BOUNDED_SURFACE()
B_SPLINE_SURFACE(1,2,((#7624,#7625,#7626,#7627,#7628,#7629,#7630,#7631,
#7632),(#7633,#7634,#7635,#7636,#7637,#7638,#7639,#7640,#7641)),
 .UNSPECIFIED.,.F.,.T.,.F.)
B_SPLINE_SURFACE_WITH_KNOTS((2,2),(3,2,2,2,3),(3.05907432720555,10.7067601452195),
(-3.14159265358979,-1.5707963267949,0.,1.5707963267949,3.14159265358979),
 .UNSPECIFIED.)
GEOMETRIC_REPRESENTATION_ITEM()
RATIONAL_B_SPLINE_SURFACE(((1.,0.707106781186548,1.,0.707106781186548,1.,
0.707106781186548,1.,0.707106781186548,1.),(1.,0.707106781186548,1.,0.707106781186548,
1.,0.707106781186548,1.,0.707106781186548,1.)))
REPRESENTATION_ITEM('')
SURFACE()
);
#19=ELLIPSE('',#5247,16.6063307282909,9.52500000000003);
#20=ELLIPSE('',#5253,16.6063307282909,9.52500000000003);
#21=ELLIPSE('',#5254,16.6063307282909,9.52500000000003);
#22=FACE_BOUND('',#585,.T.);
#23=FACE_BOUND('',#594,.T.);
#24=FACE_BOUND('',#602,.T.);
#25=FACE_BOUND('',#603,.T.);
#26=FACE_BOUND('',#604,.T.);
#27=FACE_BOUND('',#605,.T.);
#28=FACE_BOUND('',#606,.T.);
#29=FACE_BOUND('',#607,.T.);
#30=FACE_BOUND('',#608,.T.);
#31=FACE_BOUND('',#609,.T.);
#32=FACE_BOUND('',#610,.T.);
#33=FACE_BOUND('',#611,.T.);
#34=FACE_BOUND('',#625,.T.);
#35=FACE_BOUND('',#626,.T.);
#36=FACE_BOUND('',#627,.T.);
#37=FACE_BOUND('',#628,.T.);
#38=FACE_BOUND('',#629,.T.);
#39=FACE_BOUND('',#630,.T.);
#40=FACE_BOUND('',#631,.T.);
#41=FACE_BOUND('',#632,.T.);
#42=FACE_BOUND('',#633,.T.);
#43=FACE_BOUND('',#634,.T.);
#44=FACE_BOUND('',#635,.T.);
#45=FACE_BOUND('',#636,.T.);
#46=FACE_BOUND('',#637,.T.);
#47=FACE_BOUND('',#659,.T.);
#48=FACE_BOUND('',#681,.T.);
#49=FACE_BOUND('',#692,.T.);
#50=FACE_BOUND('',#705,.T.);
#51=FACE_BOUND('',#716,.T.);
#52=FACE_BOUND('',#721,.T.);
#53=FACE_BOUND('',#723,.T.);
#54=FACE_BOUND('',#725,.T.);
#55=FACE_BOUND('',#729,.T.);
#56=FACE_BOUND('',#730,.T.);
#57=FACE_BOUND('',#731,.T.);
#58=FACE_BOUND('',#732,.T.);
#59=FACE_BOUND('',#741,.T.);
#60=FACE_BOUND('',#742,.T.);
#61=FACE_BOUND('',#743,.T.);
#62=FACE_BOUND('',#744,.T.);
#63=FACE_BOUND('',#751,.T.);
#64=FACE_BOUND('',#752,.T.);
#65=FACE_BOUND('',#753,.T.);
#66=FACE_BOUND('',#754,.T.);
#67=FACE_BOUND('',#764,.T.);
#68=FACE_BOUND('',#765,.T.);
#69=FACE_BOUND('',#766,.T.);
#70=FACE_BOUND('',#767,.T.);
#71=FACE_BOUND('',#776,.T.);
#72=FACE_BOUND('',#777,.T.);
#73=FACE_BOUND('',#778,.T.);
#74=FACE_BOUND('',#780,.T.);
#75=FACE_BOUND('',#781,.T.);
#76=FACE_BOUND('',#782,.T.);
#77=CYLINDRICAL_SURFACE('',#5089,7.93750000000003);
#78=CYLINDRICAL_SURFACE('',#5092,7.93749999999989);
#79=CYLINDRICAL_SURFACE('',#5116,7.93750000000003);
#80=CYLINDRICAL_SURFACE('',#5119,7.93749999999989);
#81=CYLINDRICAL_SURFACE('',#5146,5.);
#82=CYLINDRICAL_SURFACE('',#5149,5.);
#83=CYLINDRICAL_SURFACE('',#5240,4.76249999999993);
#84=CYLINDRICAL_SURFACE('',#5259,9.52500000000003);
#85=CYLINDRICAL_SURFACE('',#5262,4.76249999999993);
#86=CYLINDRICAL_SURFACE('',#5265,25.4000000000002);
#87=CYLINDRICAL_SURFACE('',#5279,3.00000000000011);
#88=CYLINDRICAL_SURFACE('',#5281,3.00000004470348);
#89=CYLINDRICAL_SURFACE('',#5283,3.00000000000011);
#90=CYLINDRICAL_SURFACE('',#5285,3.00000000000011);
#91=CYLINDRICAL_SURFACE('',#5294,5.);
#92=CYLINDRICAL_SURFACE('',#5305,3.00000000000011);
#93=CYLINDRICAL_SURFACE('',#5307,3.00000004470348);
#94=CYLINDRICAL_SURFACE('',#5309,3.00000000000011);
#95=CYLINDRICAL_SURFACE('',#5311,3.00000000000011);
#96=CYLINDRICAL_SURFACE('',#5315,5.);
#97=CYLINDRICAL_SURFACE('',#5320,2.99999999999998);
#98=CYLINDRICAL_SURFACE('',#5323,3.00000000000001);
#99=CYLINDRICAL_SURFACE('',#5326,3.00000000000001);
#100=CYLINDRICAL_SURFACE('',#5331,340.652999525223);
#101=CYLINDRICAL_SURFACE('',#5340,3.99999999999999);
#102=CYLINDRICAL_SURFACE('',#5347,4.);
#103=CYLINDRICAL_SURFACE('',#5354,3.99999999999999);
#104=CYLINDRICAL_SURFACE('',#5360,480.961693378994);
#105=CYLINDRICAL_SURFACE('',#5378,7.9375);
#106=CYLINDRICAL_SURFACE('',#5398,12.7);
#107=CYLINDRICAL_SURFACE('',#5402,28.55);
#108=CYLINDRICAL_SURFACE('',#5414,28.55);
#109=CIRCLE('',#5088,7.93750000000003);
#110=CIRCLE('',#5090,7.93750000000003);
#111=CIRCLE('',#5093,7.93749999999989);
#112=CIRCLE('',#5094,7.93749999999989);
#113=CIRCLE('',#5115,7.93750000000003);
#114=CIRCLE('',#5117,7.93750000000003);
#115=CIRCLE('',#5120,7.93749999999989);
#116=CIRCLE('',#5121,7.93749999999989);
#117=CIRCLE('',#5147,5.);
#118=CIRCLE('',#5148,5.);
#119=CIRCLE('',#5150,5.);
#120=CIRCLE('',#5151,5.);
#121=CIRCLE('',#5241,4.76249999999993);
#122=CIRCLE('',#5242,4.76249999999993);
#123=CIRCLE('',#5260,9.52500000000003);
#124=CIRCLE('',#5263,4.76249999999993);
#125=CIRCLE('',#5264,4.76249999999993);
#126=CIRCLE('',#5266,25.4000000000002);
#127=CIRCLE('',#5267,25.4000000000002);
#128=CIRCLE('',#5273,5.);
#129=CIRCLE('',#5274,5.);
#130=CIRCLE('',#5275,3.00000000000011);
#131=CIRCLE('',#5276,3.00000004470348);
#132=CIRCLE('',#5277,3.00000000000011);
#133=CIRCLE('',#5278,3.00000000000011);
#134=CIRCLE('',#5280,3.00000000000011);
#135=CIRCLE('',#5282,3.00000004470348);
#136=CIRCLE('',#5284,3.00000000000011);
#137=CIRCLE('',#5286,3.00000000000011);
#138=CIRCLE('',#5291,5.00000000019083);
#139=CIRCLE('',#5293,5.);
#140=CIRCLE('',#5299,5.);
#141=CIRCLE('',#5300,5.);
#142=CIRCLE('',#5301,3.00000000000011);
#143=CIRCLE('',#5302,3.00000000000011);
#144=CIRCLE('',#5303,3.00000004470348);
#145=CIRCLE('',#5304,3.00000000000011);
#146=CIRCLE('',#5306,3.00000000000011);
#147=CIRCLE('',#5308,3.00000004470348);
#148=CIRCLE('',#5310,3.00000000000011);
#149=CIRCLE('',#5312,3.00000000000011);
#150=CIRCLE('',#5316,5.);
#151=CIRCLE('',#5317,5.);
#152=CIRCLE('',#5321,2.99999999999998);
#153=CIRCLE('',#5322,2.99999999999998);
#154=CIRCLE('',#5324,3.00000000000001);
#155=CIRCLE('',#5325,3.00000000000001);
#156=CIRCLE('',#5327,3.00000000000001);
#157=CIRCLE('',#5328,3.00000000000001);
#158=CIRCLE('',#5332,340.652999525223);
#159=CIRCLE('',#5333,340.652999525223);
#160=CIRCLE('',#5338,1.99999999999999);
#161=CIRCLE('',#5339,3.99999999999999);
#162=CIRCLE('',#5341,3.99999999999999);
#163=CIRCLE('',#5345,2.00000000000001);
#164=CIRCLE('',#5346,4.);
#165=CIRCLE('',#5348,4.);
#166=CIRCLE('',#5352,1.99999999999999);
#167=CIRCLE('',#5353,3.99999999999999);
#168=CIRCLE('',#5355,3.99999999999999);
#169=CIRCLE('',#5361,480.961693378994);
#170=CIRCLE('',#5362,480.961693378994);
#171=CIRCLE('',#5379,7.9375);
#172=CIRCLE('',#5380,7.9375);
#173=CIRCLE('',#5397,12.7);
#174=CIRCLE('',#5399,12.7);
#175=CIRCLE('',#5403,28.55);
#176=CIRCLE('',#5404,28.55);
#177=CIRCLE('',#5415,28.55);
#178=CIRCLE('',#5416,28.55);
#179=STYLED_ITEM('',(#8187),#206);
#180=STYLED_ITEM('',(#8188),#207);
#181=STYLED_ITEM('',(#8187),#208);
#182=STYLED_ITEM('',(#8187),#209);
#183=STYLED_ITEM('',(#8189),#210);
#184=STYLED_ITEM('',(#8187),#211);
#185=STYLED_ITEM('',(#8187),#212);
#186=STYLED_ITEM('',(#8187),#213);
#187=STYLED_ITEM('',(#8188),#214);
#188=STYLED_ITEM('',(#8188),#215);
#189=STYLED_ITEM('',(#8190),#216);
#190=STYLED_ITEM('',(#8190),#217);
#191=STYLED_ITEM('',(#8191),#218);
#192=STYLED_ITEM('',(#8191),#219);
#193=STYLED_ITEM('',(#8192),#220);
#194=STYLED_ITEM('',(#8190),#221);
#195=STYLED_ITEM('',(#8190),#222);
#196=STYLED_ITEM('',(#8190),#223);
#197=STYLED_ITEM('',(#8192),#224);
#198=STYLED_ITEM('',(#8186),#225);
#199=STYLED_ITEM('',(#8186),#226);
#200=STYLED_ITEM('',(#8186),#227);
#201=STYLED_ITEM('',(#8186),#228);
#202=STYLED_ITEM('',(#8189),#229);
#203=STYLED_ITEM('',(#8186),#230);
#204=STYLED_ITEM('',(#8186),#231);
#205=STYLED_ITEM('',(#8186),#232);
#206=MANIFOLD_SOLID_BREP('Body1',#5031);
#207=MANIFOLD_SOLID_BREP('Body3',#5032);
#208=MANIFOLD_SOLID_BREP('Body11',#5033);
#209=MANIFOLD_SOLID_BREP('Body12',#5034);
#210=MANIFOLD_SOLID_BREP('Body15',#5035);
#211=MANIFOLD_SOLID_BREP('Body16',#5036);
#212=MANIFOLD_SOLID_BREP('Body17',#5037);
#213=MANIFOLD_SOLID_BREP('Body18',#5038);
#214=MANIFOLD_SOLID_BREP('Body19',#5039);
#215=MANIFOLD_SOLID_BREP('Body19',#5040);
#216=MANIFOLD_SOLID_BREP('Body20',#5041);
#217=MANIFOLD_SOLID_BREP('Body21',#5042);
#218=MANIFOLD_SOLID_BREP('Body23',#5043);
#219=MANIFOLD_SOLID_BREP('Body24',#5044);
#220=MANIFOLD_SOLID_BREP('Body25',#5045);
#221=MANIFOLD_SOLID_BREP('Body26',#5046);
#222=MANIFOLD_SOLID_BREP('Body27',#5047);
#223=MANIFOLD_SOLID_BREP('Body28',#5048);
#224=MANIFOLD_SOLID_BREP('Body30',#5049);
#225=MANIFOLD_SOLID_BREP('Body35',#5050);
#226=MANIFOLD_SOLID_BREP('Body33',#5051);
#227=MANIFOLD_SOLID_BREP('Body38',#5052);
#228=MANIFOLD_SOLID_BREP('Body46',#5053);
#229=MANIFOLD_SOLID_BREP('Body49',#5054);
#230=MANIFOLD_SOLID_BREP('Body53',#5055);
#231=MANIFOLD_SOLID_BREP('Body54',#5056);
#232=MANIFOLD_SOLID_BREP('Body55',#5057);
#233=FACE_OUTER_BOUND('',#515,.T.);
#234=FACE_OUTER_BOUND('',#516,.T.);
#235=FACE_OUTER_BOUND('',#517,.T.);
#236=FACE_OUTER_BOUND('',#518,.T.);
#237=FACE_OUTER_BOUND('',#519,.T.);
#238=FACE_OUTER_BOUND('',#520,.T.);
#239=FACE_OUTER_BOUND('',#521,.T.);
#240=FACE_OUTER_BOUND('',#522,.T.);
#241=FACE_OUTER_BOUND('',#523,.T.);
#242=FACE_OUTER_BOUND('',#524,.T.);
#243=FACE_OUTER_BOUND('',#525,.T.);
#244=FACE_OUTER_BOUND('',#526,.T.);
#245=FACE_OUTER_BOUND('',#527,.T.);
#246=FACE_OUTER_BOUND('',#528,.T.);
#247=FACE_OUTER_BOUND('',#529,.T.);
#248=FACE_OUTER_BOUND('',#530,.T.);
#249=FACE_OUTER_BOUND('',#531,.T.);
#250=FACE_OUTER_BOUND('',#532,.T.);
#251=FACE_OUTER_BOUND('',#533,.T.);
#252=FACE_OUTER_BOUND('',#534,.T.);
#253=FACE_OUTER_BOUND('',#535,.T.);
#254=FACE_OUTER_BOUND('',#536,.T.);
#255=FACE_OUTER_BOUND('',#537,.T.);
#256=FACE_OUTER_BOUND('',#538,.T.);
#257=FACE_OUTER_BOUND('',#539,.T.);
#258=FACE_OUTER_BOUND('',#540,.T.);
#259=FACE_OUTER_BOUND('',#541,.T.);
#260=FACE_OUTER_BOUND('',#542,.T.);
#261=FACE_OUTER_BOUND('',#543,.T.);
#262=FACE_OUTER_BOUND('',#544,.T.);
#263=FACE_OUTER_BOUND('',#545,.T.);
#264=FACE_OUTER_BOUND('',#546,.T.);
#265=FACE_OUTER_BOUND('',#547,.T.);
#266=FACE_OUTER_BOUND('',#548,.T.);
#267=FACE_OUTER_BOUND('',#549,.T.);
#268=FACE_OUTER_BOUND('',#550,.T.);
#269=FACE_OUTER_BOUND('',#551,.T.);
#270=FACE_OUTER_BOUND('',#552,.T.);
#271=FACE_OUTER_BOUND('',#553,.T.);
#272=FACE_OUTER_BOUND('',#554,.T.);
#273=FACE_OUTER_BOUND('',#555,.T.);
#274=FACE_OUTER_BOUND('',#556,.T.);
#275=FACE_OUTER_BOUND('',#557,.T.);
#276=FACE_OUTER_BOUND('',#558,.T.);
#277=FACE_OUTER_BOUND('',#559,.T.);
#278=FACE_OUTER_BOUND('',#560,.T.);
#279=FACE_OUTER_BOUND('',#561,.T.);
#280=FACE_OUTER_BOUND('',#562,.T.);
#281=FACE_OUTER_BOUND('',#563,.T.);
#282=FACE_OUTER_BOUND('',#564,.T.);
#283=FACE_OUTER_BOUND('',#565,.T.);
#284=FACE_OUTER_BOUND('',#566,.T.);
#285=FACE_OUTER_BOUND('',#567,.T.);
#286=FACE_OUTER_BOUND('',#568,.T.);
#287=FACE_OUTER_BOUND('',#569,.T.);
#288=FACE_OUTER_BOUND('',#570,.T.);
#289=FACE_OUTER_BOUND('',#571,.T.);
#290=FACE_OUTER_BOUND('',#572,.T.);
#291=FACE_OUTER_BOUND('',#573,.T.);
#292=FACE_OUTER_BOUND('',#574,.T.);
#293=FACE_OUTER_BOUND('',#575,.T.);
#294=FACE_OUTER_BOUND('',#576,.T.);
#295=FACE_OUTER_BOUND('',#577,.T.);
#296=FACE_OUTER_BOUND('',#578,.T.);
#297=FACE_OUTER_BOUND('',#579,.T.);
#298=FACE_OUTER_BOUND('',#580,.T.);
#299=FACE_OUTER_BOUND('',#581,.T.);
#300=FACE_OUTER_BOUND('',#582,.T.);
#301=FACE_OUTER_BOUND('',#583,.T.);
#302=FACE_OUTER_BOUND('',#584,.T.);
#303=FACE_OUTER_BOUND('',#586,.T.);
#304=FACE_OUTER_BOUND('',#587,.T.);
#305=FACE_OUTER_BOUND('',#588,.T.);
#306=FACE_OUTER_BOUND('',#589,.T.);
#307=FACE_OUTER_BOUND('',#590,.T.);
#308=FACE_OUTER_BOUND('',#591,.T.);
#309=FACE_OUTER_BOUND('',#592,.T.);
#310=FACE_OUTER_BOUND('',#593,.T.);
#311=FACE_OUTER_BOUND('',#595,.T.);
#312=FACE_OUTER_BOUND('',#596,.T.);
#313=FACE_OUTER_BOUND('',#597,.T.);
#314=FACE_OUTER_BOUND('',#598,.T.);
#315=FACE_OUTER_BOUND('',#599,.T.);
#316=FACE_OUTER_BOUND('',#600,.T.);
#317=FACE_OUTER_BOUND('',#601,.T.);
#318=FACE_OUTER_BOUND('',#612,.T.);
#319=FACE_OUTER_BOUND('',#613,.T.);
#320=FACE_OUTER_BOUND('',#614,.T.);
#321=FACE_OUTER_BOUND('',#615,.T.);
#322=FACE_OUTER_BOUND('',#616,.T.);
#323=FACE_OUTER_BOUND('',#617,.T.);
#324=FACE_OUTER_BOUND('',#618,.T.);
#325=FACE_OUTER_BOUND('',#619,.T.);
#326=FACE_OUTER_BOUND('',#620,.T.);
#327=FACE_OUTER_BOUND('',#621,.T.);
#328=FACE_OUTER_BOUND('',#622,.T.);
#329=FACE_OUTER_BOUND('',#623,.T.);
#330=FACE_OUTER_BOUND('',#624,.T.);
#331=FACE_OUTER_BOUND('',#638,.T.);
#332=FACE_OUTER_BOUND('',#639,.T.);
#333=FACE_OUTER_BOUND('',#640,.T.);
#334=FACE_OUTER_BOUND('',#641,.T.);
#335=FACE_OUTER_BOUND('',#642,.T.);
#336=FACE_OUTER_BOUND('',#643,.T.);
#337=FACE_OUTER_BOUND('',#644,.T.);
#338=FACE_OUTER_BOUND('',#645,.T.);
#339=FACE_OUTER_BOUND('',#646,.T.);
#340=FACE_OUTER_BOUND('',#647,.T.);
#341=FACE_OUTER_BOUND('',#648,.T.);
#342=FACE_OUTER_BOUND('',#649,.T.);
#343=FACE_OUTER_BOUND('',#650,.T.);
#344=FACE_OUTER_BOUND('',#651,.T.);
#345=FACE_OUTER_BOUND('',#652,.T.);
#346=FACE_OUTER_BOUND('',#653,.T.);
#347=FACE_OUTER_BOUND('',#654,.T.);
#348=FACE_OUTER_BOUND('',#655,.T.);
#349=FACE_OUTER_BOUND('',#656,.T.);
#350=FACE_OUTER_BOUND('',#657,.T.);
#351=FACE_OUTER_BOUND('',#658,.T.);
#352=FACE_OUTER_BOUND('',#660,.T.);
#353=FACE_OUTER_BOUND('',#661,.T.);
#354=FACE_OUTER_BOUND('',#662,.T.);
#355=FACE_OUTER_BOUND('',#663,.T.);
#356=FACE_OUTER_BOUND('',#664,.T.);
#357=FACE_OUTER_BOUND('',#665,.T.);
#358=FACE_OUTER_BOUND('',#666,.T.);
#359=FACE_OUTER_BOUND('',#667,.T.);
#360=FACE_OUTER_BOUND('',#668,.T.);
#361=FACE_OUTER_BOUND('',#669,.T.);
#362=FACE_OUTER_BOUND('',#670,.T.);
#363=FACE_OUTER_BOUND('',#671,.T.);
#364=FACE_OUTER_BOUND('',#672,.T.);
#365=FACE_OUTER_BOUND('',#673,.T.);
#366=FACE_OUTER_BOUND('',#674,.T.);
#367=FACE_OUTER_BOUND('',#675,.T.);
#368=FACE_OUTER_BOUND('',#676,.T.);
#369=FACE_OUTER_BOUND('',#677,.T.);
#370=FACE_OUTER_BOUND('',#678,.T.);
#371=FACE_OUTER_BOUND('',#679,.T.);
#372=FACE_OUTER_BOUND('',#680,.T.);
#373=FACE_OUTER_BOUND('',#682,.T.);
#374=FACE_OUTER_BOUND('',#683,.T.);
#375=FACE_OUTER_BOUND('',#684,.T.);
#376=FACE_OUTER_BOUND('',#685,.T.);
#377=FACE_OUTER_BOUND('',#686,.T.);
#378=FACE_OUTER_BOUND('',#687,.T.);
#379=FACE_OUTER_BOUND('',#688,.T.);
#380=FACE_OUTER_BOUND('',#689,.T.);
#381=FACE_OUTER_BOUND('',#690,.T.);
#382=FACE_OUTER_BOUND('',#691,.T.);
#383=FACE_OUTER_BOUND('',#693,.T.);
#384=FACE_OUTER_BOUND('',#694,.T.);
#385=FACE_OUTER_BOUND('',#695,.T.);
#386=FACE_OUTER_BOUND('',#696,.T.);
#387=FACE_OUTER_BOUND('',#697,.T.);
#388=FACE_OUTER_BOUND('',#698,.T.);
#389=FACE_OUTER_BOUND('',#699,.T.);
#390=FACE_OUTER_BOUND('',#700,.T.);
#391=FACE_OUTER_BOUND('',#701,.T.);
#392=FACE_OUTER_BOUND('',#702,.T.);
#393=FACE_OUTER_BOUND('',#703,.T.);
#394=FACE_OUTER_BOUND('',#704,.T.);
#395=FACE_OUTER_BOUND('',#706,.T.);
#396=FACE_OUTER_BOUND('',#707,.T.);
#397=FACE_OUTER_BOUND('',#708,.T.);
#398=FACE_OUTER_BOUND('',#709,.T.);
#399=FACE_OUTER_BOUND('',#710,.T.);
#400=FACE_OUTER_BOUND('',#711,.T.);
#401=FACE_OUTER_BOUND('',#712,.T.);
#402=FACE_OUTER_BOUND('',#713,.T.);
#403=FACE_OUTER_BOUND('',#714,.T.);
#404=FACE_OUTER_BOUND('',#715,.T.);
#405=FACE_OUTER_BOUND('',#717,.T.);
#406=FACE_OUTER_BOUND('',#718,.T.);
#407=FACE_OUTER_BOUND('',#719,.T.);
#408=FACE_OUTER_BOUND('',#720,.T.);
#409=FACE_OUTER_BOUND('',#722,.T.);
#410=FACE_OUTER_BOUND('',#724,.T.);
#411=FACE_OUTER_BOUND('',#726,.T.);
#412=FACE_OUTER_BOUND('',#727,.T.);
#413=FACE_OUTER_BOUND('',#728,.T.);
#414=FACE_OUTER_BOUND('',#733,.T.);
#415=FACE_OUTER_BOUND('',#734,.T.);
#416=FACE_OUTER_BOUND('',#735,.T.);
#417=FACE_OUTER_BOUND('',#736,.T.);
#418=FACE_OUTER_BOUND('',#737,.T.);
#419=FACE_OUTER_BOUND('',#738,.T.);
#420=FACE_OUTER_BOUND('',#739,.T.);
#421=FACE_OUTER_BOUND('',#740,.T.);
#422=FACE_OUTER_BOUND('',#745,.T.);
#423=FACE_OUTER_BOUND('',#746,.T.);
#424=FACE_OUTER_BOUND('',#747,.T.);
#425=FACE_OUTER_BOUND('',#748,.T.);
#426=FACE_OUTER_BOUND('',#749,.T.);
#427=FACE_OUTER_BOUND('',#750,.T.);
#428=FACE_OUTER_BOUND('',#755,.T.);
#429=FACE_OUTER_BOUND('',#756,.T.);
#430=FACE_OUTER_BOUND('',#757,.T.);
#431=FACE_OUTER_BOUND('',#758,.T.);
#432=FACE_OUTER_BOUND('',#759,.T.);
#433=FACE_OUTER_BOUND('',#760,.T.);
#434=FACE_OUTER_BOUND('',#761,.T.);
#435=FACE_OUTER_BOUND('',#762,.T.);
#436=FACE_OUTER_BOUND('',#763,.T.);
#437=FACE_OUTER_BOUND('',#768,.T.);
#438=FACE_OUTER_BOUND('',#769,.T.);
#439=FACE_OUTER_BOUND('',#770,.T.);
#440=FACE_OUTER_BOUND('',#771,.T.);
#441=FACE_OUTER_BOUND('',#772,.T.);
#442=FACE_OUTER_BOUND('',#773,.T.);
#443=FACE_OUTER_BOUND('',#774,.T.);
#444=FACE_OUTER_BOUND('',#775,.T.);
#445=FACE_OUTER_BOUND('',#779,.T.);
#446=FACE_OUTER_BOUND('',#783,.T.);
#447=FACE_OUTER_BOUND('',#784,.T.);
#448=FACE_OUTER_BOUND('',#785,.T.);
#449=FACE_OUTER_BOUND('',#786,.T.);
#450=FACE_OUTER_BOUND('',#787,.T.);
#451=FACE_OUTER_BOUND('',#788,.T.);
#452=FACE_OUTER_BOUND('',#789,.T.);
#453=FACE_OUTER_BOUND('',#790,.T.);
#454=FACE_OUTER_BOUND('',#791,.T.);
#455=FACE_OUTER_BOUND('',#792,.T.);
#456=FACE_OUTER_BOUND('',#793,.T.);
#457=FACE_OUTER_BOUND('',#794,.T.);
#458=FACE_OUTER_BOUND('',#795,.T.);
#459=FACE_OUTER_BOUND('',#796,.T.);
#460=FACE_OUTER_BOUND('',#797,.T.);
#461=FACE_OUTER_BOUND('',#798,.T.);
#462=FACE_OUTER_BOUND('',#799,.T.);
#463=FACE_OUTER_BOUND('',#800,.T.);
#464=FACE_OUTER_BOUND('',#801,.T.);
#465=FACE_OUTER_BOUND('',#802,.T.);
#466=FACE_OUTER_BOUND('',#803,.T.);
#467=FACE_OUTER_BOUND('',#804,.T.);
#468=FACE_OUTER_BOUND('',#805,.T.);
#469=FACE_OUTER_BOUND('',#806,.T.);
#470=FACE_OUTER_BOUND('',#807,.T.);
#471=FACE_OUTER_BOUND('',#808,.T.);
#472=FACE_OUTER_BOUND('',#809,.T.);
#473=FACE_OUTER_BOUND('',#810,.T.);
#474=FACE_OUTER_BOUND('',#811,.T.);
#475=FACE_OUTER_BOUND('',#812,.T.);
#476=FACE_OUTER_BOUND('',#813,.T.);
#477=FACE_OUTER_BOUND('',#814,.T.);
#478=FACE_OUTER_BOUND('',#815,.T.);
#479=FACE_OUTER_BOUND('',#816,.T.);
#480=FACE_OUTER_BOUND('',#817,.T.);
#481=FACE_OUTER_BOUND('',#818,.T.);
#482=FACE_OUTER_BOUND('',#819,.T.);
#483=FACE_OUTER_BOUND('',#820,.T.);
#484=FACE_OUTER_BOUND('',#821,.T.);
#485=FACE_OUTER_BOUND('',#822,.T.);
#486=FACE_OUTER_BOUND('',#823,.T.);
#487=FACE_OUTER_BOUND('',#824,.T.);
#488=FACE_OUTER_BOUND('',#825,.T.);
#489=FACE_OUTER_BOUND('',#826,.T.);
#490=FACE_OUTER_BOUND('',#827,.T.);
#491=FACE_OUTER_BOUND('',#828,.T.);
#492=FACE_OUTER_BOUND('',#829,.T.);
#493=FACE_OUTER_BOUND('',#830,.T.);
#494=FACE_OUTER_BOUND('',#831,.T.);
#495=FACE_OUTER_BOUND('',#832,.T.);
#496=FACE_OUTER_BOUND('',#833,.T.);
#497=FACE_OUTER_BOUND('',#834,.T.);
#498=FACE_OUTER_BOUND('',#835,.T.);
#499=FACE_OUTER_BOUND('',#836,.T.);
#500=FACE_OUTER_BOUND('',#837,.T.);
#501=FACE_OUTER_BOUND('',#838,.T.);
#502=FACE_OUTER_BOUND('',#839,.T.);
#503=FACE_OUTER_BOUND('',#840,.T.);
#504=FACE_OUTER_BOUND('',#841,.T.);
#505=FACE_OUTER_BOUND('',#842,.T.);
#506=FACE_OUTER_BOUND('',#843,.T.);
#507=FACE_OUTER_BOUND('',#844,.T.);
#508=FACE_OUTER_BOUND('',#845,.T.);
#509=FACE_OUTER_BOUND('',#846,.T.);
#510=FACE_OUTER_BOUND('',#847,.T.);
#511=FACE_OUTER_BOUND('',#848,.T.);
#512=FACE_OUTER_BOUND('',#849,.T.);
#513=FACE_OUTER_BOUND('',#850,.T.);
#514=FACE_OUTER_BOUND('',#851,.T.);
#515=EDGE_LOOP('',(#3159,#3160,#3161,#3162,#3163,#3164,#3165,#3166));
#516=EDGE_LOOP('',(#3167,#3168,#3169,#3170));
#517=EDGE_LOOP('',(#3171,#3172,#3173,#3174));
#518=EDGE_LOOP('',(#3175,#3176,#3177,#3178));
#519=EDGE_LOOP('',(#3179,#3180,#3181,#3182));
#520=EDGE_LOOP('',(#3183,#3184,#3185,#3186));
#521=EDGE_LOOP('',(#3187,#3188,#3189,#3190));
#522=EDGE_LOOP('',(#3191,#3192,#3193,#3194,#3195,#3196,#3197,#3198));
#523=EDGE_LOOP('',(#3199,#3200,#3201,#3202));
#524=EDGE_LOOP('',(#3203,#3204,#3205,#3206));
#525=EDGE_LOOP('',(#3207,#3208,#3209,#3210));
#526=EDGE_LOOP('',(#3211,#3212,#3213,#3214));
#527=EDGE_LOOP('',(#3215,#3216,#3217,#3218));
#528=EDGE_LOOP('',(#3219,#3220,#3221,#3222));
#529=EDGE_LOOP('',(#3223,#3224,#3225,#3226));
#530=EDGE_LOOP('',(#3227,#3228,#3229,#3230));
#531=EDGE_LOOP('',(#3231));
#532=EDGE_LOOP('',(#3232,#3233,#3234,#3235));
#533=EDGE_LOOP('',(#3236));
#534=EDGE_LOOP('',(#3237,#3238,#3239,#3240));
#535=EDGE_LOOP('',(#3241));
#536=EDGE_LOOP('',(#3242));
#537=EDGE_LOOP('',(#3243,#3244,#3245,#3246));
#538=EDGE_LOOP('',(#3247,#3248,#3249,#3250));
#539=EDGE_LOOP('',(#3251,#3252,#3253,#3254));
#540=EDGE_LOOP('',(#3255,#3256,#3257,#3258));
#541=EDGE_LOOP('',(#3259,#3260,#3261,#3262));
#542=EDGE_LOOP('',(#3263,#3264,#3265,#3266,#3267));
#543=EDGE_LOOP('',(#3268,#3269,#3270,#3271,#3272));
#544=EDGE_LOOP('',(#3273,#3274,#3275,#3276,#3277,#3278,#3279,#3280));
#545=EDGE_LOOP('',(#3281,#3282,#3283,#3284));
#546=EDGE_LOOP('',(#3285,#3286,#3287,#3288));
#547=EDGE_LOOP('',(#3289,#3290,#3291,#3292));
#548=EDGE_LOOP('',(#3293,#3294,#3295,#3296));
#549=EDGE_LOOP('',(#3297,#3298,#3299,#3300));
#550=EDGE_LOOP('',(#3301,#3302,#3303,#3304));
#551=EDGE_LOOP('',(#3305,#3306,#3307,#3308,#3309,#3310,#3311,#3312));
#552=EDGE_LOOP('',(#3313,#3314,#3315,#3316));
#553=EDGE_LOOP('',(#3317,#3318,#3319,#3320));
#554=EDGE_LOOP('',(#3321));
#555=EDGE_LOOP('',(#3322,#3323,#3324,#3325));
#556=EDGE_LOOP('',(#3326));
#557=EDGE_LOOP('',(#3327,#3328,#3329,#3330));
#558=EDGE_LOOP('',(#3331));
#559=EDGE_LOOP('',(#3332));
#560=EDGE_LOOP('',(#3333,#3334,#3335,#3336));
#561=EDGE_LOOP('',(#3337,#3338,#3339,#3340));
#562=EDGE_LOOP('',(#3341,#3342,#3343,#3344));
#563=EDGE_LOOP('',(#3345,#3346,#3347,#3348,#3349,#3350));
#564=EDGE_LOOP('',(#3351,#3352,#3353,#3354));
#565=EDGE_LOOP('',(#3355,#3356,#3357,#3358));
#566=EDGE_LOOP('',(#3359,#3360,#3361,#3362));
#567=EDGE_LOOP('',(#3363,#3364,#3365,#3366));
#568=EDGE_LOOP('',(#3367,#3368,#3369,#3370));
#569=EDGE_LOOP('',(#3371,#3372,#3373,#3374));
#570=EDGE_LOOP('',(#3375,#3376,#3377,#3378));
#571=EDGE_LOOP('',(#3379,#3380,#3381,#3382));
#572=EDGE_LOOP('',(#3383,#3384,#3385,#3386));
#573=EDGE_LOOP('',(#3387,#3388,#3389,#3390));
#574=EDGE_LOOP('',(#3391,#3392,#3393,#3394,#3395,#3396,#3397,#3398,#3399));
#575=EDGE_LOOP('',(#3400,#3401,#3402,#3403));
#576=EDGE_LOOP('',(#3404,#3405,#3406,#3407));
#577=EDGE_LOOP('',(#3408,#3409,#3410,#3411));
#578=EDGE_LOOP('',(#3412,#3413,#3414,#3415));
#579=EDGE_LOOP('',(#3416,#3417,#3418,#3419));
#580=EDGE_LOOP('',(#3420,#3421,#3422,#3423));
#581=EDGE_LOOP('',(#3424,#3425,#3426,#3427));
#582=EDGE_LOOP('',(#3428,#3429,#3430,#3431));
#583=EDGE_LOOP('',(#3432,#3433,#3434,#3435));
#584=EDGE_LOOP('',(#3436,#3437,#3438,#3439,#3440,#3441,#3442,#3443,#3444));
#585=EDGE_LOOP('',(#3445,#3446,#3447));
#586=EDGE_LOOP('',(#3448,#3449,#3450,#3451,#3452));
#587=EDGE_LOOP('',(#3453,#3454,#3455,#3456,#3457,#3458,#3459,#3460,#3461,
#3462));
#588=EDGE_LOOP('',(#3463,#3464,#3465,#3466));
#589=EDGE_LOOP('',(#3467,#3468,#3469,#3470));
#590=EDGE_LOOP('',(#3471,#3472,#3473,#3474));
#591=EDGE_LOOP('',(#3475,#3476,#3477,#3478));
#592=EDGE_LOOP('',(#3479,#3480,#3481,#3482));
#593=EDGE_LOOP('',(#3483,#3484,#3485,#3486));
#594=EDGE_LOOP('',(#3487));
#595=EDGE_LOOP('',(#3488,#3489,#3490,#3491));
#596=EDGE_LOOP('',(#3492,#3493,#3494,#3495));
#597=EDGE_LOOP('',(#3496,#3497,#3498,#3499));
#598=EDGE_LOOP('',(#3500,#3501,#3502,#3503));
#599=EDGE_LOOP('',(#3504,#3505,#3506,#3507));
#600=EDGE_LOOP('',(#3508,#3509,#3510,#3511));
#601=EDGE_LOOP('',(#3512,#3513,#3514,#3515,#3516,#3517,#3518,#3519,#3520,
#3521,#3522,#3523,#3524,#3525,#3526,#3527,#3528,#3529,#3530,#3531,#3532,
#3533,#3534,#3535,#3536,#3537,#3538,#3539,#3540,#3541,#3542,#3543,#3544,
#3545,#3546,#3547,#3548,#3549,#3550,#3551,#3552,#3553,#3554,#3555,#3556,
#3557,#3558,#3559,#3560,#3561,#3562));
#602=EDGE_LOOP('',(#3563,#3564,#3565,#3566));
#603=EDGE_LOOP('',(#3567,#3568,#3569,#3570));
#604=EDGE_LOOP('',(#3571,#3572,#3573,#3574,#3575));
#605=EDGE_LOOP('',(#3576,#3577,#3578,#3579));
#606=EDGE_LOOP('',(#3580,#3581,#3582,#3583));
#607=EDGE_LOOP('',(#3584,#3585,#3586,#3587));
#608=EDGE_LOOP('',(#3588,#3589,#3590,#3591,#3592));
#609=EDGE_LOOP('',(#3593,#3594,#3595,#3596));
#610=EDGE_LOOP('',(#3597,#3598,#3599,#3600));
#611=EDGE_LOOP('',(#3601,#3602,#3603,#3604));
#612=EDGE_LOOP('',(#3605,#3606,#3607,#3608));
#613=EDGE_LOOP('',(#3609,#3610,#3611,#3612));
#614=EDGE_LOOP('',(#3613,#3614,#3615,#3616));
#615=EDGE_LOOP('',(#3617,#3618,#3619,#3620));
#616=EDGE_LOOP('',(#3621,#3622,#3623,#3624));
#617=EDGE_LOOP('',(#3625,#3626,#3627,#3628));
#618=EDGE_LOOP('',(#3629,#3630,#3631,#3632));
#619=EDGE_LOOP('',(#3633,#3634,#3635,#3636));
#620=EDGE_LOOP('',(#3637,#3638,#3639,#3640));
#621=EDGE_LOOP('',(#3641,#3642,#3643,#3644));
#622=EDGE_LOOP('',(#3645,#3646,#3647,#3648));
#623=EDGE_LOOP('',(#3649,#3650,#3651,#3652));
#624=EDGE_LOOP('',(#3653,#3654,#3655,#3656,#3657,#3658,#3659,#3660,#3661,
#3662,#3663,#3664,#3665,#3666,#3667,#3668,#3669,#3670,#3671,#3672,#3673,
#3674,#3675,#3676));
#625=EDGE_LOOP('',(#3677,#3678,#3679,#3680,#3681));
#626=EDGE_LOOP('',(#3682,#3683,#3684,#3685,#3686));
#627=EDGE_LOOP('',(#3687,#3688,#3689,#3690));
#628=EDGE_LOOP('',(#3691,#3692,#3693,#3694));
#629=EDGE_LOOP('',(#3695,#3696,#3697,#3698));
#630=EDGE_LOOP('',(#3699,#3700,#3701,#3702));
#631=EDGE_LOOP('',(#3703,#3704,#3705,#3706,#3707));
#632=EDGE_LOOP('',(#3708,#3709,#3710,#3711,#3712));
#633=EDGE_LOOP('',(#3713,#3714,#3715,#3716));
#634=EDGE_LOOP('',(#3717,#3718,#3719,#3720));
#635=EDGE_LOOP('',(#3721,#3722,#3723,#3724));
#636=EDGE_LOOP('',(#3725,#3726,#3727,#3728));
#637=EDGE_LOOP('',(#3729,#3730,#3731,#3732));
#638=EDGE_LOOP('',(#3733,#3734,#3735,#3736));
#639=EDGE_LOOP('',(#3737,#3738,#3739,#3740));
#640=EDGE_LOOP('',(#3741,#3742,#3743,#3744));
#641=EDGE_LOOP('',(#3745,#3746,#3747,#3748));
#642=EDGE_LOOP('',(#3749,#3750,#3751,#3752));
#643=EDGE_LOOP('',(#3753,#3754,#3755,#3756));
#644=EDGE_LOOP('',(#3757,#3758,#3759,#3760));
#645=EDGE_LOOP('',(#3761,#3762,#3763,#3764));
#646=EDGE_LOOP('',(#3765,#3766,#3767,#3768));
#647=EDGE_LOOP('',(#3769,#3770,#3771,#3772));
#648=EDGE_LOOP('',(#3773,#3774,#3775,#3776));
#649=EDGE_LOOP('',(#3777,#3778,#3779,#3780));
#650=EDGE_LOOP('',(#3781,#3782,#3783,#3784));
#651=EDGE_LOOP('',(#3785,#3786,#3787,#3788));
#652=EDGE_LOOP('',(#3789,#3790,#3791,#3792));
#653=EDGE_LOOP('',(#3793,#3794,#3795,#3796));
#654=EDGE_LOOP('',(#3797,#3798,#3799,#3800));
#655=EDGE_LOOP('',(#3801,#3802,#3803,#3804));
#656=EDGE_LOOP('',(#3805,#3806,#3807,#3808));
#657=EDGE_LOOP('',(#3809,#3810,#3811,#3812));
#658=EDGE_LOOP('',(#3813,#3814,#3815,#3816));
#659=EDGE_LOOP('',(#3817));
#660=EDGE_LOOP('',(#3818,#3819,#3820,#3821));
#661=EDGE_LOOP('',(#3822,#3823,#3824,#3825));
#662=EDGE_LOOP('',(#3826,#3827,#3828,#3829));
#663=EDGE_LOOP('',(#3830,#3831,#3832,#3833,#3834,#3835,#3836,#3837,#3838,
#3839,#3840,#3841));
#664=EDGE_LOOP('',(#3842,#3843,#3844,#3845));
#665=EDGE_LOOP('',(#3846,#3847,#3848,#3849));
#666=EDGE_LOOP('',(#3850,#3851,#3852,#3853));
#667=EDGE_LOOP('',(#3854,#3855,#3856,#3857));
#668=EDGE_LOOP('',(#3858,#3859,#3860,#3861));
#669=EDGE_LOOP('',(#3862,#3863,#3864,#3865));
#670=EDGE_LOOP('',(#3866,#3867,#3868,#3869));
#671=EDGE_LOOP('',(#3870,#3871,#3872,#3873));
#672=EDGE_LOOP('',(#3874,#3875,#3876,#3877));
#673=EDGE_LOOP('',(#3878,#3879,#3880,#3881));
#674=EDGE_LOOP('',(#3882,#3883,#3884,#3885));
#675=EDGE_LOOP('',(#3886,#3887,#3888,#3889));
#676=EDGE_LOOP('',(#3890,#3891,#3892,#3893));
#677=EDGE_LOOP('',(#3894,#3895,#3896,#3897));
#678=EDGE_LOOP('',(#3898,#3899,#3900,#3901));
#679=EDGE_LOOP('',(#3902,#3903,#3904,#3905));
#680=EDGE_LOOP('',(#3906,#3907,#3908,#3909));
#681=EDGE_LOOP('',(#3910));
#682=EDGE_LOOP('',(#3911,#3912,#3913,#3914));
#683=EDGE_LOOP('',(#3915,#3916,#3917,#3918));
#684=EDGE_LOOP('',(#3919,#3920,#3921,#3922));
#685=EDGE_LOOP('',(#3923,#3924,#3925,#3926));
#686=EDGE_LOOP('',(#3927,#3928,#3929,#3930));
#687=EDGE_LOOP('',(#3931,#3932,#3933,#3934));
#688=EDGE_LOOP('',(#3935,#3936,#3937,#3938));
#689=EDGE_LOOP('',(#3939,#3940,#3941,#3942));
#690=EDGE_LOOP('',(#3943,#3944,#3945,#3946));
#691=EDGE_LOOP('',(#3947,#3948,#3949,#3950,#3951));
#692=EDGE_LOOP('',(#3952));
#693=EDGE_LOOP('',(#3953,#3954,#3955,#3956));
#694=EDGE_LOOP('',(#3957,#3958,#3959,#3960));
#695=EDGE_LOOP('',(#3961,#3962,#3963,#3964));
#696=EDGE_LOOP('',(#3965,#3966,#3967,#3968));
#697=EDGE_LOOP('',(#3969,#3970,#3971,#3972));
#698=EDGE_LOOP('',(#3973,#3974,#3975,#3976));
#699=EDGE_LOOP('',(#3977,#3978,#3979,#3980));
#700=EDGE_LOOP('',(#3981,#3982,#3983,#3984));
#701=EDGE_LOOP('',(#3985));
#702=EDGE_LOOP('',(#3986));
#703=EDGE_LOOP('',(#3987,#3988,#3989,#3990));
#704=EDGE_LOOP('',(#3991,#3992,#3993,#3994,#3995,#3996,#3997,#3998));
#705=EDGE_LOOP('',(#3999));
#706=EDGE_LOOP('',(#4000,#4001,#4002,#4003));
#707=EDGE_LOOP('',(#4004,#4005,#4006,#4007));
#708=EDGE_LOOP('',(#4008,#4009,#4010,#4011));
#709=EDGE_LOOP('',(#4012,#4013,#4014,#4015));
#710=EDGE_LOOP('',(#4016,#4017,#4018,#4019));
#711=EDGE_LOOP('',(#4020,#4021,#4022,#4023));
#712=EDGE_LOOP('',(#4024));
#713=EDGE_LOOP('',(#4025,#4026,#4027,#4028));
#714=EDGE_LOOP('',(#4029,#4030,#4031,#4032));
#715=EDGE_LOOP('',(#4033,#4034,#4035,#4036,#4037,#4038,#4039,#4040));
#716=EDGE_LOOP('',(#4041));
#717=EDGE_LOOP('',(#4042,#4043,#4044,#4045,#4046,#4047));
#718=EDGE_LOOP('',(#4048,#4049));
#719=EDGE_LOOP('',(#4050,#4051,#4052,#4053));
#720=EDGE_LOOP('',(#4054,#4055,#4056,#4057));
#721=EDGE_LOOP('',(#4058,#4059,#4060));
#722=EDGE_LOOP('',(#4061));
#723=EDGE_LOOP('',(#4062));
#724=EDGE_LOOP('',(#4063));
#725=EDGE_LOOP('',(#4064));
#726=EDGE_LOOP('',(#4065,#4066,#4067,#4068));
#727=EDGE_LOOP('',(#4069,#4070,#4071,#4072));
#728=EDGE_LOOP('',(#4073,#4074,#4075,#4076,#4077));
#729=EDGE_LOOP('',(#4078));
#730=EDGE_LOOP('',(#4079));
#731=EDGE_LOOP('',(#4080));
#732=EDGE_LOOP('',(#4081));
#733=EDGE_LOOP('',(#4082,#4083,#4084,#4085));
#734=EDGE_LOOP('',(#4086,#4087,#4088,#4089));
#735=EDGE_LOOP('',(#4090,#4091,#4092,#4093));
#736=EDGE_LOOP('',(#4094,#4095,#4096,#4097));
#737=EDGE_LOOP('',(#4098,#4099,#4100,#4101));
#738=EDGE_LOOP('',(#4102,#4103,#4104,#4105,#4106,#4107));
#739=EDGE_LOOP('',(#4108,#4109,#4110,#4111,#4112,#4113));
#740=EDGE_LOOP('',(#4114,#4115,#4116,#4117));
#741=EDGE_LOOP('',(#4118));
#742=EDGE_LOOP('',(#4119));
#743=EDGE_LOOP('',(#4120));
#744=EDGE_LOOP('',(#4121));
#745=EDGE_LOOP('',(#4122));
#746=EDGE_LOOP('',(#4123,#4124,#4125,#4126,#4127,#4128,#4129,#4130));
#747=EDGE_LOOP('',(#4131,#4132,#4133,#4134));
#748=EDGE_LOOP('',(#4135,#4136,#4137,#4138));
#749=EDGE_LOOP('',(#4139,#4140,#4141,#4142,#4143,#4144));
#750=EDGE_LOOP('',(#4145,#4146,#4147,#4148,#4149));
#751=EDGE_LOOP('',(#4150));
#752=EDGE_LOOP('',(#4151));
#753=EDGE_LOOP('',(#4152));
#754=EDGE_LOOP('',(#4153));
#755=EDGE_LOOP('',(#4154,#4155,#4156,#4157));
#756=EDGE_LOOP('',(#4158,#4159,#4160,#4161));
#757=EDGE_LOOP('',(#4162,#4163,#4164,#4165));
#758=EDGE_LOOP('',(#4166,#4167,#4168,#4169));
#759=EDGE_LOOP('',(#4170,#4171,#4172,#4173));
#760=EDGE_LOOP('',(#4174,#4175,#4176,#4177,#4178,#4179));
#761=EDGE_LOOP('',(#4180,#4181,#4182,#4183,#4184,#4185,#4186,#4187));
#762=EDGE_LOOP('',(#4188));
#763=EDGE_LOOP('',(#4189,#4190,#4191,#4192));
#764=EDGE_LOOP('',(#4193));
#765=EDGE_LOOP('',(#4194));
#766=EDGE_LOOP('',(#4195));
#767=EDGE_LOOP('',(#4196));
#768=EDGE_LOOP('',(#4197,#4198,#4199,#4200));
#769=EDGE_LOOP('',(#4201,#4202,#4203,#4204));
#770=EDGE_LOOP('',(#4205,#4206,#4207,#4208));
#771=EDGE_LOOP('',(#4209,#4210,#4211,#4212));
#772=EDGE_LOOP('',(#4213,#4214,#4215,#4216));
#773=EDGE_LOOP('',(#4217,#4218,#4219,#4220));
#774=EDGE_LOOP('',(#4221,#4222,#4223,#4224));
#775=EDGE_LOOP('',(#4225,#4226,#4227,#4228));
#776=EDGE_LOOP('',(#4229));
#777=EDGE_LOOP('',(#4230));
#778=EDGE_LOOP('',(#4231));
#779=EDGE_LOOP('',(#4232,#4233,#4234,#4235));
#780=EDGE_LOOP('',(#4236));
#781=EDGE_LOOP('',(#4237));
#782=EDGE_LOOP('',(#4238));
#783=EDGE_LOOP('',(#4239,#4240,#4241,#4242));
#784=EDGE_LOOP('',(#4243,#4244,#4245,#4246));
#785=EDGE_LOOP('',(#4247));
#786=EDGE_LOOP('',(#4248));
#787=EDGE_LOOP('',(#4249,#4250,#4251,#4252));
#788=EDGE_LOOP('',(#4253,#4254,#4255,#4256));
#789=EDGE_LOOP('',(#4257));
#790=EDGE_LOOP('',(#4258));
#791=EDGE_LOOP('',(#4259,#4260,#4261,#4262));
#792=EDGE_LOOP('',(#4263,#4264,#4265,#4266));
#793=EDGE_LOOP('',(#4267));
#794=EDGE_LOOP('',(#4268));
#795=EDGE_LOOP('',(#4269,#4270,#4271,#4272));
#796=EDGE_LOOP('',(#4273,#4274,#4275,#4276));
#797=EDGE_LOOP('',(#4277,#4278,#4279,#4280));
#798=EDGE_LOOP('',(#4281,#4282,#4283,#4284));
#799=EDGE_LOOP('',(#4285,#4286,#4287,#4288));
#800=EDGE_LOOP('',(#4289,#4290,#4291,#4292));
#801=EDGE_LOOP('',(#4293,#4294,#4295,#4296));
#802=EDGE_LOOP('',(#4297,#4298,#4299,#4300));
#803=EDGE_LOOP('',(#4301,#4302,#4303,#4304));
#804=EDGE_LOOP('',(#4305,#4306,#4307,#4308));
#805=EDGE_LOOP('',(#4309,#4310,#4311,#4312));
#806=EDGE_LOOP('',(#4313,#4314,#4315,#4316));
#807=EDGE_LOOP('',(#4317,#4318,#4319,#4320));
#808=EDGE_LOOP('',(#4321,#4322,#4323,#4324));
#809=EDGE_LOOP('',(#4325,#4326,#4327,#4328));
#810=EDGE_LOOP('',(#4329,#4330,#4331,#4332));
#811=EDGE_LOOP('',(#4333,#4334,#4335,#4336));
#812=EDGE_LOOP('',(#4337,#4338,#4339,#4340));
#813=EDGE_LOOP('',(#4341,#4342,#4343,#4344));
#814=EDGE_LOOP('',(#4345));
#815=EDGE_LOOP('',(#4346));
#816=EDGE_LOOP('',(#4347,#4348,#4349,#4350));
#817=EDGE_LOOP('',(#4351,#4352,#4353,#4354));
#818=EDGE_LOOP('',(#4355,#4356,#4357,#4358));
#819=EDGE_LOOP('',(#4359,#4360,#4361,#4362));
#820=EDGE_LOOP('',(#4363,#4364,#4365,#4366));
#821=EDGE_LOOP('',(#4367,#4368,#4369,#4370));
#822=EDGE_LOOP('',(#4371,#4372,#4373,#4374,#4375));
#823=EDGE_LOOP('',(#4376,#4377,#4378,#4379,#4380));
#824=EDGE_LOOP('',(#4381,#4382,#4383,#4384));
#825=EDGE_LOOP('',(#4385,#4386,#4387,#4388));
#826=EDGE_LOOP('',(#4389,#4390,#4391,#4392));
#827=EDGE_LOOP('',(#4393,#4394,#4395,#4396));
#828=EDGE_LOOP('',(#4397,#4398,#4399,#4400));
#829=EDGE_LOOP('',(#4401));
#830=EDGE_LOOP('',(#4402,#4403,#4404,#4405));
#831=EDGE_LOOP('',(#4406));
#832=EDGE_LOOP('',(#4407,#4408,#4409,#4410));
#833=EDGE_LOOP('',(#4411,#4412,#4413,#4414));
#834=EDGE_LOOP('',(#4415,#4416,#4417,#4418));
#835=EDGE_LOOP('',(#4419,#4420,#4421,#4422));
#836=EDGE_LOOP('',(#4423,#4424,#4425,#4426));
#837=EDGE_LOOP('',(#4427,#4428,#4429,#4430));
#838=EDGE_LOOP('',(#4431,#4432,#4433,#4434));
#839=EDGE_LOOP('',(#4435,#4436,#4437,#4438));
#840=EDGE_LOOP('',(#4439,#4440,#4441,#4442,#4443,#4444,#4445,#4446));
#841=EDGE_LOOP('',(#4447,#4448,#4449,#4450,#4451,#4452,#4453,#4454));
#842=EDGE_LOOP('',(#4455,#4456,#4457,#4458));
#843=EDGE_LOOP('',(#4459,#4460,#4461,#4462));
#844=EDGE_LOOP('',(#4463,#4464,#4465,#4466));
#845=EDGE_LOOP('',(#4467,#4468,#4469,#4470));
#846=EDGE_LOOP('',(#4471,#4472,#4473,#4474));
#847=EDGE_LOOP('',(#4475,#4476,#4477,#4478));
#848=EDGE_LOOP('',(#4479,#4480,#4481,#4482));
#849=EDGE_LOOP('',(#4483,#4484,#4485,#4486));
#850=EDGE_LOOP('',(#4487,#4488,#4489,#4490,#4491,#4492,#4493,#4494));
#851=EDGE_LOOP('',(#4495,#4496,#4497,#4498,#4499,#4500,#4501,#4502));
#852=LINE('',#6736,#1449);
#853=LINE('',#6738,#1450);
#854=LINE('',#6740,#1451);
#855=LINE('',#6742,#1452);
#856=LINE('',#6744,#1453);
#857=LINE('',#6746,#1454);
#858=LINE('',#6748,#1455);
#859=LINE('',#6749,#1456);
#860=LINE('',#6753,#1457);
#861=LINE('',#6754,#1458);
#862=LINE('',#6755,#1459);
#863=LINE('',#6758,#1460);
#864=LINE('',#6759,#1461);
#865=LINE('',#6762,#1462);
#866=LINE('',#6764,#1463);
#867=LINE('',#6765,#1464);
#868=LINE('',#6767,#1465);
#869=LINE('',#6770,#1466);
#870=LINE('',#6772,#1467);
#871=LINE('',#6773,#1468);
#872=LINE('',#6776,#1469);
#873=LINE('',#6777,#1470);
#874=LINE('',#6779,#1471);
#875=LINE('',#6780,#1472);
#876=LINE('',#6786,#1473);
#877=LINE('',#6788,#1474);
#878=LINE('',#6790,#1475);
#879=LINE('',#6791,#1476);
#880=LINE('',#6794,#1477);
#881=LINE('',#6796,#1478);
#882=LINE('',#6797,#1479);
#883=LINE('',#6800,#1480);
#884=LINE('',#6802,#1481);
#885=LINE('',#6803,#1482);
#886=LINE('',#6805,#1483);
#887=LINE('',#6806,#1484);
#888=LINE('',#6815,#1485);
#889=LINE('',#6821,#1486);
#890=LINE('',#6828,#1487);
#891=LINE('',#6830,#1488);
#892=LINE('',#6832,#1489);
#893=LINE('',#6833,#1490);
#894=LINE('',#6836,#1491);
#895=LINE('',#6838,#1492);
#896=LINE('',#6839,#1493);
#897=LINE('',#6842,#1494);
#898=LINE('',#6844,#1495);
#899=LINE('',#6845,#1496);
#900=LINE('',#6848,#1497);
#901=LINE('',#6850,#1498);
#902=LINE('',#6851,#1499);
#903=LINE('',#6853,#1500);
#904=LINE('',#6854,#1501);
#905=LINE('',#6860,#1502);
#906=LINE('',#6862,#1503);
#907=LINE('',#6864,#1504);
#908=LINE('',#6866,#1505);
#909=LINE('',#6868,#1506);
#910=LINE('',#6870,#1507);
#911=LINE('',#6872,#1508);
#912=LINE('',#6873,#1509);
#913=LINE('',#6877,#1510);
#914=LINE('',#6878,#1511);
#915=LINE('',#6879,#1512);
#916=LINE('',#6882,#1513);
#917=LINE('',#6883,#1514);
#918=LINE('',#6886,#1515);
#919=LINE('',#6888,#1516);
#920=LINE('',#6889,#1517);
#921=LINE('',#6891,#1518);
#922=LINE('',#6894,#1519);
#923=LINE('',#6896,#1520);
#924=LINE('',#6897,#1521);
#925=LINE('',#6900,#1522);
#926=LINE('',#6901,#1523);
#927=LINE('',#6903,#1524);
#928=LINE('',#6904,#1525);
#929=LINE('',#6913,#1526);
#930=LINE('',#6919,#1527);
#931=LINE('',#6926,#1528);
#932=LINE('',#6928,#1529);
#933=LINE('',#6930,#1530);
#934=LINE('',#6931,#1531);
#935=LINE('',#6935,#1532);
#936=LINE('',#6937,#1533);
#937=LINE('',#6939,#1534);
#938=LINE('',#6940,#1535);
#939=LINE('',#6943,#1536);
#940=LINE('',#6945,#1537);
#941=LINE('',#6946,#1538);
#942=LINE('',#6949,#1539);
#943=LINE('',#6951,#1540);
#944=LINE('',#6953,#1541);
#945=LINE('',#6955,#1542);
#946=LINE('',#6957,#1543);
#947=LINE('',#6958,#1544);
#948=LINE('',#6960,#1545);
#949=LINE('',#6961,#1546);
#950=LINE('',#6965,#1547);
#951=LINE('',#6967,#1548);
#952=LINE('',#6969,#1549);
#953=LINE('',#6970,#1550);
#954=LINE('',#6972,#1551);
#955=LINE('',#6973,#1552);
#956=LINE('',#6976,#1553);
#957=LINE('',#6978,#1554);
#958=LINE('',#6979,#1555);
#959=LINE('',#6982,#1556);
#960=LINE('',#6984,#1557);
#961=LINE('',#6985,#1558);
#962=LINE('',#6988,#1559);
#963=LINE('',#6989,#1560);
#964=LINE('',#6993,#1561);
#965=LINE('',#6994,#1562);
#966=LINE('',#6995,#1563);
#967=LINE('',#6998,#1564);
#968=LINE('',#7000,#1565);
#969=LINE('',#7001,#1566);
#970=LINE('',#7004,#1567);
#971=LINE('',#7005,#1568);
#972=LINE('',#7008,#1569);
#973=LINE('',#7010,#1570);
#974=LINE('',#7011,#1571);
#975=LINE('',#7013,#1572);
#976=LINE('',#7014,#1573);
#977=LINE('',#7017,#1574);
#978=LINE('',#7018,#1575);
#979=LINE('',#7021,#1576);
#980=LINE('',#7022,#1577);
#981=LINE('',#7026,#1578);
#982=LINE('',#7028,#1579);
#983=LINE('',#7030,#1580);
#984=LINE('',#7031,#1581);
#985=LINE('',#7034,#1582);
#986=LINE('',#7036,#1583);
#987=LINE('',#7037,#1584);
#988=LINE('',#7040,#1585);
#989=LINE('',#7041,#1586);
#990=LINE('',#7044,#1587);
#991=LINE('',#7045,#1588);
#992=LINE('',#7047,#1589);
#993=LINE('',#7052,#1590);
#994=LINE('',#7058,#1591);
#995=LINE('',#7062,#1592);
#996=LINE('',#7064,#1593);
#997=LINE('',#7066,#1594);
#998=LINE('',#7067,#1595);
#999=LINE('',#7070,#1596);
#1000=LINE('',#7072,#1597);
#1001=LINE('',#7073,#1598);
#1002=LINE('',#7076,#1599);
#1003=LINE('',#7078,#1600);
#1004=LINE('',#7079,#1601);
#1005=LINE('',#7080,#1602);
#1006=LINE('',#7084,#1603);
#1007=LINE('',#7086,#1604);
#1008=LINE('',#7088,#1605);
#1009=LINE('',#7089,#1606);
#1010=LINE('',#7093,#1607);
#1011=LINE('',#7095,#1608);
#1012=LINE('',#7097,#1609);
#1013=LINE('',#7098,#1610);
#1014=LINE('',#7101,#1611);
#1015=LINE('',#7103,#1612);
#1016=LINE('',#7104,#1613);
#1017=LINE('',#7108,#1614);
#1018=LINE('',#7110,#1615);
#1019=LINE('',#7112,#1616);
#1020=LINE('',#7113,#1617);
#1021=LINE('',#7117,#1618);
#1022=LINE('',#7119,#1619);
#1023=LINE('',#7121,#1620);
#1024=LINE('',#7122,#1621);
#1025=LINE('',#7125,#1622);
#1026=LINE('',#7127,#1623);
#1027=LINE('',#7128,#1624);
#1028=LINE('',#7132,#1625);
#1029=LINE('',#7134,#1626);
#1030=LINE('',#7136,#1627);
#1031=LINE('',#7137,#1628);
#1032=LINE('',#7141,#1629);
#1033=LINE('',#7143,#1630);
#1034=LINE('',#7145,#1631);
#1035=LINE('',#7146,#1632);
#1036=LINE('',#7150,#1633);
#1037=LINE('',#7152,#1634);
#1038=LINE('',#7154,#1635);
#1039=LINE('',#7155,#1636);
#1040=LINE('',#7157,#1637);
#1041=LINE('',#7158,#1638);
#1042=LINE('',#7161,#1639);
#1043=LINE('',#7163,#1640);
#1044=LINE('',#7164,#1641);
#1045=LINE('',#7167,#1642);
#1046=LINE('',#7169,#1643);
#1047=LINE('',#7170,#1644);
#1048=LINE('',#7173,#1645);
#1049=LINE('',#7175,#1646);
#1050=LINE('',#7177,#1647);
#1051=LINE('',#7179,#1648);
#1052=LINE('',#7180,#1649);
#1053=LINE('',#7182,#1650);
#1054=LINE('',#7184,#1651);
#1055=LINE('',#7186,#1652);
#1056=LINE('',#7188,#1653);
#1057=LINE('',#7189,#1654);
#1058=LINE('',#7191,#1655);
#1059=LINE('',#7193,#1656);
#1060=LINE('',#7194,#1657);
#1061=LINE('',#7196,#1658);
#1062=LINE('',#7198,#1659);
#1063=LINE('',#7199,#1660);
#1064=LINE('',#7200,#1661);
#1065=LINE('',#7202,#1662);
#1066=LINE('',#7204,#1663);
#1067=LINE('',#7206,#1664);
#1068=LINE('',#7207,#1665);
#1069=LINE('',#7208,#1666);
#1070=LINE('',#7209,#1667);
#1071=LINE('',#7211,#1668);
#1072=LINE('',#7213,#1669);
#1073=LINE('',#7215,#1670);
#1074=LINE('',#7217,#1671);
#1075=LINE('',#7218,#1672);
#1076=LINE('',#7219,#1673);
#1077=LINE('',#7221,#1674);
#1078=LINE('',#7223,#1675);
#1079=LINE('',#7224,#1676);
#1080=LINE('',#7226,#1677);
#1081=LINE('',#7227,#1678);
#1082=LINE('',#7230,#1679);
#1083=LINE('',#7232,#1680);
#1084=LINE('',#7234,#1681);
#1085=LINE('',#7236,#1682);
#1086=LINE('',#7237,#1683);
#1087=LINE('',#7240,#1684);
#1088=LINE('',#7242,#1685);
#1089=LINE('',#7244,#1686);
#1090=LINE('',#7245,#1687);
#1091=LINE('',#7248,#1688);
#1092=LINE('',#7250,#1689);
#1093=LINE('',#7252,#1690);
#1094=LINE('',#7253,#1691);
#1095=LINE('',#7256,#1692);
#1096=LINE('',#7258,#1693);
#1097=LINE('',#7260,#1694);
#1098=LINE('',#7261,#1695);
#1099=LINE('',#7264,#1696);
#1100=LINE('',#7266,#1697);
#1101=LINE('',#7268,#1698);
#1102=LINE('',#7270,#1699);
#1103=LINE('',#7271,#1700);
#1104=LINE('',#7274,#1701);
#1105=LINE('',#7276,#1702);
#1106=LINE('',#7278,#1703);
#1107=LINE('',#7279,#1704);
#1108=LINE('',#7282,#1705);
#1109=LINE('',#7284,#1706);
#1110=LINE('',#7286,#1707);
#1111=LINE('',#7287,#1708);
#1112=LINE('',#7290,#1709);
#1113=LINE('',#7292,#1710);
#1114=LINE('',#7294,#1711);
#1115=LINE('',#7295,#1712);
#1116=LINE('',#7298,#1713);
#1117=LINE('',#7299,#1714);
#1118=LINE('',#7302,#1715);
#1119=LINE('',#7304,#1716);
#1120=LINE('',#7305,#1717);
#1121=LINE('',#7308,#1718);
#1122=LINE('',#7309,#1719);
#1123=LINE('',#7312,#1720);
#1124=LINE('',#7313,#1721);
#1125=LINE('',#7316,#1722);
#1126=LINE('',#7317,#1723);
#1127=LINE('',#7320,#1724);
#1128=LINE('',#7321,#1725);
#1129=LINE('',#7323,#1726);
#1130=LINE('',#7325,#1727);
#1131=LINE('',#7327,#1728);
#1132=LINE('',#7330,#1729);
#1133=LINE('',#7331,#1730);
#1134=LINE('',#7333,#1731);
#1135=LINE('',#7335,#1732);
#1136=LINE('',#7337,#1733);
#1137=LINE('',#7339,#1734);
#1138=LINE('',#7341,#1735);
#1139=LINE('',#7342,#1736);
#1140=LINE('',#7343,#1737);
#1141=LINE('',#7346,#1738);
#1142=LINE('',#7348,#1739);
#1143=LINE('',#7350,#1740);
#1144=LINE('',#7352,#1741);
#1145=LINE('',#7353,#1742);
#1146=LINE('',#7356,#1743);
#1147=LINE('',#7358,#1744);
#1148=LINE('',#7360,#1745);
#1149=LINE('',#7362,#1746);
#1150=LINE('',#7363,#1747);
#1151=LINE('',#7366,#1748);
#1152=LINE('',#7368,#1749);
#1153=LINE('',#7370,#1750);
#1154=LINE('',#7371,#1751);
#1155=LINE('',#7374,#1752);
#1156=LINE('',#7376,#1753);
#1157=LINE('',#7378,#1754);
#1158=LINE('',#7379,#1755);
#1159=LINE('',#7382,#1756);
#1160=LINE('',#7384,#1757);
#1161=LINE('',#7386,#1758);
#1162=LINE('',#7387,#1759);
#1163=LINE('',#7390,#1760);
#1164=LINE('',#7392,#1761);
#1165=LINE('',#7394,#1762);
#1166=LINE('',#7395,#1763);
#1167=LINE('',#7398,#1764);
#1168=LINE('',#7400,#1765);
#1169=LINE('',#7402,#1766);
#1170=LINE('',#7404,#1767);
#1171=LINE('',#7405,#1768);
#1172=LINE('',#7408,#1769);
#1173=LINE('',#7410,#1770);
#1174=LINE('',#7412,#1771);
#1175=LINE('',#7414,#1772);
#1176=LINE('',#7415,#1773);
#1177=LINE('',#7418,#1774);
#1178=LINE('',#7420,#1775);
#1179=LINE('',#7422,#1776);
#1180=LINE('',#7423,#1777);
#1181=LINE('',#7426,#1778);
#1182=LINE('',#7428,#1779);
#1183=LINE('',#7430,#1780);
#1184=LINE('',#7431,#1781);
#1185=LINE('',#7434,#1782);
#1186=LINE('',#7436,#1783);
#1187=LINE('',#7438,#1784);
#1188=LINE('',#7439,#1785);
#1189=LINE('',#7441,#1786);
#1190=LINE('',#7442,#1787);
#1191=LINE('',#7444,#1788);
#1192=LINE('',#7446,#1789);
#1193=LINE('',#7448,#1790);
#1194=LINE('',#7451,#1791);
#1195=LINE('',#7452,#1792);
#1196=LINE('',#7454,#1793);
#1197=LINE('',#7456,#1794);
#1198=LINE('',#7458,#1795);
#1199=LINE('',#7461,#1796);
#1200=LINE('',#7462,#1797);
#1201=LINE('',#7464,#1798);
#1202=LINE('',#7466,#1799);
#1203=LINE('',#7469,#1800);
#1204=LINE('',#7470,#1801);
#1205=LINE('',#7472,#1802);
#1206=LINE('',#7474,#1803);
#1207=LINE('',#7477,#1804);
#1208=LINE('',#7478,#1805);
#1209=LINE('',#7480,#1806);
#1210=LINE('',#7482,#1807);
#1211=LINE('',#7485,#1808);
#1212=LINE('',#7486,#1809);
#1213=LINE('',#7488,#1810);
#1214=LINE('',#7490,#1811);
#1215=LINE('',#7493,#1812);
#1216=LINE('',#7494,#1813);
#1217=LINE('',#7496,#1814);
#1218=LINE('',#7498,#1815);
#1219=LINE('',#7500,#1816);
#1220=LINE('',#7503,#1817);
#1221=LINE('',#7504,#1818);
#1222=LINE('',#7506,#1819);
#1223=LINE('',#7508,#1820);
#1224=LINE('',#7510,#1821);
#1225=LINE('',#7513,#1822);
#1226=LINE('',#7514,#1823);
#1227=LINE('',#7516,#1824);
#1228=LINE('',#7518,#1825);
#1229=LINE('',#7521,#1826);
#1230=LINE('',#7522,#1827);
#1231=LINE('',#7524,#1828);
#1232=LINE('',#7526,#1829);
#1233=LINE('',#7529,#1830);
#1234=LINE('',#7530,#1831);
#1235=LINE('',#7532,#1832);
#1236=LINE('',#7534,#1833);
#1237=LINE('',#7537,#1834);
#1238=LINE('',#7539,#1835);
#1239=LINE('',#7546,#1836);
#1240=LINE('',#7548,#1837);
#1241=LINE('',#7550,#1838);
#1242=LINE('',#7551,#1839);
#1243=LINE('',#7555,#1840);
#1244=LINE('',#7557,#1841);
#1245=LINE('',#7559,#1842);
#1246=LINE('',#7560,#1843);
#1247=LINE('',#7562,#1844);
#1248=LINE('',#7563,#1845);
#1249=LINE('',#7565,#1846);
#1250=LINE('',#7567,#1847);
#1251=LINE('',#7573,#1848);
#1252=LINE('',#7580,#1849);
#1253=LINE('',#7582,#1850);
#1254=LINE('',#7584,#1851);
#1255=LINE('',#7585,#1852);
#1256=LINE('',#7588,#1853);
#1257=LINE('',#7590,#1854);
#1258=LINE('',#7592,#1855);
#1259=LINE('',#7594,#1856);
#1260=LINE('',#7596,#1857);
#1261=LINE('',#7598,#1858);
#1262=LINE('',#7599,#1859);
#1263=LINE('',#7604,#1860);
#1264=LINE('',#7605,#1861);
#1265=LINE('',#7608,#1862);
#1266=LINE('',#7609,#1863);
#1267=LINE('',#7613,#1864);
#1268=LINE('',#7614,#1865);
#1269=LINE('',#7615,#1866);
#1270=LINE('',#7618,#1867);
#1271=LINE('',#7619,#1868);
#1272=LINE('',#7622,#1869);
#1273=LINE('',#7623,#1870);
#1274=LINE('',#7645,#1871);
#1275=LINE('',#7649,#1872);
#1276=LINE('',#7651,#1873);
#1277=LINE('',#7682,#1874);
#1278=LINE('',#7684,#1875);
#1279=LINE('',#7689,#1876);
#1280=LINE('',#7695,#1877);
#1281=LINE('',#7702,#1878);
#1282=LINE('',#7704,#1879);
#1283=LINE('',#7706,#1880);
#1284=LINE('',#7707,#1881);
#1285=LINE('',#7710,#1882);
#1286=LINE('',#7712,#1883);
#1287=LINE('',#7713,#1884);
#1288=LINE('',#7716,#1885);
#1289=LINE('',#7721,#1886);
#1290=LINE('',#7733,#1887);
#1291=LINE('',#7737,#1888);
#1292=LINE('',#7741,#1889);
#1293=LINE('',#7745,#1890);
#1294=LINE('',#7748,#1891);
#1295=LINE('',#7750,#1892);
#1296=LINE('',#7751,#1893);
#1297=LINE('',#7754,#1894);
#1298=LINE('',#7755,#1895);
#1299=LINE('',#7758,#1896);
#1300=LINE('',#7759,#1897);
#1301=LINE('',#7766,#1898);
#1302=LINE('',#7770,#1899);
#1303=LINE('',#7772,#1900);
#1304=LINE('',#7774,#1901);
#1305=LINE('',#7775,#1902);
#1306=LINE('',#7778,#1903);
#1307=LINE('',#7780,#1904);
#1308=LINE('',#7781,#1905);
#1309=LINE('',#7784,#1906);
#1310=LINE('',#7786,#1907);
#1311=LINE('',#7788,#1908);
#1312=LINE('',#7789,#1909);
#1313=LINE('',#7792,#1910);
#1314=LINE('',#7806,#1911);
#1315=LINE('',#7810,#1912);
#1316=LINE('',#7814,#1913);
#1317=LINE('',#7818,#1914);
#1318=LINE('',#7822,#1915);
#1319=LINE('',#7823,#1916);
#1320=LINE('',#7826,#1917);
#1321=LINE('',#7827,#1918);
#1322=LINE('',#7830,#1919);
#1323=LINE('',#7839,#1920);
#1324=LINE('',#7845,#1921);
#1325=LINE('',#7851,#1922);
#1326=LINE('',#7856,#1923);
#1327=LINE('',#7858,#1924);
#1328=LINE('',#7860,#1925);
#1329=LINE('',#7861,#1926);
#1330=LINE('',#7864,#1927);
#1331=LINE('',#7866,#1928);
#1332=LINE('',#7867,#1929);
#1333=LINE('',#7873,#1930);
#1334=LINE('',#7875,#1931);
#1335=LINE('',#7876,#1932);
#1336=LINE('',#7883,#1933);
#1337=LINE('',#7887,#1934);
#1338=LINE('',#7895,#1935);
#1339=LINE('',#7899,#1936);
#1340=LINE('',#7907,#1937);
#1341=LINE('',#7911,#1938);
#1342=LINE('',#7918,#1939);
#1343=LINE('',#7920,#1940);
#1344=LINE('',#7922,#1941);
#1345=LINE('',#7923,#1942);
#1346=LINE('',#7926,#1943);
#1347=LINE('',#7928,#1944);
#1348=LINE('',#7929,#1945);
#1349=LINE('',#7935,#1946);
#1350=LINE('',#7937,#1947);
#1351=LINE('',#7938,#1948);
#1352=LINE('',#7944,#1949);
#1353=LINE('',#7946,#1950);
#1354=LINE('',#7948,#1951);
#1355=LINE('',#7949,#1952);
#1356=LINE('',#7952,#1953);
#1357=LINE('',#7954,#1954);
#1358=LINE('',#7955,#1955);
#1359=LINE('',#7958,#1956);
#1360=LINE('',#7960,#1957);
#1361=LINE('',#7961,#1958);
#1362=LINE('',#7963,#1959);
#1363=LINE('',#7964,#1960);
#1364=LINE('',#7970,#1961);
#1365=LINE('',#7972,#1962);
#1366=LINE('',#7974,#1963);
#1367=LINE('',#7975,#1964);
#1368=LINE('',#7978,#1965);
#1369=LINE('',#7980,#1966);
#1370=LINE('',#7981,#1967);
#1371=LINE('',#7984,#1968);
#1372=LINE('',#7986,#1969);
#1373=LINE('',#7987,#1970);
#1374=LINE('',#7989,#1971);
#1375=LINE('',#7990,#1972);
#1376=LINE('',#7997,#1973);
#1377=LINE('',#8004,#1974);
#1378=LINE('',#8006,#1975);
#1379=LINE('',#8008,#1976);
#1380=LINE('',#8009,#1977);
#1381=LINE('',#8012,#1978);
#1382=LINE('',#8014,#1979);
#1383=LINE('',#8015,#1980);
#1384=LINE('',#8018,#1981);
#1385=LINE('',#8020,#1982);
#1386=LINE('',#8021,#1983);
#1387=LINE('',#8023,#1984);
#1388=LINE('',#8024,#1985);
#1389=LINE('',#8030,#1986);
#1390=LINE('',#8032,#1987);
#1391=LINE('',#8034,#1988);
#1392=LINE('',#8036,#1989);
#1393=LINE('',#8037,#1990);
#1394=LINE('',#8041,#1991);
#1395=LINE('',#8043,#1992);
#1396=LINE('',#8045,#1993);
#1397=LINE('',#8047,#1994);
#1398=LINE('',#8048,#1995);
#1399=LINE('',#8050,#1996);
#1400=LINE('',#8051,#1997);
#1401=LINE('',#8053,#1998);
#1402=LINE('',#8055,#1999);
#1403=LINE('',#8057,#2000);
#1404=LINE('',#8065,#2001);
#1405=LINE('',#8070,#2002);
#1406=LINE('',#8072,#2003);
#1407=LINE('',#8074,#2004);
#1408=LINE('',#8075,#2005);
#1409=LINE('',#8081,#2006);
#1410=LINE('',#8084,#2007);
#1411=LINE('',#8086,#2008);
#1412=LINE('',#8087,#2009);
#1413=LINE('',#8090,#2010);
#1414=LINE('',#8092,#2011);
#1415=LINE('',#8093,#2012);
#1416=LINE('',#8096,#2013);
#1417=LINE('',#8098,#2014);
#1418=LINE('',#8099,#2015);
#1419=LINE('',#8102,#2016);
#1420=LINE('',#8104,#2017);
#1421=LINE('',#8105,#2018);
#1422=LINE('',#8108,#2019);
#1423=LINE('',#8110,#2020);
#1424=LINE('',#8111,#2021);
#1425=LINE('',#8113,#2022);
#1426=LINE('',#8114,#2023);
#1427=LINE('',#8120,#2024);
#1428=LINE('',#8122,#2025);
#1429=LINE('',#8124,#2026);
#1430=LINE('',#8125,#2027);
#1431=LINE('',#8131,#2028);
#1432=LINE('',#8134,#2029);
#1433=LINE('',#8136,#2030);
#1434=LINE('',#8137,#2031);
#1435=LINE('',#8140,#2032);
#1436=LINE('',#8142,#2033);
#1437=LINE('',#8143,#2034);
#1438=LINE('',#8146,#2035);
#1439=LINE('',#8148,#2036);
#1440=LINE('',#8149,#2037);
#1441=LINE('',#8152,#2038);
#1442=LINE('',#8154,#2039);
#1443=LINE('',#8155,#2040);
#1444=LINE('',#8158,#2041);
#1445=LINE('',#8160,#2042);
#1446=LINE('',#8161,#2043);
#1447=LINE('',#8163,#2044);
#1448=LINE('',#8164,#2045);
#1449=VECTOR('',#5429,10.);
#1450=VECTOR('',#5430,10.);
#1451=VECTOR('',#5431,10.);
#1452=VECTOR('',#5432,10.);
#1453=VECTOR('',#5433,10.);
#1454=VECTOR('',#5434,10.);
#1455=VECTOR('',#5435,10.);
#1456=VECTOR('',#5436,10.);
#1457=VECTOR('',#5439,10.);
#1458=VECTOR('',#5440,10.);
#1459=VECTOR('',#5441,10.);
#1460=VECTOR('',#5444,10.);
#1461=VECTOR('',#5445,10.);
#1462=VECTOR('',#5448,10.);
#1463=VECTOR('',#5449,10.);
#1464=VECTOR('',#5450,10.);
#1465=VECTOR('',#5453,10.);
#1466=VECTOR('',#5456,10.);
#1467=VECTOR('',#5457,10.);
#1468=VECTOR('',#5458,10.);
#1469=VECTOR('',#5461,10.);
#1470=VECTOR('',#5462,10.);
#1471=VECTOR('',#5465,10.);
#1472=VECTOR('',#5466,10.);
#1473=VECTOR('',#5473,10.);
#1474=VECTOR('',#5474,10.);
#1475=VECTOR('',#5475,10.);
#1476=VECTOR('',#5476,10.);
#1477=VECTOR('',#5479,10.);
#1478=VECTOR('',#5480,10.);
#1479=VECTOR('',#5481,10.);
#1480=VECTOR('',#5484,10.);
#1481=VECTOR('',#5485,10.);
#1482=VECTOR('',#5486,10.);
#1483=VECTOR('',#5489,10.);
#1484=VECTOR('',#5490,10.);
#1485=VECTOR('',#5503,7.93750000000003);
#1486=VECTOR('',#5510,7.93749999999989);
#1487=VECTOR('',#5519,10.);
#1488=VECTOR('',#5520,10.);
#1489=VECTOR('',#5521,10.);
#1490=VECTOR('',#5522,10.);
#1491=VECTOR('',#5525,10.);
#1492=VECTOR('',#5526,10.);
#1493=VECTOR('',#5527,10.);
#1494=VECTOR('',#5530,10.);
#1495=VECTOR('',#5531,10.);
#1496=VECTOR('',#5532,10.);
#1497=VECTOR('',#5535,10.);
#1498=VECTOR('',#5536,10.);
#1499=VECTOR('',#5537,10.);
#1500=VECTOR('',#5540,10.);
#1501=VECTOR('',#5541,10.);
#1502=VECTOR('',#5548,10.);
#1503=VECTOR('',#5549,10.);
#1504=VECTOR('',#5550,10.);
#1505=VECTOR('',#5551,10.);
#1506=VECTOR('',#5552,10.);
#1507=VECTOR('',#5553,10.);
#1508=VECTOR('',#5554,10.);
#1509=VECTOR('',#5555,10.);
#1510=VECTOR('',#5558,10.);
#1511=VECTOR('',#5559,10.);
#1512=VECTOR('',#5560,10.);
#1513=VECTOR('',#5563,10.);
#1514=VECTOR('',#5564,10.);
#1515=VECTOR('',#5567,10.);
#1516=VECTOR('',#5568,10.);
#1517=VECTOR('',#5569,10.);
#1518=VECTOR('',#5572,10.);
#1519=VECTOR('',#5575,10.);
#1520=VECTOR('',#5576,10.);
#1521=VECTOR('',#5577,10.);
#1522=VECTOR('',#5580,10.);
#1523=VECTOR('',#5581,10.);
#1524=VECTOR('',#5584,10.);
#1525=VECTOR('',#5585,10.);
#1526=VECTOR('',#5598,7.93750000000003);
#1527=VECTOR('',#5605,7.93749999999989);
#1528=VECTOR('',#5614,10.);
#1529=VECTOR('',#5615,10.);
#1530=VECTOR('',#5616,10.);
#1531=VECTOR('',#5617,10.);
#1532=VECTOR('',#5620,10.);
#1533=VECTOR('',#5621,10.);
#1534=VECTOR('',#5622,10.);
#1535=VECTOR('',#5623,10.);
#1536=VECTOR('',#5626,10.);
#1537=VECTOR('',#5627,10.);
#1538=VECTOR('',#5628,10.);
#1539=VECTOR('',#5631,10.);
#1540=VECTOR('',#5632,10.);
#1541=VECTOR('',#5633,10.);
#1542=VECTOR('',#5634,10.);
#1543=VECTOR('',#5635,10.);
#1544=VECTOR('',#5636,10.);
#1545=VECTOR('',#5639,10.);
#1546=VECTOR('',#5640,10.);
#1547=VECTOR('',#5643,10.);
#1548=VECTOR('',#5644,10.);
#1549=VECTOR('',#5645,10.);
#1550=VECTOR('',#5646,10.);
#1551=VECTOR('',#5649,10.);
#1552=VECTOR('',#5650,10.);
#1553=VECTOR('',#5653,10.);
#1554=VECTOR('',#5654,10.);
#1555=VECTOR('',#5655,10.);
#1556=VECTOR('',#5658,10.);
#1557=VECTOR('',#5659,10.);
#1558=VECTOR('',#5660,10.);
#1559=VECTOR('',#5663,10.);
#1560=VECTOR('',#5664,10.);
#1561=VECTOR('',#5667,10.);
#1562=VECTOR('',#5668,10.);
#1563=VECTOR('',#5669,10.);
#1564=VECTOR('',#5672,10.);
#1565=VECTOR('',#5673,10.);
#1566=VECTOR('',#5674,10.);
#1567=VECTOR('',#5677,10.);
#1568=VECTOR('',#5678,10.);
#1569=VECTOR('',#5681,10.);
#1570=VECTOR('',#5682,10.);
#1571=VECTOR('',#5683,10.);
#1572=VECTOR('',#5686,10.);
#1573=VECTOR('',#5687,10.);
#1574=VECTOR('',#5690,10.);
#1575=VECTOR('',#5691,10.);
#1576=VECTOR('',#5694,10.);
#1577=VECTOR('',#5695,10.);
#1578=VECTOR('',#5698,10.);
#1579=VECTOR('',#5699,10.);
#1580=VECTOR('',#5700,10.);
#1581=VECTOR('',#5701,10.);
#1582=VECTOR('',#5704,10.);
#1583=VECTOR('',#5705,10.);
#1584=VECTOR('',#5706,10.);
#1585=VECTOR('',#5709,10.);
#1586=VECTOR('',#5710,10.);
#1587=VECTOR('',#5713,10.);
#1588=VECTOR('',#5714,10.);
#1589=VECTOR('',#5717,10.);
#1590=VECTOR('',#5722,5.);
#1591=VECTOR('',#5729,5.);
#1592=VECTOR('',#5734,10.);
#1593=VECTOR('',#5735,10.);
#1594=VECTOR('',#5736,10.);
#1595=VECTOR('',#5737,10.);
#1596=VECTOR('',#5740,10.);
#1597=VECTOR('',#5741,10.);
#1598=VECTOR('',#5742,10.);
#1599=VECTOR('',#5745,10.);
#1600=VECTOR('',#5746,10.);
#1601=VECTOR('',#5747,10.);
#1602=VECTOR('',#5748,10.);
#1603=VECTOR('',#5751,10.);
#1604=VECTOR('',#5752,10.);
#1605=VECTOR('',#5753,10.);
#1606=VECTOR('',#5754,10.);
#1607=VECTOR('',#5757,10.);
#1608=VECTOR('',#5758,10.);
#1609=VECTOR('',#5759,10.);
#1610=VECTOR('',#5760,10.);
#1611=VECTOR('',#5763,10.);
#1612=VECTOR('',#5764,10.);
#1613=VECTOR('',#5765,10.);
#1614=VECTOR('',#5768,10.);
#1615=VECTOR('',#5769,10.);
#1616=VECTOR('',#5770,10.);
#1617=VECTOR('',#5771,10.);
#1618=VECTOR('',#5774,10.);
#1619=VECTOR('',#5775,10.);
#1620=VECTOR('',#5776,10.);
#1621=VECTOR('',#5777,10.);
#1622=VECTOR('',#5780,10.);
#1623=VECTOR('',#5781,10.);
#1624=VECTOR('',#5782,10.);
#1625=VECTOR('',#5785,10.);
#1626=VECTOR('',#5786,10.);
#1627=VECTOR('',#5787,10.);
#1628=VECTOR('',#5788,10.);
#1629=VECTOR('',#5791,10.);
#1630=VECTOR('',#5792,10.);
#1631=VECTOR('',#5793,10.);
#1632=VECTOR('',#5794,10.);
#1633=VECTOR('',#5797,10.);
#1634=VECTOR('',#5798,10.);
#1635=VECTOR('',#5799,10.);
#1636=VECTOR('',#5800,10.);
#1637=VECTOR('',#5803,10.);
#1638=VECTOR('',#5804,10.);
#1639=VECTOR('',#5807,10.);
#1640=VECTOR('',#5808,10.);
#1641=VECTOR('',#5809,10.);
#1642=VECTOR('',#5812,10.);
#1643=VECTOR('',#5813,10.);
#1644=VECTOR('',#5814,10.);
#1645=VECTOR('',#5817,10.);
#1646=VECTOR('',#5818,10.);
#1647=VECTOR('',#5819,10.);
#1648=VECTOR('',#5820,10.);
#1649=VECTOR('',#5821,10.);
#1650=VECTOR('',#5822,10.);
#1651=VECTOR('',#5823,10.);
#1652=VECTOR('',#5824,10.);
#1653=VECTOR('',#5825,10.);
#1654=VECTOR('',#5826,10.);
#1655=VECTOR('',#5827,10.);
#1656=VECTOR('',#5828,10.);
#1657=VECTOR('',#5829,10.);
#1658=VECTOR('',#5830,10.);
#1659=VECTOR('',#5831,10.);
#1660=VECTOR('',#5832,10.);
#1661=VECTOR('',#5833,10.);
#1662=VECTOR('',#5834,10.);
#1663=VECTOR('',#5835,10.);
#1664=VECTOR('',#5836,10.);
#1665=VECTOR('',#5837,10.);
#1666=VECTOR('',#5838,10.);
#1667=VECTOR('',#5839,10.);
#1668=VECTOR('',#5840,10.);
#1669=VECTOR('',#5841,10.);
#1670=VECTOR('',#5842,10.);
#1671=VECTOR('',#5843,10.);
#1672=VECTOR('',#5844,10.);
#1673=VECTOR('',#5845,10.);
#1674=VECTOR('',#5846,10.);
#1675=VECTOR('',#5847,10.);
#1676=VECTOR('',#5848,10.);
#1677=VECTOR('',#5849,10.);
#1678=VECTOR('',#5850,10.);
#1679=VECTOR('',#5851,10.);
#1680=VECTOR('',#5852,10.);
#1681=VECTOR('',#5853,10.);
#1682=VECTOR('',#5854,10.);
#1683=VECTOR('',#5855,10.);
#1684=VECTOR('',#5856,10.);
#1685=VECTOR('',#5857,10.);
#1686=VECTOR('',#5858,10.);
#1687=VECTOR('',#5859,10.);
#1688=VECTOR('',#5860,10.);
#1689=VECTOR('',#5861,10.);
#1690=VECTOR('',#5862,10.);
#1691=VECTOR('',#5863,10.);
#1692=VECTOR('',#5864,10.);
#1693=VECTOR('',#5865,10.);
#1694=VECTOR('',#5866,10.);
#1695=VECTOR('',#5867,10.);
#1696=VECTOR('',#5868,10.);
#1697=VECTOR('',#5869,10.);
#1698=VECTOR('',#5870,10.);
#1699=VECTOR('',#5871,10.);
#1700=VECTOR('',#5872,10.);
#1701=VECTOR('',#5873,10.);
#1702=VECTOR('',#5874,10.);
#1703=VECTOR('',#5875,10.);
#1704=VECTOR('',#5876,10.);
#1705=VECTOR('',#5877,10.);
#1706=VECTOR('',#5878,10.);
#1707=VECTOR('',#5879,10.);
#1708=VECTOR('',#5880,10.);
#1709=VECTOR('',#5881,10.);
#1710=VECTOR('',#5882,10.);
#1711=VECTOR('',#5883,10.);
#1712=VECTOR('',#5884,10.);
#1713=VECTOR('',#5887,10.);
#1714=VECTOR('',#5888,10.);
#1715=VECTOR('',#5891,10.);
#1716=VECTOR('',#5892,10.);
#1717=VECTOR('',#5893,10.);
#1718=VECTOR('',#5896,10.);
#1719=VECTOR('',#5897,10.);
#1720=VECTOR('',#5900,10.);
#1721=VECTOR('',#5901,10.);
#1722=VECTOR('',#5904,10.);
#1723=VECTOR('',#5905,10.);
#1724=VECTOR('',#5908,10.);
#1725=VECTOR('',#5909,10.);
#1726=VECTOR('',#5912,10.);
#1727=VECTOR('',#5915,10.);
#1728=VECTOR('',#5918,10.);
#1729=VECTOR('',#5921,10.);
#1730=VECTOR('',#5922,10.);
#1731=VECTOR('',#5925,10.);
#1732=VECTOR('',#5928,10.);
#1733=VECTOR('',#5931,10.);
#1734=VECTOR('',#5932,10.);
#1735=VECTOR('',#5933,10.);
#1736=VECTOR('',#5934,10.);
#1737=VECTOR('',#5935,10.);
#1738=VECTOR('',#5936,10.);
#1739=VECTOR('',#5937,10.);
#1740=VECTOR('',#5938,10.);
#1741=VECTOR('',#5939,10.);
#1742=VECTOR('',#5940,10.);
#1743=VECTOR('',#5941,10.);
#1744=VECTOR('',#5942,10.);
#1745=VECTOR('',#5943,10.);
#1746=VECTOR('',#5944,10.);
#1747=VECTOR('',#5945,10.);
#1748=VECTOR('',#5946,10.);
#1749=VECTOR('',#5947,10.);
#1750=VECTOR('',#5948,10.);
#1751=VECTOR('',#5949,10.);
#1752=VECTOR('',#5950,10.);
#1753=VECTOR('',#5951,10.);
#1754=VECTOR('',#5952,10.);
#1755=VECTOR('',#5953,10.);
#1756=VECTOR('',#5954,10.);
#1757=VECTOR('',#5955,10.);
#1758=VECTOR('',#5956,10.);
#1759=VECTOR('',#5957,10.);
#1760=VECTOR('',#5958,10.);
#1761=VECTOR('',#5959,10.);
#1762=VECTOR('',#5960,10.);
#1763=VECTOR('',#5961,10.);
#1764=VECTOR('',#5962,10.);
#1765=VECTOR('',#5963,10.);
#1766=VECTOR('',#5964,10.);
#1767=VECTOR('',#5965,10.);
#1768=VECTOR('',#5966,10.);
#1769=VECTOR('',#5967,10.);
#1770=VECTOR('',#5968,10.);
#1771=VECTOR('',#5969,10.);
#1772=VECTOR('',#5970,10.);
#1773=VECTOR('',#5971,10.);
#1774=VECTOR('',#5972,10.);
#1775=VECTOR('',#5973,10.);
#1776=VECTOR('',#5974,10.);
#1777=VECTOR('',#5975,10.);
#1778=VECTOR('',#5976,10.);
#1779=VECTOR('',#5977,10.);
#1780=VECTOR('',#5978,10.);
#1781=VECTOR('',#5979,10.);
#1782=VECTOR('',#5980,10.);
#1783=VECTOR('',#5981,10.);
#1784=VECTOR('',#5982,10.);
#1785=VECTOR('',#5983,10.);
#1786=VECTOR('',#5986,10.);
#1787=VECTOR('',#5987,10.);
#1788=VECTOR('',#5990,10.);
#1789=VECTOR('',#5993,10.);
#1790=VECTOR('',#5996,10.);
#1791=VECTOR('',#6001,10.);
#1792=VECTOR('',#6002,10.);
#1793=VECTOR('',#6005,10.);
#1794=VECTOR('',#6008,10.);
#1795=VECTOR('',#6011,10.);
#1796=VECTOR('',#6016,10.);
#1797=VECTOR('',#6017,10.);
#1798=VECTOR('',#6020,10.);
#1799=VECTOR('',#6023,10.);
#1800=VECTOR('',#6028,10.);
#1801=VECTOR('',#6029,10.);
#1802=VECTOR('',#6032,10.);
#1803=VECTOR('',#6035,10.);
#1804=VECTOR('',#6040,10.);
#1805=VECTOR('',#6041,10.);
#1806=VECTOR('',#6044,10.);
#1807=VECTOR('',#6047,10.);
#1808=VECTOR('',#6052,10.);
#1809=VECTOR('',#6053,10.);
#1810=VECTOR('',#6056,10.);
#1811=VECTOR('',#6059,10.);
#1812=VECTOR('',#6064,10.);
#1813=VECTOR('',#6065,10.);
#1814=VECTOR('',#6068,10.);
#1815=VECTOR('',#6071,10.);
#1816=VECTOR('',#6074,10.);
#1817=VECTOR('',#6079,10.);
#1818=VECTOR('',#6080,10.);
#1819=VECTOR('',#6083,10.);
#1820=VECTOR('',#6086,10.);
#1821=VECTOR('',#6089,10.);
#1822=VECTOR('',#6094,10.);
#1823=VECTOR('',#6095,10.);
#1824=VECTOR('',#6098,10.);
#1825=VECTOR('',#6101,10.);
#1826=VECTOR('',#6106,10.);
#1827=VECTOR('',#6107,10.);
#1828=VECTOR('',#6110,10.);
#1829=VECTOR('',#6113,10.);
#1830=VECTOR('',#6118,10.);
#1831=VECTOR('',#6119,10.);
#1832=VECTOR('',#6122,10.);
#1833=VECTOR('',#6125,10.);
#1834=VECTOR('',#6130,10.);
#1835=VECTOR('',#6133,10.);
#1836=VECTOR('',#6142,10.);
#1837=VECTOR('',#6143,10.);
#1838=VECTOR('',#6144,10.);
#1839=VECTOR('',#6145,10.);
#1840=VECTOR('',#6148,10.);
#1841=VECTOR('',#6149,10.);
#1842=VECTOR('',#6150,10.);
#1843=VECTOR('',#6151,10.);
#1844=VECTOR('',#6154,10.);
#1845=VECTOR('',#6155,10.);
#1846=VECTOR('',#6158,10.);
#1847=VECTOR('',#6161,10.);
#1848=VECTOR('',#6168,4.76249999999993);
#1849=VECTOR('',#6177,10.);
#1850=VECTOR('',#6178,10.);
#1851=VECTOR('',#6179,10.);
#1852=VECTOR('',#6180,10.);
#1853=VECTOR('',#6183,10.);
#1854=VECTOR('',#6184,10.);
#1855=VECTOR('',#6185,10.);
#1856=VECTOR('',#6186,10.);
#1857=VECTOR('',#6187,10.);
#1858=VECTOR('',#6188,10.);
#1859=VECTOR('',#6189,10.);
#1860=VECTOR('',#6194,10.);
#1861=VECTOR('',#6195,10.);
#1862=VECTOR('',#6198,10.);
#1863=VECTOR('',#6199,10.);
#1864=VECTOR('',#6202,10.);
#1865=VECTOR('',#6203,10.);
#1866=VECTOR('',#6204,10.);
#1867=VECTOR('',#6207,10.);
#1868=VECTOR('',#6208,10.);
#1869=VECTOR('',#6211,10.);
#1870=VECTOR('',#6212,10.);
#1871=VECTOR('',#6215,16.6063307282909);
#1872=VECTOR('',#6222,10.);
#1873=VECTOR('',#6225,10.);
#1874=VECTOR('',#6232,9.52500000000003);
#1875=VECTOR('',#6235,10.);
#1876=VECTOR('',#6240,4.76249999999993);
#1877=VECTOR('',#6247,25.4000000000002);
#1878=VECTOR('',#6256,10.);
#1879=VECTOR('',#6257,10.);
#1880=VECTOR('',#6258,10.);
#1881=VECTOR('',#6259,10.);
#1882=VECTOR('',#6262,10.);
#1883=VECTOR('',#6263,10.);
#1884=VECTOR('',#6264,10.);
#1885=VECTOR('',#6267,10.);
#1886=VECTOR('',#6272,10.);
#1887=VECTOR('',#6285,3.00000000000011);
#1888=VECTOR('',#6290,3.00000004470348);
#1889=VECTOR('',#6295,3.00000000000011);
#1890=VECTOR('',#6300,3.00000000000011);
#1891=VECTOR('',#6303,10.);
#1892=VECTOR('',#6304,10.);
#1893=VECTOR('',#6305,10.);
#1894=VECTOR('',#6308,10.);
#1895=VECTOR('',#6309,10.);
#1896=VECTOR('',#6312,10.);
#1897=VECTOR('',#6313,10.);
#1898=VECTOR('',#6324,5.);
#1899=VECTOR('',#6327,10.);
#1900=VECTOR('',#6328,10.);
#1901=VECTOR('',#6329,10.);
#1902=VECTOR('',#6330,10.);
#1903=VECTOR('',#6333,10.);
#1904=VECTOR('',#6334,10.);
#1905=VECTOR('',#6335,10.);
#1906=VECTOR('',#6338,10.);
#1907=VECTOR('',#6339,10.);
#1908=VECTOR('',#6340,10.);
#1909=VECTOR('',#6341,10.);
#1910=VECTOR('',#6344,10.);
#1911=VECTOR('',#6359,3.00000000000011);
#1912=VECTOR('',#6364,3.00000004470348);
#1913=VECTOR('',#6369,3.00000000000011);
#1914=VECTOR('',#6374,3.00000000000011);
#1915=VECTOR('',#6379,10.);
#1916=VECTOR('',#6380,10.);
#1917=VECTOR('',#6383,10.);
#1918=VECTOR('',#6384,10.);
#1919=VECTOR('',#6387,5.);
#1920=VECTOR('',#6400,2.99999999999998);
#1921=VECTOR('',#6407,3.00000000000001);
#1922=VECTOR('',#6414,3.00000000000001);
#1923=VECTOR('',#6419,10.);
#1924=VECTOR('',#6420,10.);
#1925=VECTOR('',#6421,10.);
#1926=VECTOR('',#6422,10.);
#1927=VECTOR('',#6425,10.);
#1928=VECTOR('',#6426,10.);
#1929=VECTOR('',#6427,10.);
#1930=VECTOR('',#6434,10.);
#1931=VECTOR('',#6437,10.);
#1932=VECTOR('',#6438,10.);
#1933=VECTOR('',#6447,2.99999999999999);
#1934=VECTOR('',#6452,3.99999999999999);
#1935=VECTOR('',#6463,3.00000000000001);
#1936=VECTOR('',#6468,4.);
#1937=VECTOR('',#6479,2.99999999999999);
#1938=VECTOR('',#6484,3.99999999999999);
#1939=VECTOR('',#6493,10.);
#1940=VECTOR('',#6494,10.);
#1941=VECTOR('',#6495,10.);
#1942=VECTOR('',#6496,10.);
#1943=VECTOR('',#6499,10.);
#1944=VECTOR('',#6500,10.);
#1945=VECTOR('',#6501,10.);
#1946=VECTOR('',#6508,10.);
#1947=VECTOR('',#6511,10.);
#1948=VECTOR('',#6512,10.);
#1949=VECTOR('',#6519,10.);
#1950=VECTOR('',#6520,10.);
#1951=VECTOR('',#6521,10.);
#1952=VECTOR('',#6522,10.);
#1953=VECTOR('',#6525,10.);
#1954=VECTOR('',#6526,10.);
#1955=VECTOR('',#6527,10.);
#1956=VECTOR('',#6530,10.);
#1957=VECTOR('',#6531,10.);
#1958=VECTOR('',#6532,10.);
#1959=VECTOR('',#6535,10.);
#1960=VECTOR('',#6536,10.);
#1961=VECTOR('',#6543,10.);
#1962=VECTOR('',#6544,10.);
#1963=VECTOR('',#6545,10.);
#1964=VECTOR('',#6546,10.);
#1965=VECTOR('',#6549,10.);
#1966=VECTOR('',#6550,10.);
#1967=VECTOR('',#6551,10.);
#1968=VECTOR('',#6554,10.);
#1969=VECTOR('',#6555,10.);
#1970=VECTOR('',#6556,10.);
#1971=VECTOR('',#6559,10.);
#1972=VECTOR('',#6560,10.);
#1973=VECTOR('',#6569,7.9375);
#1974=VECTOR('',#6578,10.);
#1975=VECTOR('',#6579,10.);
#1976=VECTOR('',#6580,10.);
#1977=VECTOR('',#6581,10.);
#1978=VECTOR('',#6584,10.);
#1979=VECTOR('',#6585,10.);
#1980=VECTOR('',#6586,10.);
#1981=VECTOR('',#6589,10.);
#1982=VECTOR('',#6590,10.);
#1983=VECTOR('',#6591,10.);
#1984=VECTOR('',#6594,10.);
#1985=VECTOR('',#6595,10.);
#1986=VECTOR('',#6602,10.);
#1987=VECTOR('',#6603,10.);
#1988=VECTOR('',#6604,10.);
#1989=VECTOR('',#6605,10.);
#1990=VECTOR('',#6606,10.);
#1991=VECTOR('',#6609,10.);
#1992=VECTOR('',#6610,10.);
#1993=VECTOR('',#6611,10.);
#1994=VECTOR('',#6612,10.);
#1995=VECTOR('',#6613,10.);
#1996=VECTOR('',#6616,10.);
#1997=VECTOR('',#6617,10.);
#1998=VECTOR('',#6620,10.);
#1999=VECTOR('',#6623,10.);
#2000=VECTOR('',#6626,10.);
#2001=VECTOR('',#6637,12.7);
#2002=VECTOR('',#6642,10.);
#2003=VECTOR('',#6643,10.);
#2004=VECTOR('',#6644,10.);
#2005=VECTOR('',#6645,10.);
#2006=VECTOR('',#6652,10.);
#2007=VECTOR('',#6655,10.);
#2008=VECTOR('',#6656,10.);
#2009=VECTOR('',#6657,10.);
#2010=VECTOR('',#6660,10.);
#2011=VECTOR('',#6661,10.);
#2012=VECTOR('',#6662,10.);
#2013=VECTOR('',#6665,10.);
#2014=VECTOR('',#6666,10.);
#2015=VECTOR('',#6667,10.);
#2016=VECTOR('',#6670,10.);
#2017=VECTOR('',#6671,10.);
#2018=VECTOR('',#6672,10.);
#2019=VECTOR('',#6675,10.);
#2020=VECTOR('',#6676,10.);
#2021=VECTOR('',#6677,10.);
#2022=VECTOR('',#6680,10.);
#2023=VECTOR('',#6681,10.);
#2024=VECTOR('',#6688,10.);
#2025=VECTOR('',#6689,10.);
#2026=VECTOR('',#6690,10.);
#2027=VECTOR('',#6691,10.);
#2028=VECTOR('',#6698,10.);
#2029=VECTOR('',#6701,10.);
#2030=VECTOR('',#6702,10.);
#2031=VECTOR('',#6703,10.);
#2032=VECTOR('',#6706,10.);
#2033=VECTOR('',#6707,10.);
#2034=VECTOR('',#6708,10.);
#2035=VECTOR('',#6711,10.);
#2036=VECTOR('',#6712,10.);
#2037=VECTOR('',#6713,10.);
#2038=VECTOR('',#6716,10.);
#2039=VECTOR('',#6717,10.);
#2040=VECTOR('',#6718,10.);
#2041=VECTOR('',#6721,10.);
#2042=VECTOR('',#6722,10.);
#2043=VECTOR('',#6723,10.);
#2044=VECTOR('',#6726,10.);
#2045=VECTOR('',#6727,10.);
#2046=VERTEX_POINT('',#6734);
#2047=VERTEX_POINT('',#6735);
#2048=VERTEX_POINT('',#6737);
#2049=VERTEX_POINT('',#6739);
#2050=VERTEX_POINT('',#6741);
#2051=VERTEX_POINT('',#6743);
#2052=VERTEX_POINT('',#6745);
#2053=VERTEX_POINT('',#6747);
#2054=VERTEX_POINT('',#6751);
#2055=VERTEX_POINT('',#6752);
#2056=VERTEX_POINT('',#6757);
#2057=VERTEX_POINT('',#6761);
#2058=VERTEX_POINT('',#6763);
#2059=VERTEX_POINT('',#6769);
#2060=VERTEX_POINT('',#6771);
#2061=VERTEX_POINT('',#6775);
#2062=VERTEX_POINT('',#6784);
#2063=VERTEX_POINT('',#6785);
#2064=VERTEX_POINT('',#6787);
#2065=VERTEX_POINT('',#6789);
#2066=VERTEX_POINT('',#6793);
#2067=VERTEX_POINT('',#6795);
#2068=VERTEX_POINT('',#6799);
#2069=VERTEX_POINT('',#6801);
#2070=VERTEX_POINT('',#6810);
#2071=VERTEX_POINT('',#6813);
#2072=VERTEX_POINT('',#6818);
#2073=VERTEX_POINT('',#6820);
#2074=VERTEX_POINT('',#6826);
#2075=VERTEX_POINT('',#6827);
#2076=VERTEX_POINT('',#6829);
#2077=VERTEX_POINT('',#6831);
#2078=VERTEX_POINT('',#6835);
#2079=VERTEX_POINT('',#6837);
#2080=VERTEX_POINT('',#6841);
#2081=VERTEX_POINT('',#6843);
#2082=VERTEX_POINT('',#6847);
#2083=VERTEX_POINT('',#6849);
#2084=VERTEX_POINT('',#6858);
#2085=VERTEX_POINT('',#6859);
#2086=VERTEX_POINT('',#6861);
#2087=VERTEX_POINT('',#6863);
#2088=VERTEX_POINT('',#6865);
#2089=VERTEX_POINT('',#6867);
#2090=VERTEX_POINT('',#6869);
#2091=VERTEX_POINT('',#6871);
#2092=VERTEX_POINT('',#6875);
#2093=VERTEX_POINT('',#6876);
#2094=VERTEX_POINT('',#6881);
#2095=VERTEX_POINT('',#6885);
#2096=VERTEX_POINT('',#6887);
#2097=VERTEX_POINT('',#6893);
#2098=VERTEX_POINT('',#6895);
#2099=VERTEX_POINT('',#6899);
#2100=VERTEX_POINT('',#6908);
#2101=VERTEX_POINT('',#6911);
#2102=VERTEX_POINT('',#6916);
#2103=VERTEX_POINT('',#6918);
#2104=VERTEX_POINT('',#6924);
#2105=VERTEX_POINT('',#6925);
#2106=VERTEX_POINT('',#6927);
#2107=VERTEX_POINT('',#6929);
#2108=VERTEX_POINT('',#6933);
#2109=VERTEX_POINT('',#6934);
#2110=VERTEX_POINT('',#6936);
#2111=VERTEX_POINT('',#6938);
#2112=VERTEX_POINT('',#6942);
#2113=VERTEX_POINT('',#6944);
#2114=VERTEX_POINT('',#6948);
#2115=VERTEX_POINT('',#6950);
#2116=VERTEX_POINT('',#6952);
#2117=VERTEX_POINT('',#6954);
#2118=VERTEX_POINT('',#6956);
#2119=VERTEX_POINT('',#6963);
#2120=VERTEX_POINT('',#6964);
#2121=VERTEX_POINT('',#6966);
#2122=VERTEX_POINT('',#6968);
#2123=VERTEX_POINT('',#6975);
#2124=VERTEX_POINT('',#6977);
#2125=VERTEX_POINT('',#6981);
#2126=VERTEX_POINT('',#6983);
#2127=VERTEX_POINT('',#6987);
#2128=VERTEX_POINT('',#6991);
#2129=VERTEX_POINT('',#6992);
#2130=VERTEX_POINT('',#6997);
#2131=VERTEX_POINT('',#6999);
#2132=VERTEX_POINT('',#7003);
#2133=VERTEX_POINT('',#7007);
#2134=VERTEX_POINT('',#7009);
#2135=VERTEX_POINT('',#7016);
#2136=VERTEX_POINT('',#7020);
#2137=VERTEX_POINT('',#7024);
#2138=VERTEX_POINT('',#7025);
#2139=VERTEX_POINT('',#7027);
#2140=VERTEX_POINT('',#7029);
#2141=VERTEX_POINT('',#7033);
#2142=VERTEX_POINT('',#7035);
#2143=VERTEX_POINT('',#7039);
#2144=VERTEX_POINT('',#7043);
#2145=VERTEX_POINT('',#7049);
#2146=VERTEX_POINT('',#7051);
#2147=VERTEX_POINT('',#7055);
#2148=VERTEX_POINT('',#7057);
#2149=VERTEX_POINT('',#7061);
#2150=VERTEX_POINT('',#7063);
#2151=VERTEX_POINT('',#7065);
#2152=VERTEX_POINT('',#7069);
#2153=VERTEX_POINT('',#7071);
#2154=VERTEX_POINT('',#7075);
#2155=VERTEX_POINT('',#7077);
#2156=VERTEX_POINT('',#7082);
#2157=VERTEX_POINT('',#7083);
#2158=VERTEX_POINT('',#7085);
#2159=VERTEX_POINT('',#7087);
#2160=VERTEX_POINT('',#7091);
#2161=VERTEX_POINT('',#7092);
#2162=VERTEX_POINT('',#7094);
#2163=VERTEX_POINT('',#7096);
#2164=VERTEX_POINT('',#7100);
#2165=VERTEX_POINT('',#7102);
#2166=VERTEX_POINT('',#7106);
#2167=VERTEX_POINT('',#7107);
#2168=VERTEX_POINT('',#7109);
#2169=VERTEX_POINT('',#7111);
#2170=VERTEX_POINT('',#7115);
#2171=VERTEX_POINT('',#7116);
#2172=VERTEX_POINT('',#7118);
#2173=VERTEX_POINT('',#7120);
#2174=VERTEX_POINT('',#7124);
#2175=VERTEX_POINT('',#7126);
#2176=VERTEX_POINT('',#7130);
#2177=VERTEX_POINT('',#7131);
#2178=VERTEX_POINT('',#7133);
#2179=VERTEX_POINT('',#7135);
#2180=VERTEX_POINT('',#7139);
#2181=VERTEX_POINT('',#7140);
#2182=VERTEX_POINT('',#7142);
#2183=VERTEX_POINT('',#7144);
#2184=VERTEX_POINT('',#7148);
#2185=VERTEX_POINT('',#7149);
#2186=VERTEX_POINT('',#7151);
#2187=VERTEX_POINT('',#7153);
#2188=VERTEX_POINT('',#7160);
#2189=VERTEX_POINT('',#7162);
#2190=VERTEX_POINT('',#7166);
#2191=VERTEX_POINT('',#7168);
#2192=VERTEX_POINT('',#7172);
#2193=VERTEX_POINT('',#7174);
#2194=VERTEX_POINT('',#7176);
#2195=VERTEX_POINT('',#7178);
#2196=VERTEX_POINT('',#7181);
#2197=VERTEX_POINT('',#7183);
#2198=VERTEX_POINT('',#7185);
#2199=VERTEX_POINT('',#7187);
#2200=VERTEX_POINT('',#7190);
#2201=VERTEX_POINT('',#7192);
#2202=VERTEX_POINT('',#7195);
#2203=VERTEX_POINT('',#7197);
#2204=VERTEX_POINT('',#7201);
#2205=VERTEX_POINT('',#7203);
#2206=VERTEX_POINT('',#7205);
#2207=VERTEX_POINT('',#7210);
#2208=VERTEX_POINT('',#7212);
#2209=VERTEX_POINT('',#7214);
#2210=VERTEX_POINT('',#7216);
#2211=VERTEX_POINT('',#7220);
#2212=VERTEX_POINT('',#7222);
#2213=VERTEX_POINT('',#7225);
#2214=VERTEX_POINT('',#7228);
#2215=VERTEX_POINT('',#7229);
#2216=VERTEX_POINT('',#7231);
#2217=VERTEX_POINT('',#7233);
#2218=VERTEX_POINT('',#7235);
#2219=VERTEX_POINT('',#7238);
#2220=VERTEX_POINT('',#7239);
#2221=VERTEX_POINT('',#7241);
#2222=VERTEX_POINT('',#7243);
#2223=VERTEX_POINT('',#7246);
#2224=VERTEX_POINT('',#7247);
#2225=VERTEX_POINT('',#7249);
#2226=VERTEX_POINT('',#7251);
#2227=VERTEX_POINT('',#7254);
#2228=VERTEX_POINT('',#7255);
#2229=VERTEX_POINT('',#7257);
#2230=VERTEX_POINT('',#7259);
#2231=VERTEX_POINT('',#7262);
#2232=VERTEX_POINT('',#7263);
#2233=VERTEX_POINT('',#7265);
#2234=VERTEX_POINT('',#7267);
#2235=VERTEX_POINT('',#7269);
#2236=VERTEX_POINT('',#7272);
#2237=VERTEX_POINT('',#7273);
#2238=VERTEX_POINT('',#7275);
#2239=VERTEX_POINT('',#7277);
#2240=VERTEX_POINT('',#7280);
#2241=VERTEX_POINT('',#7281);
#2242=VERTEX_POINT('',#7283);
#2243=VERTEX_POINT('',#7285);
#2244=VERTEX_POINT('',#7288);
#2245=VERTEX_POINT('',#7289);
#2246=VERTEX_POINT('',#7291);
#2247=VERTEX_POINT('',#7293);
#2248=VERTEX_POINT('',#7297);
#2249=VERTEX_POINT('',#7301);
#2250=VERTEX_POINT('',#7303);
#2251=VERTEX_POINT('',#7307);
#2252=VERTEX_POINT('',#7311);
#2253=VERTEX_POINT('',#7315);
#2254=VERTEX_POINT('',#7319);
#2255=VERTEX_POINT('',#7329);
#2256=VERTEX_POINT('',#7338);
#2257=VERTEX_POINT('',#7340);
#2258=VERTEX_POINT('',#7344);
#2259=VERTEX_POINT('',#7345);
#2260=VERTEX_POINT('',#7347);
#2261=VERTEX_POINT('',#7349);
#2262=VERTEX_POINT('',#7351);
#2263=VERTEX_POINT('',#7354);
#2264=VERTEX_POINT('',#7355);
#2265=VERTEX_POINT('',#7357);
#2266=VERTEX_POINT('',#7359);
#2267=VERTEX_POINT('',#7361);
#2268=VERTEX_POINT('',#7364);
#2269=VERTEX_POINT('',#7365);
#2270=VERTEX_POINT('',#7367);
#2271=VERTEX_POINT('',#7369);
#2272=VERTEX_POINT('',#7372);
#2273=VERTEX_POINT('',#7373);
#2274=VERTEX_POINT('',#7375);
#2275=VERTEX_POINT('',#7377);
#2276=VERTEX_POINT('',#7380);
#2277=VERTEX_POINT('',#7381);
#2278=VERTEX_POINT('',#7383);
#2279=VERTEX_POINT('',#7385);
#2280=VERTEX_POINT('',#7388);
#2281=VERTEX_POINT('',#7389);
#2282=VERTEX_POINT('',#7391);
#2283=VERTEX_POINT('',#7393);
#2284=VERTEX_POINT('',#7396);
#2285=VERTEX_POINT('',#7397);
#2286=VERTEX_POINT('',#7399);
#2287=VERTEX_POINT('',#7401);
#2288=VERTEX_POINT('',#7403);
#2289=VERTEX_POINT('',#7406);
#2290=VERTEX_POINT('',#7407);
#2291=VERTEX_POINT('',#7409);
#2292=VERTEX_POINT('',#7411);
#2293=VERTEX_POINT('',#7413);
#2294=VERTEX_POINT('',#7416);
#2295=VERTEX_POINT('',#7417);
#2296=VERTEX_POINT('',#7419);
#2297=VERTEX_POINT('',#7421);
#2298=VERTEX_POINT('',#7424);
#2299=VERTEX_POINT('',#7425);
#2300=VERTEX_POINT('',#7427);
#2301=VERTEX_POINT('',#7429);
#2302=VERTEX_POINT('',#7432);
#2303=VERTEX_POINT('',#7433);
#2304=VERTEX_POINT('',#7435);
#2305=VERTEX_POINT('',#7437);
#2306=VERTEX_POINT('',#7544);
#2307=VERTEX_POINT('',#7545);
#2308=VERTEX_POINT('',#7547);
#2309=VERTEX_POINT('',#7549);
#2310=VERTEX_POINT('',#7553);
#2311=VERTEX_POINT('',#7554);
#2312=VERTEX_POINT('',#7556);
#2313=VERTEX_POINT('',#7558);
#2314=VERTEX_POINT('',#7570);
#2315=VERTEX_POINT('',#7572);
#2316=VERTEX_POINT('',#7578);
#2317=VERTEX_POINT('',#7579);
#2318=VERTEX_POINT('',#7581);
#2319=VERTEX_POINT('',#7583);
#2320=VERTEX_POINT('',#7587);
#2321=VERTEX_POINT('',#7589);
#2322=VERTEX_POINT('',#7591);
#2323=VERTEX_POINT('',#7593);
#2324=VERTEX_POINT('',#7595);
#2325=VERTEX_POINT('',#7597);
#2326=VERTEX_POINT('',#7600);
#2327=VERTEX_POINT('',#7603);
#2328=VERTEX_POINT('',#7607);
#2329=VERTEX_POINT('',#7611);
#2330=VERTEX_POINT('',#7612);
#2331=VERTEX_POINT('',#7617);
#2332=VERTEX_POINT('',#7621);
#2333=VERTEX_POINT('',#7642);
#2334=VERTEX_POINT('',#7644);
#2335=VERTEX_POINT('',#7654);
#2336=VERTEX_POINT('',#7655);
#2337=VERTEX_POINT('',#7676);
#2338=VERTEX_POINT('',#7686);
#2339=VERTEX_POINT('',#7688);
#2340=VERTEX_POINT('',#7692);
#2341=VERTEX_POINT('',#7694);
#2342=VERTEX_POINT('',#7700);
#2343=VERTEX_POINT('',#7701);
#2344=VERTEX_POINT('',#7703);
#2345=VERTEX_POINT('',#7705);
#2346=VERTEX_POINT('',#7709);
#2347=VERTEX_POINT('',#7711);
#2348=VERTEX_POINT('',#7715);
#2349=VERTEX_POINT('',#7717);
#2350=VERTEX_POINT('',#7719);
#2351=VERTEX_POINT('',#7722);
#2352=VERTEX_POINT('',#7724);
#2353=VERTEX_POINT('',#7726);
#2354=VERTEX_POINT('',#7728);
#2355=VERTEX_POINT('',#7731);
#2356=VERTEX_POINT('',#7735);
#2357=VERTEX_POINT('',#7739);
#2358=VERTEX_POINT('',#7743);
#2359=VERTEX_POINT('',#7747);
#2360=VERTEX_POINT('',#7749);
#2361=VERTEX_POINT('',#7753);
#2362=VERTEX_POINT('',#7757);
#2363=VERTEX_POINT('',#7763);
#2364=VERTEX_POINT('',#7768);
#2365=VERTEX_POINT('',#7769);
#2366=VERTEX_POINT('',#7771);
#2367=VERTEX_POINT('',#7773);
#2368=VERTEX_POINT('',#7777);
#2369=VERTEX_POINT('',#7779);
#2370=VERTEX_POINT('',#7783);
#2371=VERTEX_POINT('',#7785);
#2372=VERTEX_POINT('',#7787);
#2373=VERTEX_POINT('',#7791);
#2374=VERTEX_POINT('',#7793);
#2375=VERTEX_POINT('',#7796);
#2376=VERTEX_POINT('',#7798);
#2377=VERTEX_POINT('',#7800);
#2378=VERTEX_POINT('',#7802);
#2379=VERTEX_POINT('',#7805);
#2380=VERTEX_POINT('',#7809);
#2381=VERTEX_POINT('',#7813);
#2382=VERTEX_POINT('',#7817);
#2383=VERTEX_POINT('',#7821);
#2384=VERTEX_POINT('',#7825);
#2385=VERTEX_POINT('',#7829);
#2386=VERTEX_POINT('',#7836);
#2387=VERTEX_POINT('',#7838);
#2388=VERTEX_POINT('',#7842);
#2389=VERTEX_POINT('',#7844);
#2390=VERTEX_POINT('',#7848);
#2391=VERTEX_POINT('',#7850);
#2392=VERTEX_POINT('',#7854);
#2393=VERTEX_POINT('',#7855);
#2394=VERTEX_POINT('',#7857);
#2395=VERTEX_POINT('',#7859);
#2396=VERTEX_POINT('',#7863);
#2397=VERTEX_POINT('',#7865);
#2398=VERTEX_POINT('',#7869);
#2399=VERTEX_POINT('',#7871);
#2400=VERTEX_POINT('',#7880);
#2401=VERTEX_POINT('',#7882);
#2402=VERTEX_POINT('',#7886);
#2403=VERTEX_POINT('',#7892);
#2404=VERTEX_POINT('',#7894);
#2405=VERTEX_POINT('',#7898);
#2406=VERTEX_POINT('',#7904);
#2407=VERTEX_POINT('',#7906);
#2408=VERTEX_POINT('',#7910);
#2409=VERTEX_POINT('',#7916);
#2410=VERTEX_POINT('',#7917);
#2411=VERTEX_POINT('',#7919);
#2412=VERTEX_POINT('',#7921);
#2413=VERTEX_POINT('',#7925);
#2414=VERTEX_POINT('',#7927);
#2415=VERTEX_POINT('',#7931);
#2416=VERTEX_POINT('',#7933);
#2417=VERTEX_POINT('',#7942);
#2418=VERTEX_POINT('',#7943);
#2419=VERTEX_POINT('',#7945);
#2420=VERTEX_POINT('',#7947);
#2421=VERTEX_POINT('',#7951);
#2422=VERTEX_POINT('',#7953);
#2423=VERTEX_POINT('',#7957);
#2424=VERTEX_POINT('',#7959);
#2425=VERTEX_POINT('',#7968);
#2426=VERTEX_POINT('',#7969);
#2427=VERTEX_POINT('',#7971);
#2428=VERTEX_POINT('',#7973);
#2429=VERTEX_POINT('',#7977);
#2430=VERTEX_POINT('',#7979);
#2431=VERTEX_POINT('',#7983);
#2432=VERTEX_POINT('',#7985);
#2433=VERTEX_POINT('',#7994);
#2434=VERTEX_POINT('',#7996);
#2435=VERTEX_POINT('',#8002);
#2436=VERTEX_POINT('',#8003);
#2437=VERTEX_POINT('',#8005);
#2438=VERTEX_POINT('',#8007);
#2439=VERTEX_POINT('',#8011);
#2440=VERTEX_POINT('',#8013);
#2441=VERTEX_POINT('',#8017);
#2442=VERTEX_POINT('',#8019);
#2443=VERTEX_POINT('',#8028);
#2444=VERTEX_POINT('',#8029);
#2445=VERTEX_POINT('',#8031);
#2446=VERTEX_POINT('',#8033);
#2447=VERTEX_POINT('',#8035);
#2448=VERTEX_POINT('',#8039);
#2449=VERTEX_POINT('',#8040);
#2450=VERTEX_POINT('',#8042);
#2451=VERTEX_POINT('',#8044);
#2452=VERTEX_POINT('',#8046);
#2453=VERTEX_POINT('',#8060);
#2454=VERTEX_POINT('',#8063);
#2455=VERTEX_POINT('',#8068);
#2456=VERTEX_POINT('',#8069);
#2457=VERTEX_POINT('',#8071);
#2458=VERTEX_POINT('',#8073);
#2459=VERTEX_POINT('',#8077);
#2460=VERTEX_POINT('',#8079);
#2461=VERTEX_POINT('',#8083);
#2462=VERTEX_POINT('',#8085);
#2463=VERTEX_POINT('',#8089);
#2464=VERTEX_POINT('',#8091);
#2465=VERTEX_POINT('',#8095);
#2466=VERTEX_POINT('',#8097);
#2467=VERTEX_POINT('',#8101);
#2468=VERTEX_POINT('',#8103);
#2469=VERTEX_POINT('',#8107);
#2470=VERTEX_POINT('',#8109);
#2471=VERTEX_POINT('',#8118);
#2472=VERTEX_POINT('',#8119);
#2473=VERTEX_POINT('',#8121);
#2474=VERTEX_POINT('',#8123);
#2475=VERTEX_POINT('',#8127);
#2476=VERTEX_POINT('',#8129);
#2477=VERTEX_POINT('',#8133);
#2478=VERTEX_POINT('',#8135);
#2479=VERTEX_POINT('',#8139);
#2480=VERTEX_POINT('',#8141);
#2481=VERTEX_POINT('',#8145);
#2482=VERTEX_POINT('',#8147);
#2483=VERTEX_POINT('',#8151);
#2484=VERTEX_POINT('',#8153);
#2485=VERTEX_POINT('',#8157);
#2486=VERTEX_POINT('',#8159);
#2487=EDGE_CURVE('',#2046,#2047,#852,.T.);
#2488=EDGE_CURVE('',#2046,#2048,#853,.T.);
#2489=EDGE_CURVE('',#2049,#2048,#854,.T.);
#2490=EDGE_CURVE('',#2050,#2049,#855,.T.);
#2491=EDGE_CURVE('',#2051,#2050,#856,.T.);
#2492=EDGE_CURVE('',#2051,#2052,#857,.T.);
#2493=EDGE_CURVE('',#2053,#2052,#858,.T.);
#2494=EDGE_CURVE('',#2047,#2053,#859,.T.);
#2495=EDGE_CURVE('',#2054,#2055,#860,.T.);
#2496=EDGE_CURVE('',#2051,#2055,#861,.T.);
#2497=EDGE_CURVE('',#2054,#2050,#862,.T.);
#2498=EDGE_CURVE('',#2055,#2056,#863,.T.);
#2499=EDGE_CURVE('',#2052,#2056,#864,.T.);
#2500=EDGE_CURVE('',#2047,#2057,#865,.T.);
#2501=EDGE_CURVE('',#2058,#2053,#866,.T.);
#2502=EDGE_CURVE('',#2057,#2058,#867,.T.);
#2503=EDGE_CURVE('',#2056,#2058,#868,.T.);
#2504=EDGE_CURVE('',#2059,#2046,#869,.T.);
#2505=EDGE_CURVE('',#2059,#2060,#870,.T.);
#2506=EDGE_CURVE('',#2048,#2060,#871,.T.);
#2507=EDGE_CURVE('',#2061,#2049,#872,.T.);
#2508=EDGE_CURVE('',#2054,#2061,#873,.T.);
#2509=EDGE_CURVE('',#2057,#2059,#874,.T.);
#2510=EDGE_CURVE('',#2060,#2061,#875,.T.);
#2511=EDGE_CURVE('',#2062,#2063,#876,.T.);
#2512=EDGE_CURVE('',#2062,#2064,#877,.T.);
#2513=EDGE_CURVE('',#2065,#2064,#878,.T.);
#2514=EDGE_CURVE('',#2063,#2065,#879,.T.);
#2515=EDGE_CURVE('',#2063,#2066,#880,.T.);
#2516=EDGE_CURVE('',#2067,#2065,#881,.T.);
#2517=EDGE_CURVE('',#2066,#2067,#882,.T.);
#2518=EDGE_CURVE('',#2066,#2068,#883,.T.);
#2519=EDGE_CURVE('',#2069,#2067,#884,.T.);
#2520=EDGE_CURVE('',#2068,#2069,#885,.T.);
#2521=EDGE_CURVE('',#2062,#2068,#886,.T.);
#2522=EDGE_CURVE('',#2064,#2069,#887,.T.);
#2523=EDGE_CURVE('',#2070,#2070,#109,.T.);
#2524=EDGE_CURVE('',#2071,#2071,#110,.T.);
#2525=EDGE_CURVE('',#2071,#2070,#888,.T.);
#2526=EDGE_CURVE('',#2072,#2072,#111,.T.);
#2527=EDGE_CURVE('',#2072,#2073,#889,.T.);
#2528=EDGE_CURVE('',#2073,#2073,#112,.T.);
#2529=EDGE_CURVE('',#2074,#2075,#890,.T.);
#2530=EDGE_CURVE('',#2076,#2074,#891,.T.);
#2531=EDGE_CURVE('',#2077,#2076,#892,.T.);
#2532=EDGE_CURVE('',#2075,#2077,#893,.T.);
#2533=EDGE_CURVE('',#2075,#2078,#894,.T.);
#2534=EDGE_CURVE('',#2079,#2077,#895,.T.);
#2535=EDGE_CURVE('',#2079,#2078,#896,.T.);
#2536=EDGE_CURVE('',#2080,#2074,#897,.T.);
#2537=EDGE_CURVE('',#2080,#2081,#898,.T.);
#2538=EDGE_CURVE('',#2076,#2081,#899,.T.);
#2539=EDGE_CURVE('',#2078,#2082,#900,.T.);
#2540=EDGE_CURVE('',#2083,#2079,#901,.T.);
#2541=EDGE_CURVE('',#2083,#2082,#902,.T.);
#2542=EDGE_CURVE('',#2082,#2080,#903,.T.);
#2543=EDGE_CURVE('',#2081,#2083,#904,.T.);
#2544=EDGE_CURVE('',#2084,#2085,#905,.T.);
#2545=EDGE_CURVE('',#2085,#2086,#906,.T.);
#2546=EDGE_CURVE('',#2086,#2087,#907,.T.);
#2547=EDGE_CURVE('',#2088,#2087,#908,.T.);
#2548=EDGE_CURVE('',#2088,#2089,#909,.T.);
#2549=EDGE_CURVE('',#2089,#2090,#910,.T.);
#2550=EDGE_CURVE('',#2090,#2091,#911,.T.);
#2551=EDGE_CURVE('',#2084,#2091,#912,.T.);
#2552=EDGE_CURVE('',#2092,#2093,#913,.T.);
#2553=EDGE_CURVE('',#2092,#2089,#914,.T.);
#2554=EDGE_CURVE('',#2088,#2093,#915,.T.);
#2555=EDGE_CURVE('',#2087,#2094,#916,.T.);
#2556=EDGE_CURVE('',#2093,#2094,#917,.T.);
#2557=EDGE_CURVE('',#2085,#2095,#918,.T.);
#2558=EDGE_CURVE('',#2095,#2096,#919,.T.);
#2559=EDGE_CURVE('',#2096,#2086,#920,.T.);
#2560=EDGE_CURVE('',#2094,#2096,#921,.T.);
#2561=EDGE_CURVE('',#2097,#2084,#922,.T.);
#2562=EDGE_CURVE('',#2091,#2098,#923,.T.);
#2563=EDGE_CURVE('',#2097,#2098,#924,.T.);
#2564=EDGE_CURVE('',#2092,#2099,#925,.T.);
#2565=EDGE_CURVE('',#2099,#2090,#926,.T.);
#2566=EDGE_CURVE('',#2095,#2097,#927,.T.);
#2567=EDGE_CURVE('',#2098,#2099,#928,.T.);
#2568=EDGE_CURVE('',#2100,#2100,#113,.T.);
#2569=EDGE_CURVE('',#2101,#2101,#114,.T.);
#2570=EDGE_CURVE('',#2101,#2100,#929,.T.);
#2571=EDGE_CURVE('',#2102,#2102,#115,.T.);
#2572=EDGE_CURVE('',#2102,#2103,#930,.T.);
#2573=EDGE_CURVE('',#2103,#2103,#116,.T.);
#2574=EDGE_CURVE('',#2104,#2105,#931,.T.);
#2575=EDGE_CURVE('',#2106,#2104,#932,.T.);
#2576=EDGE_CURVE('',#2107,#2106,#933,.T.);
#2577=EDGE_CURVE('',#2105,#2107,#934,.T.);
#2578=EDGE_CURVE('',#2108,#2109,#935,.T.);
#2579=EDGE_CURVE('',#2109,#2110,#936,.T.);
#2580=EDGE_CURVE('',#2111,#2110,#937,.T.);
#2581=EDGE_CURVE('',#2108,#2111,#938,.T.);
#2582=EDGE_CURVE('',#2107,#2112,#939,.T.);
#2583=EDGE_CURVE('',#2112,#2113,#940,.T.);
#2584=EDGE_CURVE('',#2113,#2105,#941,.T.);
#2585=EDGE_CURVE('',#2111,#2114,#942,.T.);
#2586=EDGE_CURVE('',#2114,#2115,#943,.T.);
#2587=EDGE_CURVE('',#2116,#2115,#944,.T.);
#2588=EDGE_CURVE('',#2117,#2116,#945,.T.);
#2589=EDGE_CURVE('',#2117,#2118,#946,.T.);
#2590=EDGE_CURVE('',#2111,#2118,#947,.T.);
#2591=EDGE_CURVE('',#2113,#2104,#948,.T.);
#2592=EDGE_CURVE('',#2112,#2106,#949,.T.);
#2593=EDGE_CURVE('',#2119,#2120,#950,.T.);
#2594=EDGE_CURVE('',#2119,#2121,#951,.T.);
#2595=EDGE_CURVE('',#2122,#2121,#952,.T.);
#2596=EDGE_CURVE('',#2120,#2122,#953,.T.);
#2597=EDGE_CURVE('',#2120,#2114,#954,.T.);
#2598=EDGE_CURVE('',#2115,#2122,#955,.T.);
#2599=EDGE_CURVE('',#2120,#2123,#956,.T.);
#2600=EDGE_CURVE('',#2123,#2124,#957,.T.);
#2601=EDGE_CURVE('',#2119,#2124,#958,.T.);
#2602=EDGE_CURVE('',#2123,#2125,#959,.T.);
#2603=EDGE_CURVE('',#2125,#2126,#960,.T.);
#2604=EDGE_CURVE('',#2124,#2126,#961,.T.);
#2605=EDGE_CURVE('',#2120,#2127,#962,.T.);
#2606=EDGE_CURVE('',#2127,#2125,#963,.T.);
#2607=EDGE_CURVE('',#2128,#2129,#964,.T.);
#2608=EDGE_CURVE('',#2128,#2127,#965,.T.);
#2609=EDGE_CURVE('',#2129,#2120,#966,.T.);
#2610=EDGE_CURVE('',#2130,#2121,#967,.T.);
#2611=EDGE_CURVE('',#2131,#2130,#968,.T.);
#2612=EDGE_CURVE('',#2122,#2131,#969,.T.);
#2613=EDGE_CURVE('',#2132,#2122,#970,.T.);
#2614=EDGE_CURVE('',#2116,#2132,#971,.T.);
#2615=EDGE_CURVE('',#2133,#2131,#972,.T.);
#2616=EDGE_CURVE('',#2134,#2130,#973,.T.);
#2617=EDGE_CURVE('',#2133,#2134,#974,.T.);
#2618=EDGE_CURVE('',#2118,#2134,#975,.T.);
#2619=EDGE_CURVE('',#2126,#2108,#976,.T.);
#2620=EDGE_CURVE('',#2135,#2122,#977,.T.);
#2621=EDGE_CURVE('',#2133,#2135,#978,.T.);
#2622=EDGE_CURVE('',#2132,#2136,#979,.T.);
#2623=EDGE_CURVE('',#2136,#2135,#980,.T.);
#2624=EDGE_CURVE('',#2137,#2138,#981,.T.);
#2625=EDGE_CURVE('',#2139,#2137,#982,.T.);
#2626=EDGE_CURVE('',#2139,#2140,#983,.T.);
#2627=EDGE_CURVE('',#2140,#2138,#984,.T.);
#2628=EDGE_CURVE('',#2138,#2141,#985,.T.);
#2629=EDGE_CURVE('',#2142,#2140,#986,.T.);
#2630=EDGE_CURVE('',#2141,#2142,#987,.T.);
#2631=EDGE_CURVE('',#2143,#2139,#988,.T.);
#2632=EDGE_CURVE('',#2143,#2142,#989,.T.);
#2633=EDGE_CURVE('',#2141,#2144,#990,.T.);
#2634=EDGE_CURVE('',#2144,#2143,#991,.T.);
#2635=EDGE_CURVE('',#2144,#2137,#992,.T.);
#2636=EDGE_CURVE('',#2145,#2145,#117,.T.);
#2637=EDGE_CURVE('',#2145,#2146,#993,.T.);
#2638=EDGE_CURVE('',#2146,#2146,#118,.T.);
#2639=EDGE_CURVE('',#2147,#2147,#119,.T.);
#2640=EDGE_CURVE('',#2147,#2148,#994,.T.);
#2641=EDGE_CURVE('',#2148,#2148,#120,.T.);
#2642=EDGE_CURVE('',#2149,#2128,#995,.T.);
#2643=EDGE_CURVE('',#2150,#2149,#996,.T.);
#2644=EDGE_CURVE('',#2150,#2151,#997,.T.);
#2645=EDGE_CURVE('',#2151,#2109,#998,.T.);
#2646=EDGE_CURVE('',#2151,#2152,#999,.T.);
#2647=EDGE_CURVE('',#2152,#2153,#1000,.T.);
#2648=EDGE_CURVE('',#2110,#2153,#1001,.T.);
#2649=EDGE_CURVE('',#2152,#2154,#1002,.T.);
#2650=EDGE_CURVE('',#2154,#2155,#1003,.T.);
#2651=EDGE_CURVE('',#2136,#2155,#1004,.T.);
#2652=EDGE_CURVE('',#2153,#2117,#1005,.T.);
#2653=EDGE_CURVE('',#2156,#2157,#1006,.T.);
#2654=EDGE_CURVE('',#2157,#2158,#1007,.T.);
#2655=EDGE_CURVE('',#2159,#2158,#1008,.T.);
#2656=EDGE_CURVE('',#2156,#2159,#1009,.T.);
#2657=EDGE_CURVE('',#2160,#2161,#1010,.T.);
#2658=EDGE_CURVE('',#2161,#2162,#1011,.T.);
#2659=EDGE_CURVE('',#2163,#2162,#1012,.T.);
#2660=EDGE_CURVE('',#2163,#2160,#1013,.T.);
#2661=EDGE_CURVE('',#2154,#2164,#1014,.T.);
#2662=EDGE_CURVE('',#2164,#2165,#1015,.T.);
#2663=EDGE_CURVE('',#2155,#2165,#1016,.T.);
#2664=EDGE_CURVE('',#2166,#2167,#1017,.T.);
#2665=EDGE_CURVE('',#2167,#2168,#1018,.T.);
#2666=EDGE_CURVE('',#2169,#2168,#1019,.T.);
#2667=EDGE_CURVE('',#2166,#2169,#1020,.T.);
#2668=EDGE_CURVE('',#2170,#2171,#1021,.T.);
#2669=EDGE_CURVE('',#2171,#2172,#1022,.T.);
#2670=EDGE_CURVE('',#2173,#2172,#1023,.T.);
#2671=EDGE_CURVE('',#2170,#2173,#1024,.T.);
#2672=EDGE_CURVE('',#2161,#2174,#1025,.T.);
#2673=EDGE_CURVE('',#2174,#2175,#1026,.T.);
#2674=EDGE_CURVE('',#2162,#2175,#1027,.T.);
#2675=EDGE_CURVE('',#2176,#2177,#1028,.T.);
#2676=EDGE_CURVE('',#2177,#2178,#1029,.T.);
#2677=EDGE_CURVE('',#2179,#2178,#1030,.T.);
#2678=EDGE_CURVE('',#2176,#2179,#1031,.T.);
#2679=EDGE_CURVE('',#2180,#2181,#1032,.T.);
#2680=EDGE_CURVE('',#2182,#2181,#1033,.T.);
#2681=EDGE_CURVE('',#2183,#2182,#1034,.T.);
#2682=EDGE_CURVE('',#2180,#2183,#1035,.T.);
#2683=EDGE_CURVE('',#2184,#2185,#1036,.T.);
#2684=EDGE_CURVE('',#2186,#2184,#1037,.T.);
#2685=EDGE_CURVE('',#2187,#2186,#1038,.T.);
#2686=EDGE_CURVE('',#2185,#2187,#1039,.T.);
#2687=EDGE_CURVE('',#2168,#2186,#1040,.T.);
#2688=EDGE_CURVE('',#2187,#2167,#1041,.T.);
#2689=EDGE_CURVE('',#2188,#2182,#1042,.T.);
#2690=EDGE_CURVE('',#2189,#2188,#1043,.T.);
#2691=EDGE_CURVE('',#2183,#2189,#1044,.T.);
#2692=EDGE_CURVE('',#2177,#2190,#1045,.T.);
#2693=EDGE_CURVE('',#2191,#2190,#1046,.T.);
#2694=EDGE_CURVE('',#2178,#2191,#1047,.T.);
#2695=EDGE_CURVE('',#2192,#2110,#1048,.T.);
#2696=EDGE_CURVE('',#2116,#2193,#1049,.T.);
#2697=EDGE_CURVE('',#2193,#2194,#1050,.T.);
#2698=EDGE_CURVE('',#2194,#2195,#1051,.T.);
#2699=EDGE_CURVE('',#2195,#2116,#1052,.T.);
#2700=EDGE_CURVE('',#2132,#2196,#1053,.T.);
#2701=EDGE_CURVE('',#2196,#2197,#1054,.T.);
#2702=EDGE_CURVE('',#2197,#2198,#1055,.T.);
#2703=EDGE_CURVE('',#2198,#2199,#1056,.T.);
#2704=EDGE_CURVE('',#2199,#2132,#1057,.T.);
#2705=EDGE_CURVE('',#2165,#2200,#1058,.T.);
#2706=EDGE_CURVE('',#2200,#2201,#1059,.T.);
#2707=EDGE_CURVE('',#2201,#2163,#1060,.T.);
#2708=EDGE_CURVE('',#2175,#2202,#1061,.T.);
#2709=EDGE_CURVE('',#2202,#2203,#1062,.T.);
#2710=EDGE_CURVE('',#2203,#2173,#1063,.T.);
#2711=EDGE_CURVE('',#2172,#2169,#1064,.T.);
#2712=EDGE_CURVE('',#2184,#2204,#1065,.T.);
#2713=EDGE_CURVE('',#2204,#2205,#1066,.T.);
#2714=EDGE_CURVE('',#2205,#2206,#1067,.T.);
#2715=EDGE_CURVE('',#2205,#2159,#1068,.T.);
#2716=EDGE_CURVE('',#2158,#2179,#1069,.T.);
#2717=EDGE_CURVE('',#2191,#2149,#1070,.T.);
#2718=EDGE_CURVE('',#2129,#2207,#1071,.T.);
#2719=EDGE_CURVE('',#2207,#2208,#1072,.T.);
#2720=EDGE_CURVE('',#2208,#2209,#1073,.T.);
#2721=EDGE_CURVE('',#2209,#2210,#1074,.T.);
#2722=EDGE_CURVE('',#2210,#2129,#1075,.T.);
#2723=EDGE_CURVE('',#2129,#2112,#1076,.T.);
#2724=EDGE_CURVE('',#2112,#2211,#1077,.T.);
#2725=EDGE_CURVE('',#2211,#2212,#1078,.T.);
#2726=EDGE_CURVE('',#2212,#2192,#1079,.T.);
#2727=EDGE_CURVE('',#2181,#2213,#1080,.T.);
#2728=EDGE_CURVE('',#2213,#2188,#1081,.T.);
#2729=EDGE_CURVE('',#2214,#2215,#1082,.T.);
#2730=EDGE_CURVE('',#2215,#2216,#1083,.T.);
#2731=EDGE_CURVE('',#2216,#2217,#1084,.T.);
#2732=EDGE_CURVE('',#2217,#2218,#1085,.T.);
#2733=EDGE_CURVE('',#2218,#2214,#1086,.T.);
#2734=EDGE_CURVE('',#2219,#2220,#1087,.T.);
#2735=EDGE_CURVE('',#2220,#2221,#1088,.T.);
#2736=EDGE_CURVE('',#2221,#2222,#1089,.T.);
#2737=EDGE_CURVE('',#2222,#2219,#1090,.T.);
#2738=EDGE_CURVE('',#2223,#2224,#1091,.T.);
#2739=EDGE_CURVE('',#2224,#2225,#1092,.T.);
#2740=EDGE_CURVE('',#2225,#2226,#1093,.T.);
#2741=EDGE_CURVE('',#2226,#2223,#1094,.T.);
#2742=EDGE_CURVE('',#2227,#2228,#1095,.T.);
#2743=EDGE_CURVE('',#2228,#2229,#1096,.T.);
#2744=EDGE_CURVE('',#2229,#2230,#1097,.T.);
#2745=EDGE_CURVE('',#2230,#2227,#1098,.T.);
#2746=EDGE_CURVE('',#2231,#2232,#1099,.T.);
#2747=EDGE_CURVE('',#2232,#2233,#1100,.T.);
#2748=EDGE_CURVE('',#2233,#2234,#1101,.T.);
#2749=EDGE_CURVE('',#2234,#2235,#1102,.T.);
#2750=EDGE_CURVE('',#2235,#2231,#1103,.T.);
#2751=EDGE_CURVE('',#2236,#2237,#1104,.T.);
#2752=EDGE_CURVE('',#2237,#2238,#1105,.T.);
#2753=EDGE_CURVE('',#2238,#2239,#1106,.T.);
#2754=EDGE_CURVE('',#2239,#2236,#1107,.T.);
#2755=EDGE_CURVE('',#2240,#2241,#1108,.T.);
#2756=EDGE_CURVE('',#2241,#2242,#1109,.T.);
#2757=EDGE_CURVE('',#2242,#2243,#1110,.T.);
#2758=EDGE_CURVE('',#2243,#2240,#1111,.T.);
#2759=EDGE_CURVE('',#2244,#2245,#1112,.T.);
#2760=EDGE_CURVE('',#2245,#2246,#1113,.T.);
#2761=EDGE_CURVE('',#2246,#2247,#1114,.T.);
#2762=EDGE_CURVE('',#2247,#2244,#1115,.T.);
#2763=EDGE_CURVE('',#2248,#2185,#1116,.T.);
#2764=EDGE_CURVE('',#2248,#2204,#1117,.T.);
#2765=EDGE_CURVE('',#2247,#2249,#1118,.T.);
#2766=EDGE_CURVE('',#2250,#2246,#1119,.T.);
#2767=EDGE_CURVE('',#2249,#2250,#1120,.T.);
#2768=EDGE_CURVE('',#2251,#2244,#1121,.T.);
#2769=EDGE_CURVE('',#2251,#2249,#1122,.T.);
#2770=EDGE_CURVE('',#2252,#2245,#1123,.T.);
#2771=EDGE_CURVE('',#2252,#2251,#1124,.T.);
#2772=EDGE_CURVE('',#2160,#2253,#1125,.T.);
#2773=EDGE_CURVE('',#2253,#2201,#1126,.T.);
#2774=EDGE_CURVE('',#2253,#2254,#1127,.T.);
#2775=EDGE_CURVE('',#2254,#2200,#1128,.T.);
#2776=EDGE_CURVE('',#2254,#2164,#1129,.T.);
#2777=EDGE_CURVE('',#2250,#2252,#1130,.T.);
#2778=EDGE_CURVE('',#2190,#2150,#1131,.T.);
#2779=EDGE_CURVE('',#2213,#2255,#1132,.T.);
#2780=EDGE_CURVE('',#2189,#2255,#1133,.T.);
#2781=EDGE_CURVE('',#2157,#2176,#1134,.T.);
#2782=EDGE_CURVE('',#2255,#2180,#1135,.T.);
#2783=EDGE_CURVE('',#2171,#2166,#1136,.T.);
#2784=EDGE_CURVE('',#2170,#2256,#1137,.T.);
#2785=EDGE_CURVE('',#2256,#2257,#1138,.T.);
#2786=EDGE_CURVE('',#2257,#2174,#1139,.T.);
#2787=EDGE_CURVE('',#2248,#2156,#1140,.T.);
#2788=EDGE_CURVE('',#2258,#2259,#1141,.T.);
#2789=EDGE_CURVE('',#2260,#2258,#1142,.T.);
#2790=EDGE_CURVE('',#2261,#2260,#1143,.T.);
#2791=EDGE_CURVE('',#2262,#2261,#1144,.T.);
#2792=EDGE_CURVE('',#2259,#2262,#1145,.T.);
#2793=EDGE_CURVE('',#2263,#2264,#1146,.T.);
#2794=EDGE_CURVE('',#2265,#2263,#1147,.T.);
#2795=EDGE_CURVE('',#2266,#2265,#1148,.T.);
#2796=EDGE_CURVE('',#2267,#2266,#1149,.T.);
#2797=EDGE_CURVE('',#2264,#2267,#1150,.T.);
#2798=EDGE_CURVE('',#2268,#2269,#1151,.T.);
#2799=EDGE_CURVE('',#2270,#2268,#1152,.T.);
#2800=EDGE_CURVE('',#2271,#2270,#1153,.T.);
#2801=EDGE_CURVE('',#2269,#2271,#1154,.T.);
#2802=EDGE_CURVE('',#2272,#2273,#1155,.T.);
#2803=EDGE_CURVE('',#2274,#2272,#1156,.T.);
#2804=EDGE_CURVE('',#2275,#2274,#1157,.T.);
#2805=EDGE_CURVE('',#2273,#2275,#1158,.T.);
#2806=EDGE_CURVE('',#2276,#2277,#1159,.T.);
#2807=EDGE_CURVE('',#2278,#2276,#1160,.T.);
#2808=EDGE_CURVE('',#2279,#2278,#1161,.T.);
#2809=EDGE_CURVE('',#2277,#2279,#1162,.T.);
#2810=EDGE_CURVE('',#2280,#2281,#1163,.T.);
#2811=EDGE_CURVE('',#2282,#2280,#1164,.T.);
#2812=EDGE_CURVE('',#2283,#2282,#1165,.T.);
#2813=EDGE_CURVE('',#2281,#2283,#1166,.T.);
#2814=EDGE_CURVE('',#2284,#2285,#1167,.T.);
#2815=EDGE_CURVE('',#2286,#2284,#1168,.T.);
#2816=EDGE_CURVE('',#2287,#2286,#1169,.T.);
#2817=EDGE_CURVE('',#2288,#2287,#1170,.T.);
#2818=EDGE_CURVE('',#2285,#2288,#1171,.T.);
#2819=EDGE_CURVE('',#2289,#2290,#1172,.T.);
#2820=EDGE_CURVE('',#2291,#2289,#1173,.T.);
#2821=EDGE_CURVE('',#2292,#2291,#1174,.T.);
#2822=EDGE_CURVE('',#2293,#2292,#1175,.T.);
#2823=EDGE_CURVE('',#2290,#2293,#1176,.T.);
#2824=EDGE_CURVE('',#2294,#2295,#1177,.T.);
#2825=EDGE_CURVE('',#2296,#2294,#1178,.T.);
#2826=EDGE_CURVE('',#2297,#2296,#1179,.T.);
#2827=EDGE_CURVE('',#2295,#2297,#1180,.T.);
#2828=EDGE_CURVE('',#2298,#2299,#1181,.T.);
#2829=EDGE_CURVE('',#2300,#2298,#1182,.T.);
#2830=EDGE_CURVE('',#2301,#2300,#1183,.T.);
#2831=EDGE_CURVE('',#2299,#2301,#1184,.T.);
#2832=EDGE_CURVE('',#2302,#2303,#1185,.T.);
#2833=EDGE_CURVE('',#2304,#2302,#1186,.T.);
#2834=EDGE_CURVE('',#2305,#2304,#1187,.T.);
#2835=EDGE_CURVE('',#2303,#2305,#1188,.T.);
#2836=EDGE_CURVE('',#2259,#2208,#1189,.T.);
#2837=EDGE_CURVE('',#2258,#2207,#1190,.T.);
#2838=EDGE_CURVE('',#2260,#2129,#1191,.T.);
#2839=EDGE_CURVE('',#2261,#2210,#1192,.T.);
#2840=EDGE_CURVE('',#2262,#2209,#1193,.T.);
#2841=EDGE_CURVE('',#2264,#2214,#1194,.T.);
#2842=EDGE_CURVE('',#2263,#2218,#1195,.T.);
#2843=EDGE_CURVE('',#2265,#2217,#1196,.T.);
#2844=EDGE_CURVE('',#2266,#2216,#1197,.T.);
#2845=EDGE_CURVE('',#2267,#2215,#1198,.T.);
#2846=EDGE_CURVE('',#2269,#2219,#1199,.T.);
#2847=EDGE_CURVE('',#2268,#2222,#1200,.T.);
#2848=EDGE_CURVE('',#2270,#2221,#1201,.T.);
#2849=EDGE_CURVE('',#2271,#2220,#1202,.T.);
#2850=EDGE_CURVE('',#2273,#2223,#1203,.T.);
#2851=EDGE_CURVE('',#2272,#2226,#1204,.T.);
#2852=EDGE_CURVE('',#2274,#2225,#1205,.T.);
#2853=EDGE_CURVE('',#2275,#2224,#1206,.T.);
#2854=EDGE_CURVE('',#2277,#2227,#1207,.T.);
#2855=EDGE_CURVE('',#2276,#2230,#1208,.T.);
#2856=EDGE_CURVE('',#2278,#2229,#1209,.T.);
#2857=EDGE_CURVE('',#2279,#2228,#1210,.T.);
#2858=EDGE_CURVE('',#2281,#2212,#1211,.T.);
#2859=EDGE_CURVE('',#2280,#2211,#1212,.T.);
#2860=EDGE_CURVE('',#2282,#2112,#1213,.T.);
#2861=EDGE_CURVE('',#2283,#2192,#1214,.T.);
#2862=EDGE_CURVE('',#2285,#2196,#1215,.T.);
#2863=EDGE_CURVE('',#2284,#2132,#1216,.T.);
#2864=EDGE_CURVE('',#2286,#2199,#1217,.T.);
#2865=EDGE_CURVE('',#2287,#2198,#1218,.T.);
#2866=EDGE_CURVE('',#2288,#2197,#1219,.T.);
#2867=EDGE_CURVE('',#2290,#2231,#1220,.T.);
#2868=EDGE_CURVE('',#2289,#2235,#1221,.T.);
#2869=EDGE_CURVE('',#2291,#2234,#1222,.T.);
#2870=EDGE_CURVE('',#2292,#2233,#1223,.T.);
#2871=EDGE_CURVE('',#2293,#2232,#1224,.T.);
#2872=EDGE_CURVE('',#2295,#2236,#1225,.T.);
#2873=EDGE_CURVE('',#2294,#2239,#1226,.T.);
#2874=EDGE_CURVE('',#2296,#2238,#1227,.T.);
#2875=EDGE_CURVE('',#2297,#2237,#1228,.T.);
#2876=EDGE_CURVE('',#2299,#2240,#1229,.T.);
#2877=EDGE_CURVE('',#2298,#2243,#1230,.T.);
#2878=EDGE_CURVE('',#2300,#2242,#1231,.T.);
#2879=EDGE_CURVE('',#2301,#2241,#1232,.T.);
#2880=EDGE_CURVE('',#2303,#2193,#1233,.T.);
#2881=EDGE_CURVE('',#2302,#2116,#1234,.T.);
#2882=EDGE_CURVE('',#2304,#2195,#1235,.T.);
#2883=EDGE_CURVE('',#2305,#2194,#1236,.T.);
#2884=EDGE_CURVE('',#2256,#2203,#1237,.T.);
#2885=EDGE_CURVE('',#2257,#2202,#1238,.T.);
#2886=EDGE_CURVE('',#2306,#2307,#1239,.T.);
#2887=EDGE_CURVE('',#2307,#2308,#1240,.T.);
#2888=EDGE_CURVE('',#2308,#2309,#1241,.T.);
#2889=EDGE_CURVE('',#2309,#2306,#1242,.T.);
#2890=EDGE_CURVE('',#2310,#2311,#1243,.T.);
#2891=EDGE_CURVE('',#2311,#2312,#1244,.T.);
#2892=EDGE_CURVE('',#2313,#2312,#1245,.T.);
#2893=EDGE_CURVE('',#2310,#2313,#1246,.T.);
#2894=EDGE_CURVE('',#2310,#2307,#1247,.T.);
#2895=EDGE_CURVE('',#2311,#2306,#1248,.T.);
#2896=EDGE_CURVE('',#2313,#2308,#1249,.T.);
#2897=EDGE_CURVE('',#2312,#2309,#1250,.T.);
#2898=EDGE_CURVE('',#2314,#2314,#121,.T.);
#2899=EDGE_CURVE('',#2314,#2315,#1251,.T.);
#2900=EDGE_CURVE('',#2315,#2315,#122,.T.);
#2901=EDGE_CURVE('',#2316,#2317,#1252,.T.);
#2902=EDGE_CURVE('',#2317,#2318,#1253,.T.);
#2903=EDGE_CURVE('',#2318,#2319,#1254,.T.);
#2904=EDGE_CURVE('',#2319,#2316,#1255,.T.);
#2905=EDGE_CURVE('',#2318,#2320,#1256,.T.);
#2906=EDGE_CURVE('',#2321,#2320,#1257,.T.);
#2907=EDGE_CURVE('',#2321,#2322,#1258,.T.);
#2908=EDGE_CURVE('',#2323,#2322,#1259,.T.);
#2909=EDGE_CURVE('',#2323,#2324,#1260,.T.);
#2910=EDGE_CURVE('',#2325,#2324,#1261,.T.);
#2911=EDGE_CURVE('',#2325,#2319,#1262,.T.);
#2912=EDGE_CURVE('',#2326,#2326,#19,.T.);
#2913=EDGE_CURVE('',#2327,#2317,#1263,.T.);
#2914=EDGE_CURVE('',#2320,#2327,#1264,.T.);
#2915=EDGE_CURVE('',#2327,#2328,#1265,.T.);
#2916=EDGE_CURVE('',#2328,#2321,#1266,.T.);
#2917=EDGE_CURVE('',#2329,#2330,#1267,.T.);
#2918=EDGE_CURVE('',#2330,#2325,#1268,.T.);
#2919=EDGE_CURVE('',#2324,#2329,#1269,.T.);
#2920=EDGE_CURVE('',#2331,#2323,#1270,.T.);
#2921=EDGE_CURVE('',#2329,#2331,#1271,.T.);
#2922=EDGE_CURVE('',#2332,#2331,#1272,.T.);
#2923=EDGE_CURVE('',#2322,#2332,#1273,.T.);
#2924=EDGE_CURVE('',#2333,#2333,#20,.T.);
#2925=EDGE_CURVE('',#2333,#2334,#1274,.T.);
#2926=EDGE_CURVE('',#2334,#2334,#21,.T.);
#2927=EDGE_CURVE('',#2332,#2328,#1275,.T.);
#2928=EDGE_CURVE('',#2316,#2330,#1276,.T.);
#2929=EDGE_CURVE('',#2335,#2336,#16,.T.);
#2930=EDGE_CURVE('',#2337,#2335,#123,.T.);
#2931=EDGE_CURVE('',#2336,#2337,#17,.T.);
#2932=EDGE_CURVE('',#2336,#2326,#1277,.T.);
#2933=EDGE_CURVE('',#2337,#2335,#1278,.T.);
#2934=EDGE_CURVE('',#2338,#2338,#124,.T.);
#2935=EDGE_CURVE('',#2338,#2339,#1279,.T.);
#2936=EDGE_CURVE('',#2339,#2339,#125,.T.);
#2937=EDGE_CURVE('',#2340,#2340,#126,.T.);
#2938=EDGE_CURVE('',#2340,#2341,#1280,.T.);
#2939=EDGE_CURVE('',#2341,#2341,#127,.T.);
#2940=EDGE_CURVE('',#2342,#2343,#1281,.T.);
#2941=EDGE_CURVE('',#2342,#2344,#1282,.T.);
#2942=EDGE_CURVE('',#2345,#2344,#1283,.T.);
#2943=EDGE_CURVE('',#2343,#2345,#1284,.T.);
#2944=EDGE_CURVE('',#2344,#2346,#1285,.T.);
#2945=EDGE_CURVE('',#2346,#2347,#1286,.T.);
#2946=EDGE_CURVE('',#2347,#2345,#1287,.T.);
#2947=EDGE_CURVE('',#2348,#2343,#1288,.T.);
#2948=EDGE_CURVE('',#2348,#2349,#128,.T.);
#2949=EDGE_CURVE('',#2349,#2350,#129,.T.);
#2950=EDGE_CURVE('',#2350,#2342,#1289,.T.);
#2951=EDGE_CURVE('',#2351,#2351,#130,.T.);
#2952=EDGE_CURVE('',#2352,#2352,#131,.T.);
#2953=EDGE_CURVE('',#2353,#2353,#132,.T.);
#2954=EDGE_CURVE('',#2354,#2354,#133,.T.);
#2955=EDGE_CURVE('',#2355,#2355,#134,.T.);
#2956=EDGE_CURVE('',#2355,#2351,#1290,.T.);
#2957=EDGE_CURVE('',#2356,#2356,#135,.T.);
#2958=EDGE_CURVE('',#2356,#2352,#1291,.T.);
#2959=EDGE_CURVE('',#2357,#2357,#136,.T.);
#2960=EDGE_CURVE('',#2357,#2353,#1292,.T.);
#2961=EDGE_CURVE('',#2358,#2358,#137,.T.);
#2962=EDGE_CURVE('',#2358,#2354,#1293,.T.);
#2963=EDGE_CURVE('',#2359,#2346,#1294,.T.);
#2964=EDGE_CURVE('',#2360,#2359,#1295,.T.);
#2965=EDGE_CURVE('',#2347,#2360,#1296,.T.);
#2966=EDGE_CURVE('',#2361,#2360,#1297,.T.);
#2967=EDGE_CURVE('',#2348,#2361,#1298,.T.);
#2968=EDGE_CURVE('',#2350,#2362,#1299,.T.);
#2969=EDGE_CURVE('',#2359,#2362,#1300,.T.);
#2970=EDGE_CURVE('',#2362,#2361,#138,.T.);
#2971=EDGE_CURVE('',#2363,#2363,#139,.T.);
#2972=EDGE_CURVE('',#2349,#2363,#1301,.T.);
#2973=EDGE_CURVE('',#2364,#2365,#1302,.T.);
#2974=EDGE_CURVE('',#2364,#2366,#1303,.T.);
#2975=EDGE_CURVE('',#2367,#2366,#1304,.T.);
#2976=EDGE_CURVE('',#2365,#2367,#1305,.T.);
#2977=EDGE_CURVE('',#2366,#2368,#1306,.T.);
#2978=EDGE_CURVE('',#2368,#2369,#1307,.T.);
#2979=EDGE_CURVE('',#2369,#2367,#1308,.T.);
#2980=EDGE_CURVE('',#2370,#2364,#1309,.T.);
#2981=EDGE_CURVE('',#2371,#2370,#1310,.T.);
#2982=EDGE_CURVE('',#2371,#2372,#1311,.T.);
#2983=EDGE_CURVE('',#2372,#2368,#1312,.T.);
#2984=EDGE_CURVE('',#2365,#2373,#1313,.T.);
#2985=EDGE_CURVE('',#2374,#2373,#140,.T.);
#2986=EDGE_CURVE('',#2370,#2374,#141,.T.);
#2987=EDGE_CURVE('',#2375,#2375,#142,.T.);
#2988=EDGE_CURVE('',#2376,#2376,#143,.T.);
#2989=EDGE_CURVE('',#2377,#2377,#144,.T.);
#2990=EDGE_CURVE('',#2378,#2378,#145,.T.);
#2991=EDGE_CURVE('',#2378,#2379,#1314,.T.);
#2992=EDGE_CURVE('',#2379,#2379,#146,.T.);
#2993=EDGE_CURVE('',#2377,#2380,#1315,.T.);
#2994=EDGE_CURVE('',#2380,#2380,#147,.T.);
#2995=EDGE_CURVE('',#2376,#2381,#1316,.T.);
#2996=EDGE_CURVE('',#2381,#2381,#148,.T.);
#2997=EDGE_CURVE('',#2375,#2382,#1317,.T.);
#2998=EDGE_CURVE('',#2382,#2382,#149,.T.);
#2999=EDGE_CURVE('',#2383,#2372,#1318,.T.);
#3000=EDGE_CURVE('',#2383,#2369,#1319,.T.);
#3001=EDGE_CURVE('',#2384,#2383,#1320,.T.);
#3002=EDGE_CURVE('',#2384,#2373,#1321,.T.);
#3003=EDGE_CURVE('',#2374,#2385,#1322,.T.);
#3004=EDGE_CURVE('',#2385,#2385,#150,.T.);
#3005=EDGE_CURVE('',#2371,#2384,#151,.T.);
#3006=EDGE_CURVE('',#2386,#2386,#152,.T.);
#3007=EDGE_CURVE('',#2386,#2387,#1323,.T.);
#3008=EDGE_CURVE('',#2387,#2387,#153,.T.);
#3009=EDGE_CURVE('',#2388,#2388,#154,.T.);
#3010=EDGE_CURVE('',#2388,#2389,#1324,.T.);
#3011=EDGE_CURVE('',#2389,#2389,#155,.T.);
#3012=EDGE_CURVE('',#2390,#2390,#156,.T.);
#3013=EDGE_CURVE('',#2390,#2391,#1325,.T.);
#3014=EDGE_CURVE('',#2391,#2391,#157,.T.);
#3015=EDGE_CURVE('',#2392,#2393,#1326,.T.);
#3016=EDGE_CURVE('',#2392,#2394,#1327,.T.);
#3017=EDGE_CURVE('',#2395,#2394,#1328,.T.);
#3018=EDGE_CURVE('',#2393,#2395,#1329,.T.);
#3019=EDGE_CURVE('',#2393,#2396,#1330,.T.);
#3020=EDGE_CURVE('',#2397,#2395,#1331,.T.);
#3021=EDGE_CURVE('',#2396,#2397,#1332,.T.);
#3022=EDGE_CURVE('',#2396,#2398,#158,.T.);
#3023=EDGE_CURVE('',#2399,#2397,#159,.T.);
#3024=EDGE_CURVE('',#2398,#2399,#1333,.T.);
#3025=EDGE_CURVE('',#2392,#2398,#1334,.T.);
#3026=EDGE_CURVE('',#2394,#2399,#1335,.T.);
#3027=EDGE_CURVE('',#2400,#2400,#160,.T.);
#3028=EDGE_CURVE('',#2400,#2401,#1336,.T.);
#3029=EDGE_CURVE('',#2401,#2401,#161,.T.);
#3030=EDGE_CURVE('',#2401,#2402,#1337,.T.);
#3031=EDGE_CURVE('',#2402,#2402,#162,.T.);
#3032=EDGE_CURVE('',#2403,#2403,#163,.T.);
#3033=EDGE_CURVE('',#2403,#2404,#1338,.T.);
#3034=EDGE_CURVE('',#2404,#2404,#164,.T.);
#3035=EDGE_CURVE('',#2404,#2405,#1339,.T.);
#3036=EDGE_CURVE('',#2405,#2405,#165,.T.);
#3037=EDGE_CURVE('',#2406,#2406,#166,.T.);
#3038=EDGE_CURVE('',#2406,#2407,#1340,.T.);
#3039=EDGE_CURVE('',#2407,#2407,#167,.T.);
#3040=EDGE_CURVE('',#2407,#2408,#1341,.T.);
#3041=EDGE_CURVE('',#2408,#2408,#168,.T.);
#3042=EDGE_CURVE('',#2409,#2410,#1342,.T.);
#3043=EDGE_CURVE('',#2409,#2411,#1343,.T.);
#3044=EDGE_CURVE('',#2412,#2411,#1344,.T.);
#3045=EDGE_CURVE('',#2410,#2412,#1345,.T.);
#3046=EDGE_CURVE('',#2410,#2413,#1346,.T.);
#3047=EDGE_CURVE('',#2414,#2412,#1347,.T.);
#3048=EDGE_CURVE('',#2413,#2414,#1348,.T.);
#3049=EDGE_CURVE('',#2413,#2415,#169,.T.);
#3050=EDGE_CURVE('',#2416,#2414,#170,.T.);
#3051=EDGE_CURVE('',#2415,#2416,#1349,.T.);
#3052=EDGE_CURVE('',#2409,#2415,#1350,.T.);
#3053=EDGE_CURVE('',#2411,#2416,#1351,.T.);
#3054=EDGE_CURVE('',#2417,#2418,#1352,.T.);
#3055=EDGE_CURVE('',#2417,#2419,#1353,.T.);
#3056=EDGE_CURVE('',#2420,#2419,#1354,.T.);
#3057=EDGE_CURVE('',#2418,#2420,#1355,.T.);
#3058=EDGE_CURVE('',#2418,#2421,#1356,.T.);
#3059=EDGE_CURVE('',#2422,#2420,#1357,.T.);
#3060=EDGE_CURVE('',#2421,#2422,#1358,.T.);
#3061=EDGE_CURVE('',#2423,#2421,#1359,.T.);
#3062=EDGE_CURVE('',#2424,#2422,#1360,.T.);
#3063=EDGE_CURVE('',#2423,#2424,#1361,.T.);
#3064=EDGE_CURVE('',#2417,#2423,#1362,.T.);
#3065=EDGE_CURVE('',#2419,#2424,#1363,.T.);
#3066=EDGE_CURVE('',#2425,#2426,#1364,.T.);
#3067=EDGE_CURVE('',#2425,#2427,#1365,.T.);
#3068=EDGE_CURVE('',#2428,#2427,#1366,.T.);
#3069=EDGE_CURVE('',#2426,#2428,#1367,.T.);
#3070=EDGE_CURVE('',#2426,#2429,#1368,.T.);
#3071=EDGE_CURVE('',#2430,#2428,#1369,.T.);
#3072=EDGE_CURVE('',#2429,#2430,#1370,.T.);
#3073=EDGE_CURVE('',#2431,#2429,#1371,.T.);
#3074=EDGE_CURVE('',#2432,#2430,#1372,.T.);
#3075=EDGE_CURVE('',#2431,#2432,#1373,.T.);
#3076=EDGE_CURVE('',#2425,#2431,#1374,.T.);
#3077=EDGE_CURVE('',#2427,#2432,#1375,.T.);
#3078=EDGE_CURVE('',#2433,#2433,#171,.T.);
#3079=EDGE_CURVE('',#2433,#2434,#1376,.T.);
#3080=EDGE_CURVE('',#2434,#2434,#172,.T.);
#3081=EDGE_CURVE('',#2435,#2436,#1377,.T.);
#3082=EDGE_CURVE('',#2435,#2437,#1378,.T.);
#3083=EDGE_CURVE('',#2438,#2437,#1379,.T.);
#3084=EDGE_CURVE('',#2436,#2438,#1380,.T.);
#3085=EDGE_CURVE('',#2436,#2439,#1381,.T.);
#3086=EDGE_CURVE('',#2440,#2438,#1382,.T.);
#3087=EDGE_CURVE('',#2439,#2440,#1383,.T.);
#3088=EDGE_CURVE('',#2441,#2439,#1384,.T.);
#3089=EDGE_CURVE('',#2442,#2440,#1385,.T.);
#3090=EDGE_CURVE('',#2441,#2442,#1386,.T.);
#3091=EDGE_CURVE('',#2441,#2435,#1387,.T.);
#3092=EDGE_CURVE('',#2437,#2442,#1388,.T.);
#3093=EDGE_CURVE('',#2443,#2444,#1389,.T.);
#3094=EDGE_CURVE('',#2444,#2445,#1390,.T.);
#3095=EDGE_CURVE('',#2445,#2446,#1391,.T.);
#3096=EDGE_CURVE('',#2446,#2447,#1392,.T.);
#3097=EDGE_CURVE('',#2447,#2443,#1393,.T.);
#3098=EDGE_CURVE('',#2448,#2449,#1394,.T.);
#3099=EDGE_CURVE('',#2449,#2450,#1395,.T.);
#3100=EDGE_CURVE('',#2450,#2451,#1396,.T.);
#3101=EDGE_CURVE('',#2451,#2452,#1397,.T.);
#3102=EDGE_CURVE('',#2452,#2448,#1398,.T.);
#3103=EDGE_CURVE('',#2443,#2449,#1399,.T.);
#3104=EDGE_CURVE('',#2450,#2447,#1400,.T.);
#3105=EDGE_CURVE('',#2446,#2451,#1401,.T.);
#3106=EDGE_CURVE('',#2448,#2444,#1402,.T.);
#3107=EDGE_CURVE('',#2445,#2452,#1403,.T.);
#3108=EDGE_CURVE('',#2453,#2453,#173,.T.);
#3109=EDGE_CURVE('',#2454,#2454,#174,.T.);
#3110=EDGE_CURVE('',#2454,#2453,#1404,.T.);
#3111=EDGE_CURVE('',#2455,#2456,#1405,.T.);
#3112=EDGE_CURVE('',#2455,#2457,#1406,.T.);
#3113=EDGE_CURVE('',#2458,#2457,#1407,.T.);
#3114=EDGE_CURVE('',#2456,#2458,#1408,.T.);
#3115=EDGE_CURVE('',#2456,#2459,#175,.T.);
#3116=EDGE_CURVE('',#2460,#2458,#176,.T.);
#3117=EDGE_CURVE('',#2459,#2460,#1409,.T.);
#3118=EDGE_CURVE('',#2461,#2459,#1410,.T.);
#3119=EDGE_CURVE('',#2462,#2460,#1411,.T.);
#3120=EDGE_CURVE('',#2461,#2462,#1412,.T.);
#3121=EDGE_CURVE('',#2463,#2461,#1413,.T.);
#3122=EDGE_CURVE('',#2464,#2462,#1414,.T.);
#3123=EDGE_CURVE('',#2463,#2464,#1415,.T.);
#3124=EDGE_CURVE('',#2465,#2463,#1416,.T.);
#3125=EDGE_CURVE('',#2466,#2464,#1417,.T.);
#3126=EDGE_CURVE('',#2465,#2466,#1418,.T.);
#3127=EDGE_CURVE('',#2467,#2465,#1419,.T.);
#3128=EDGE_CURVE('',#2468,#2466,#1420,.T.);
#3129=EDGE_CURVE('',#2467,#2468,#1421,.T.);
#3130=EDGE_CURVE('',#2467,#2469,#1422,.T.);
#3131=EDGE_CURVE('',#2470,#2468,#1423,.T.);
#3132=EDGE_CURVE('',#2469,#2470,#1424,.T.);
#3133=EDGE_CURVE('',#2455,#2469,#1425,.T.);
#3134=EDGE_CURVE('',#2457,#2470,#1426,.T.);
#3135=EDGE_CURVE('',#2471,#2472,#1427,.T.);
#3136=EDGE_CURVE('',#2471,#2473,#1428,.T.);
#3137=EDGE_CURVE('',#2474,#2473,#1429,.T.);
#3138=EDGE_CURVE('',#2472,#2474,#1430,.T.);
#3139=EDGE_CURVE('',#2472,#2475,#177,.T.);
#3140=EDGE_CURVE('',#2476,#2474,#178,.T.);
#3141=EDGE_CURVE('',#2475,#2476,#1431,.T.);
#3142=EDGE_CURVE('',#2477,#2475,#1432,.T.);
#3143=EDGE_CURVE('',#2478,#2476,#1433,.T.);
#3144=EDGE_CURVE('',#2477,#2478,#1434,.T.);
#3145=EDGE_CURVE('',#2479,#2477,#1435,.T.);
#3146=EDGE_CURVE('',#2480,#2478,#1436,.T.);
#3147=EDGE_CURVE('',#2479,#2480,#1437,.T.);
#3148=EDGE_CURVE('',#2481,#2479,#1438,.T.);
#3149=EDGE_CURVE('',#2482,#2480,#1439,.T.);
#3150=EDGE_CURVE('',#2481,#2482,#1440,.T.);
#3151=EDGE_CURVE('',#2483,#2481,#1441,.T.);
#3152=EDGE_CURVE('',#2484,#2482,#1442,.T.);
#3153=EDGE_CURVE('',#2483,#2484,#1443,.T.);
#3154=EDGE_CURVE('',#2483,#2485,#1444,.T.);
#3155=EDGE_CURVE('',#2486,#2484,#1445,.T.);
#3156=EDGE_CURVE('',#2485,#2486,#1446,.T.);
#3157=EDGE_CURVE('',#2471,#2485,#1447,.T.);
#3158=EDGE_CURVE('',#2473,#2486,#1448,.T.);
#3159=ORIENTED_EDGE('',*,*,#2487,.F.);
#3160=ORIENTED_EDGE('',*,*,#2488,.T.);
#3161=ORIENTED_EDGE('',*,*,#2489,.F.);
#3162=ORIENTED_EDGE('',*,*,#2490,.F.);
#3163=ORIENTED_EDGE('',*,*,#2491,.F.);
#3164=ORIENTED_EDGE('',*,*,#2492,.T.);
#3165=ORIENTED_EDGE('',*,*,#2493,.F.);
#3166=ORIENTED_EDGE('',*,*,#2494,.F.);
#3167=ORIENTED_EDGE('',*,*,#2495,.T.);
#3168=ORIENTED_EDGE('',*,*,#2496,.F.);
#3169=ORIENTED_EDGE('',*,*,#2491,.T.);
#3170=ORIENTED_EDGE('',*,*,#2497,.F.);
#3171=ORIENTED_EDGE('',*,*,#2496,.T.);
#3172=ORIENTED_EDGE('',*,*,#2498,.T.);
#3173=ORIENTED_EDGE('',*,*,#2499,.F.);
#3174=ORIENTED_EDGE('',*,*,#2492,.F.);
#3175=ORIENTED_EDGE('',*,*,#2500,.F.);
#3176=ORIENTED_EDGE('',*,*,#2494,.T.);
#3177=ORIENTED_EDGE('',*,*,#2501,.F.);
#3178=ORIENTED_EDGE('',*,*,#2502,.F.);
#3179=ORIENTED_EDGE('',*,*,#2503,.T.);
#3180=ORIENTED_EDGE('',*,*,#2501,.T.);
#3181=ORIENTED_EDGE('',*,*,#2493,.T.);
#3182=ORIENTED_EDGE('',*,*,#2499,.T.);
#3183=ORIENTED_EDGE('',*,*,#2504,.F.);
#3184=ORIENTED_EDGE('',*,*,#2505,.T.);
#3185=ORIENTED_EDGE('',*,*,#2506,.F.);
#3186=ORIENTED_EDGE('',*,*,#2488,.F.);
#3187=ORIENTED_EDGE('',*,*,#2497,.T.);
#3188=ORIENTED_EDGE('',*,*,#2490,.T.);
#3189=ORIENTED_EDGE('',*,*,#2507,.F.);
#3190=ORIENTED_EDGE('',*,*,#2508,.F.);
#3191=ORIENTED_EDGE('',*,*,#2509,.F.);
#3192=ORIENTED_EDGE('',*,*,#2502,.T.);
#3193=ORIENTED_EDGE('',*,*,#2503,.F.);
#3194=ORIENTED_EDGE('',*,*,#2498,.F.);
#3195=ORIENTED_EDGE('',*,*,#2495,.F.);
#3196=ORIENTED_EDGE('',*,*,#2508,.T.);
#3197=ORIENTED_EDGE('',*,*,#2510,.F.);
#3198=ORIENTED_EDGE('',*,*,#2505,.F.);
#3199=ORIENTED_EDGE('',*,*,#2510,.T.);
#3200=ORIENTED_EDGE('',*,*,#2507,.T.);
#3201=ORIENTED_EDGE('',*,*,#2489,.T.);
#3202=ORIENTED_EDGE('',*,*,#2506,.T.);
#3203=ORIENTED_EDGE('',*,*,#2509,.T.);
#3204=ORIENTED_EDGE('',*,*,#2504,.T.);
#3205=ORIENTED_EDGE('',*,*,#2487,.T.);
#3206=ORIENTED_EDGE('',*,*,#2500,.T.);
#3207=ORIENTED_EDGE('',*,*,#2511,.F.);
#3208=ORIENTED_EDGE('',*,*,#2512,.T.);
#3209=ORIENTED_EDGE('',*,*,#2513,.F.);
#3210=ORIENTED_EDGE('',*,*,#2514,.F.);
#3211=ORIENTED_EDGE('',*,*,#2515,.F.);
#3212=ORIENTED_EDGE('',*,*,#2514,.T.);
#3213=ORIENTED_EDGE('',*,*,#2516,.F.);
#3214=ORIENTED_EDGE('',*,*,#2517,.F.);
#3215=ORIENTED_EDGE('',*,*,#2518,.F.);
#3216=ORIENTED_EDGE('',*,*,#2517,.T.);
#3217=ORIENTED_EDGE('',*,*,#2519,.F.);
#3218=ORIENTED_EDGE('',*,*,#2520,.F.);
#3219=ORIENTED_EDGE('',*,*,#2521,.T.);
#3220=ORIENTED_EDGE('',*,*,#2520,.T.);
#3221=ORIENTED_EDGE('',*,*,#2522,.F.);
#3222=ORIENTED_EDGE('',*,*,#2512,.F.);
#3223=ORIENTED_EDGE('',*,*,#2522,.T.);
#3224=ORIENTED_EDGE('',*,*,#2519,.T.);
#3225=ORIENTED_EDGE('',*,*,#2516,.T.);
#3226=ORIENTED_EDGE('',*,*,#2513,.T.);
#3227=ORIENTED_EDGE('',*,*,#2521,.F.);
#3228=ORIENTED_EDGE('',*,*,#2511,.T.);
#3229=ORIENTED_EDGE('',*,*,#2515,.T.);
#3230=ORIENTED_EDGE('',*,*,#2518,.T.);
#3231=ORIENTED_EDGE('',*,*,#2523,.T.);
#3232=ORIENTED_EDGE('',*,*,#2524,.F.);
#3233=ORIENTED_EDGE('',*,*,#2525,.T.);
#3234=ORIENTED_EDGE('',*,*,#2523,.F.);
#3235=ORIENTED_EDGE('',*,*,#2525,.F.);
#3236=ORIENTED_EDGE('',*,*,#2524,.T.);
#3237=ORIENTED_EDGE('',*,*,#2526,.F.);
#3238=ORIENTED_EDGE('',*,*,#2527,.T.);
#3239=ORIENTED_EDGE('',*,*,#2528,.T.);
#3240=ORIENTED_EDGE('',*,*,#2527,.F.);
#3241=ORIENTED_EDGE('',*,*,#2526,.T.);
#3242=ORIENTED_EDGE('',*,*,#2528,.F.);
#3243=ORIENTED_EDGE('',*,*,#2529,.F.);
#3244=ORIENTED_EDGE('',*,*,#2530,.F.);
#3245=ORIENTED_EDGE('',*,*,#2531,.F.);
#3246=ORIENTED_EDGE('',*,*,#2532,.F.);
#3247=ORIENTED_EDGE('',*,*,#2533,.F.);
#3248=ORIENTED_EDGE('',*,*,#2532,.T.);
#3249=ORIENTED_EDGE('',*,*,#2534,.F.);
#3250=ORIENTED_EDGE('',*,*,#2535,.T.);
#3251=ORIENTED_EDGE('',*,*,#2536,.F.);
#3252=ORIENTED_EDGE('',*,*,#2537,.T.);
#3253=ORIENTED_EDGE('',*,*,#2538,.F.);
#3254=ORIENTED_EDGE('',*,*,#2530,.T.);
#3255=ORIENTED_EDGE('',*,*,#2539,.F.);
#3256=ORIENTED_EDGE('',*,*,#2535,.F.);
#3257=ORIENTED_EDGE('',*,*,#2540,.F.);
#3258=ORIENTED_EDGE('',*,*,#2541,.T.);
#3259=ORIENTED_EDGE('',*,*,#2542,.F.);
#3260=ORIENTED_EDGE('',*,*,#2541,.F.);
#3261=ORIENTED_EDGE('',*,*,#2543,.F.);
#3262=ORIENTED_EDGE('',*,*,#2537,.F.);
#3263=ORIENTED_EDGE('',*,*,#2539,.T.);
#3264=ORIENTED_EDGE('',*,*,#2542,.T.);
#3265=ORIENTED_EDGE('',*,*,#2536,.T.);
#3266=ORIENTED_EDGE('',*,*,#2529,.T.);
#3267=ORIENTED_EDGE('',*,*,#2533,.T.);
#3268=ORIENTED_EDGE('',*,*,#2540,.T.);
#3269=ORIENTED_EDGE('',*,*,#2534,.T.);
#3270=ORIENTED_EDGE('',*,*,#2531,.T.);
#3271=ORIENTED_EDGE('',*,*,#2538,.T.);
#3272=ORIENTED_EDGE('',*,*,#2543,.T.);
#3273=ORIENTED_EDGE('',*,*,#2544,.T.);
#3274=ORIENTED_EDGE('',*,*,#2545,.T.);
#3275=ORIENTED_EDGE('',*,*,#2546,.T.);
#3276=ORIENTED_EDGE('',*,*,#2547,.F.);
#3277=ORIENTED_EDGE('',*,*,#2548,.T.);
#3278=ORIENTED_EDGE('',*,*,#2549,.T.);
#3279=ORIENTED_EDGE('',*,*,#2550,.T.);
#3280=ORIENTED_EDGE('',*,*,#2551,.F.);
#3281=ORIENTED_EDGE('',*,*,#2552,.F.);
#3282=ORIENTED_EDGE('',*,*,#2553,.T.);
#3283=ORIENTED_EDGE('',*,*,#2548,.F.);
#3284=ORIENTED_EDGE('',*,*,#2554,.T.);
#3285=ORIENTED_EDGE('',*,*,#2554,.F.);
#3286=ORIENTED_EDGE('',*,*,#2547,.T.);
#3287=ORIENTED_EDGE('',*,*,#2555,.T.);
#3288=ORIENTED_EDGE('',*,*,#2556,.F.);
#3289=ORIENTED_EDGE('',*,*,#2557,.T.);
#3290=ORIENTED_EDGE('',*,*,#2558,.T.);
#3291=ORIENTED_EDGE('',*,*,#2559,.T.);
#3292=ORIENTED_EDGE('',*,*,#2545,.F.);
#3293=ORIENTED_EDGE('',*,*,#2560,.F.);
#3294=ORIENTED_EDGE('',*,*,#2555,.F.);
#3295=ORIENTED_EDGE('',*,*,#2546,.F.);
#3296=ORIENTED_EDGE('',*,*,#2559,.F.);
#3297=ORIENTED_EDGE('',*,*,#2561,.T.);
#3298=ORIENTED_EDGE('',*,*,#2551,.T.);
#3299=ORIENTED_EDGE('',*,*,#2562,.T.);
#3300=ORIENTED_EDGE('',*,*,#2563,.F.);
#3301=ORIENTED_EDGE('',*,*,#2553,.F.);
#3302=ORIENTED_EDGE('',*,*,#2564,.T.);
#3303=ORIENTED_EDGE('',*,*,#2565,.T.);
#3304=ORIENTED_EDGE('',*,*,#2549,.F.);
#3305=ORIENTED_EDGE('',*,*,#2566,.T.);
#3306=ORIENTED_EDGE('',*,*,#2563,.T.);
#3307=ORIENTED_EDGE('',*,*,#2567,.T.);
#3308=ORIENTED_EDGE('',*,*,#2564,.F.);
#3309=ORIENTED_EDGE('',*,*,#2552,.T.);
#3310=ORIENTED_EDGE('',*,*,#2556,.T.);
#3311=ORIENTED_EDGE('',*,*,#2560,.T.);
#3312=ORIENTED_EDGE('',*,*,#2558,.F.);
#3313=ORIENTED_EDGE('',*,*,#2567,.F.);
#3314=ORIENTED_EDGE('',*,*,#2562,.F.);
#3315=ORIENTED_EDGE('',*,*,#2550,.F.);
#3316=ORIENTED_EDGE('',*,*,#2565,.F.);
#3317=ORIENTED_EDGE('',*,*,#2566,.F.);
#3318=ORIENTED_EDGE('',*,*,#2557,.F.);
#3319=ORIENTED_EDGE('',*,*,#2544,.F.);
#3320=ORIENTED_EDGE('',*,*,#2561,.F.);
#3321=ORIENTED_EDGE('',*,*,#2568,.F.);
#3322=ORIENTED_EDGE('',*,*,#2569,.T.);
#3323=ORIENTED_EDGE('',*,*,#2570,.T.);
#3324=ORIENTED_EDGE('',*,*,#2568,.T.);
#3325=ORIENTED_EDGE('',*,*,#2570,.F.);
#3326=ORIENTED_EDGE('',*,*,#2569,.F.);
#3327=ORIENTED_EDGE('',*,*,#2571,.T.);
#3328=ORIENTED_EDGE('',*,*,#2572,.T.);
#3329=ORIENTED_EDGE('',*,*,#2573,.F.);
#3330=ORIENTED_EDGE('',*,*,#2572,.F.);
#3331=ORIENTED_EDGE('',*,*,#2571,.F.);
#3332=ORIENTED_EDGE('',*,*,#2573,.T.);
#3333=ORIENTED_EDGE('',*,*,#2574,.F.);
#3334=ORIENTED_EDGE('',*,*,#2575,.F.);
#3335=ORIENTED_EDGE('',*,*,#2576,.F.);
#3336=ORIENTED_EDGE('',*,*,#2577,.F.);
#3337=ORIENTED_EDGE('',*,*,#2578,.T.);
#3338=ORIENTED_EDGE('',*,*,#2579,.T.);
#3339=ORIENTED_EDGE('',*,*,#2580,.F.);
#3340=ORIENTED_EDGE('',*,*,#2581,.F.);
#3341=ORIENTED_EDGE('',*,*,#2577,.T.);
#3342=ORIENTED_EDGE('',*,*,#2582,.T.);
#3343=ORIENTED_EDGE('',*,*,#2583,.T.);
#3344=ORIENTED_EDGE('',*,*,#2584,.T.);
#3345=ORIENTED_EDGE('',*,*,#2585,.T.);
#3346=ORIENTED_EDGE('',*,*,#2586,.T.);
#3347=ORIENTED_EDGE('',*,*,#2587,.F.);
#3348=ORIENTED_EDGE('',*,*,#2588,.F.);
#3349=ORIENTED_EDGE('',*,*,#2589,.T.);
#3350=ORIENTED_EDGE('',*,*,#2590,.F.);
#3351=ORIENTED_EDGE('',*,*,#2575,.T.);
#3352=ORIENTED_EDGE('',*,*,#2591,.F.);
#3353=ORIENTED_EDGE('',*,*,#2583,.F.);
#3354=ORIENTED_EDGE('',*,*,#2592,.T.);
#3355=ORIENTED_EDGE('',*,*,#2593,.F.);
#3356=ORIENTED_EDGE('',*,*,#2594,.T.);
#3357=ORIENTED_EDGE('',*,*,#2595,.F.);
#3358=ORIENTED_EDGE('',*,*,#2596,.F.);
#3359=ORIENTED_EDGE('',*,*,#2597,.F.);
#3360=ORIENTED_EDGE('',*,*,#2596,.T.);
#3361=ORIENTED_EDGE('',*,*,#2598,.F.);
#3362=ORIENTED_EDGE('',*,*,#2586,.F.);
#3363=ORIENTED_EDGE('',*,*,#2593,.T.);
#3364=ORIENTED_EDGE('',*,*,#2599,.T.);
#3365=ORIENTED_EDGE('',*,*,#2600,.T.);
#3366=ORIENTED_EDGE('',*,*,#2601,.F.);
#3367=ORIENTED_EDGE('',*,*,#2602,.T.);
#3368=ORIENTED_EDGE('',*,*,#2603,.T.);
#3369=ORIENTED_EDGE('',*,*,#2604,.F.);
#3370=ORIENTED_EDGE('',*,*,#2600,.F.);
#3371=ORIENTED_EDGE('',*,*,#2605,.T.);
#3372=ORIENTED_EDGE('',*,*,#2606,.T.);
#3373=ORIENTED_EDGE('',*,*,#2602,.F.);
#3374=ORIENTED_EDGE('',*,*,#2599,.F.);
#3375=ORIENTED_EDGE('',*,*,#2607,.F.);
#3376=ORIENTED_EDGE('',*,*,#2608,.T.);
#3377=ORIENTED_EDGE('',*,*,#2605,.F.);
#3378=ORIENTED_EDGE('',*,*,#2609,.F.);
#3379=ORIENTED_EDGE('',*,*,#2595,.T.);
#3380=ORIENTED_EDGE('',*,*,#2610,.F.);
#3381=ORIENTED_EDGE('',*,*,#2611,.F.);
#3382=ORIENTED_EDGE('',*,*,#2612,.F.);
#3383=ORIENTED_EDGE('',*,*,#2598,.T.);
#3384=ORIENTED_EDGE('',*,*,#2613,.F.);
#3385=ORIENTED_EDGE('',*,*,#2614,.F.);
#3386=ORIENTED_EDGE('',*,*,#2587,.T.);
#3387=ORIENTED_EDGE('',*,*,#2615,.T.);
#3388=ORIENTED_EDGE('',*,*,#2611,.T.);
#3389=ORIENTED_EDGE('',*,*,#2616,.F.);
#3390=ORIENTED_EDGE('',*,*,#2617,.F.);
#3391=ORIENTED_EDGE('',*,*,#2618,.T.);
#3392=ORIENTED_EDGE('',*,*,#2616,.T.);
#3393=ORIENTED_EDGE('',*,*,#2610,.T.);
#3394=ORIENTED_EDGE('',*,*,#2594,.F.);
#3395=ORIENTED_EDGE('',*,*,#2601,.T.);
#3396=ORIENTED_EDGE('',*,*,#2604,.T.);
#3397=ORIENTED_EDGE('',*,*,#2619,.T.);
#3398=ORIENTED_EDGE('',*,*,#2581,.T.);
#3399=ORIENTED_EDGE('',*,*,#2590,.T.);
#3400=ORIENTED_EDGE('',*,*,#2620,.T.);
#3401=ORIENTED_EDGE('',*,*,#2612,.T.);
#3402=ORIENTED_EDGE('',*,*,#2615,.F.);
#3403=ORIENTED_EDGE('',*,*,#2621,.T.);
#3404=ORIENTED_EDGE('',*,*,#2622,.F.);
#3405=ORIENTED_EDGE('',*,*,#2613,.T.);
#3406=ORIENTED_EDGE('',*,*,#2620,.F.);
#3407=ORIENTED_EDGE('',*,*,#2623,.F.);
#3408=ORIENTED_EDGE('',*,*,#2624,.F.);
#3409=ORIENTED_EDGE('',*,*,#2625,.F.);
#3410=ORIENTED_EDGE('',*,*,#2626,.T.);
#3411=ORIENTED_EDGE('',*,*,#2627,.T.);
#3412=ORIENTED_EDGE('',*,*,#2628,.F.);
#3413=ORIENTED_EDGE('',*,*,#2627,.F.);
#3414=ORIENTED_EDGE('',*,*,#2629,.F.);
#3415=ORIENTED_EDGE('',*,*,#2630,.F.);
#3416=ORIENTED_EDGE('',*,*,#2631,.F.);
#3417=ORIENTED_EDGE('',*,*,#2632,.T.);
#3418=ORIENTED_EDGE('',*,*,#2629,.T.);
#3419=ORIENTED_EDGE('',*,*,#2626,.F.);
#3420=ORIENTED_EDGE('',*,*,#2633,.F.);
#3421=ORIENTED_EDGE('',*,*,#2630,.T.);
#3422=ORIENTED_EDGE('',*,*,#2632,.F.);
#3423=ORIENTED_EDGE('',*,*,#2634,.F.);
#3424=ORIENTED_EDGE('',*,*,#2635,.F.);
#3425=ORIENTED_EDGE('',*,*,#2634,.T.);
#3426=ORIENTED_EDGE('',*,*,#2631,.T.);
#3427=ORIENTED_EDGE('',*,*,#2625,.T.);
#3428=ORIENTED_EDGE('',*,*,#2636,.F.);
#3429=ORIENTED_EDGE('',*,*,#2637,.T.);
#3430=ORIENTED_EDGE('',*,*,#2638,.F.);
#3431=ORIENTED_EDGE('',*,*,#2637,.F.);
#3432=ORIENTED_EDGE('',*,*,#2639,.F.);
#3433=ORIENTED_EDGE('',*,*,#2640,.T.);
#3434=ORIENTED_EDGE('',*,*,#2641,.F.);
#3435=ORIENTED_EDGE('',*,*,#2640,.F.);
#3436=ORIENTED_EDGE('',*,*,#2578,.F.);
#3437=ORIENTED_EDGE('',*,*,#2619,.F.);
#3438=ORIENTED_EDGE('',*,*,#2603,.F.);
#3439=ORIENTED_EDGE('',*,*,#2606,.F.);
#3440=ORIENTED_EDGE('',*,*,#2608,.F.);
#3441=ORIENTED_EDGE('',*,*,#2642,.F.);
#3442=ORIENTED_EDGE('',*,*,#2643,.F.);
#3443=ORIENTED_EDGE('',*,*,#2644,.T.);
#3444=ORIENTED_EDGE('',*,*,#2645,.T.);
#3445=ORIENTED_EDGE('',*,*,#2584,.F.);
#3446=ORIENTED_EDGE('',*,*,#2591,.T.);
#3447=ORIENTED_EDGE('',*,*,#2574,.T.);
#3448=ORIENTED_EDGE('',*,*,#2646,.T.);
#3449=ORIENTED_EDGE('',*,*,#2647,.T.);
#3450=ORIENTED_EDGE('',*,*,#2648,.F.);
#3451=ORIENTED_EDGE('',*,*,#2579,.F.);
#3452=ORIENTED_EDGE('',*,*,#2645,.F.);
#3453=ORIENTED_EDGE('',*,*,#2649,.T.);
#3454=ORIENTED_EDGE('',*,*,#2650,.T.);
#3455=ORIENTED_EDGE('',*,*,#2651,.F.);
#3456=ORIENTED_EDGE('',*,*,#2623,.T.);
#3457=ORIENTED_EDGE('',*,*,#2621,.F.);
#3458=ORIENTED_EDGE('',*,*,#2617,.T.);
#3459=ORIENTED_EDGE('',*,*,#2618,.F.);
#3460=ORIENTED_EDGE('',*,*,#2589,.F.);
#3461=ORIENTED_EDGE('',*,*,#2652,.F.);
#3462=ORIENTED_EDGE('',*,*,#2647,.F.);
#3463=ORIENTED_EDGE('',*,*,#2653,.T.);
#3464=ORIENTED_EDGE('',*,*,#2654,.T.);
#3465=ORIENTED_EDGE('',*,*,#2655,.F.);
#3466=ORIENTED_EDGE('',*,*,#2656,.F.);
#3467=ORIENTED_EDGE('',*,*,#2657,.T.);
#3468=ORIENTED_EDGE('',*,*,#2658,.T.);
#3469=ORIENTED_EDGE('',*,*,#2659,.F.);
#3470=ORIENTED_EDGE('',*,*,#2660,.T.);
#3471=ORIENTED_EDGE('',*,*,#2661,.T.);
#3472=ORIENTED_EDGE('',*,*,#2662,.T.);
#3473=ORIENTED_EDGE('',*,*,#2663,.F.);
#3474=ORIENTED_EDGE('',*,*,#2650,.F.);
#3475=ORIENTED_EDGE('',*,*,#2664,.T.);
#3476=ORIENTED_EDGE('',*,*,#2665,.T.);
#3477=ORIENTED_EDGE('',*,*,#2666,.F.);
#3478=ORIENTED_EDGE('',*,*,#2667,.F.);
#3479=ORIENTED_EDGE('',*,*,#2668,.T.);
#3480=ORIENTED_EDGE('',*,*,#2669,.T.);
#3481=ORIENTED_EDGE('',*,*,#2670,.F.);
#3482=ORIENTED_EDGE('',*,*,#2671,.F.);
#3483=ORIENTED_EDGE('',*,*,#2672,.T.);
#3484=ORIENTED_EDGE('',*,*,#2673,.T.);
#3485=ORIENTED_EDGE('',*,*,#2674,.F.);
#3486=ORIENTED_EDGE('',*,*,#2658,.F.);
#3487=ORIENTED_EDGE('',*,*,#2638,.T.);
#3488=ORIENTED_EDGE('',*,*,#2675,.T.);
#3489=ORIENTED_EDGE('',*,*,#2676,.T.);
#3490=ORIENTED_EDGE('',*,*,#2677,.F.);
#3491=ORIENTED_EDGE('',*,*,#2678,.F.);
#3492=ORIENTED_EDGE('',*,*,#2679,.T.);
#3493=ORIENTED_EDGE('',*,*,#2680,.F.);
#3494=ORIENTED_EDGE('',*,*,#2681,.F.);
#3495=ORIENTED_EDGE('',*,*,#2682,.F.);
#3496=ORIENTED_EDGE('',*,*,#2683,.F.);
#3497=ORIENTED_EDGE('',*,*,#2684,.F.);
#3498=ORIENTED_EDGE('',*,*,#2685,.F.);
#3499=ORIENTED_EDGE('',*,*,#2686,.F.);
#3500=ORIENTED_EDGE('',*,*,#2685,.T.);
#3501=ORIENTED_EDGE('',*,*,#2687,.F.);
#3502=ORIENTED_EDGE('',*,*,#2665,.F.);
#3503=ORIENTED_EDGE('',*,*,#2688,.F.);
#3504=ORIENTED_EDGE('',*,*,#2689,.F.);
#3505=ORIENTED_EDGE('',*,*,#2690,.F.);
#3506=ORIENTED_EDGE('',*,*,#2691,.F.);
#3507=ORIENTED_EDGE('',*,*,#2681,.T.);
#3508=ORIENTED_EDGE('',*,*,#2692,.T.);
#3509=ORIENTED_EDGE('',*,*,#2693,.F.);
#3510=ORIENTED_EDGE('',*,*,#2694,.F.);
#3511=ORIENTED_EDGE('',*,*,#2676,.F.);
#3512=ORIENTED_EDGE('',*,*,#2695,.T.);
#3513=ORIENTED_EDGE('',*,*,#2648,.T.);
#3514=ORIENTED_EDGE('',*,*,#2652,.T.);
#3515=ORIENTED_EDGE('',*,*,#2588,.T.);
#3516=ORIENTED_EDGE('',*,*,#2696,.T.);
#3517=ORIENTED_EDGE('',*,*,#2697,.T.);
#3518=ORIENTED_EDGE('',*,*,#2698,.T.);
#3519=ORIENTED_EDGE('',*,*,#2699,.T.);
#3520=ORIENTED_EDGE('',*,*,#2614,.T.);
#3521=ORIENTED_EDGE('',*,*,#2700,.T.);
#3522=ORIENTED_EDGE('',*,*,#2701,.T.);
#3523=ORIENTED_EDGE('',*,*,#2702,.T.);
#3524=ORIENTED_EDGE('',*,*,#2703,.T.);
#3525=ORIENTED_EDGE('',*,*,#2704,.T.);
#3526=ORIENTED_EDGE('',*,*,#2622,.T.);
#3527=ORIENTED_EDGE('',*,*,#2651,.T.);
#3528=ORIENTED_EDGE('',*,*,#2663,.T.);
#3529=ORIENTED_EDGE('',*,*,#2705,.T.);
#3530=ORIENTED_EDGE('',*,*,#2706,.T.);
#3531=ORIENTED_EDGE('',*,*,#2707,.T.);
#3532=ORIENTED_EDGE('',*,*,#2659,.T.);
#3533=ORIENTED_EDGE('',*,*,#2674,.T.);
#3534=ORIENTED_EDGE('',*,*,#2708,.T.);
#3535=ORIENTED_EDGE('',*,*,#2709,.T.);
#3536=ORIENTED_EDGE('',*,*,#2710,.T.);
#3537=ORIENTED_EDGE('',*,*,#2670,.T.);
#3538=ORIENTED_EDGE('',*,*,#2711,.T.);
#3539=ORIENTED_EDGE('',*,*,#2666,.T.);
#3540=ORIENTED_EDGE('',*,*,#2687,.T.);
#3541=ORIENTED_EDGE('',*,*,#2684,.T.);
#3542=ORIENTED_EDGE('',*,*,#2712,.T.);
#3543=ORIENTED_EDGE('',*,*,#2713,.T.);
#3544=ORIENTED_EDGE('',*,*,#2714,.T.);
#3545=ORIENTED_EDGE('',*,*,#2714,.F.);
#3546=ORIENTED_EDGE('',*,*,#2715,.T.);
#3547=ORIENTED_EDGE('',*,*,#2655,.T.);
#3548=ORIENTED_EDGE('',*,*,#2716,.T.);
#3549=ORIENTED_EDGE('',*,*,#2677,.T.);
#3550=ORIENTED_EDGE('',*,*,#2694,.T.);
#3551=ORIENTED_EDGE('',*,*,#2717,.T.);
#3552=ORIENTED_EDGE('',*,*,#2642,.T.);
#3553=ORIENTED_EDGE('',*,*,#2607,.T.);
#3554=ORIENTED_EDGE('',*,*,#2718,.T.);
#3555=ORIENTED_EDGE('',*,*,#2719,.T.);
#3556=ORIENTED_EDGE('',*,*,#2720,.T.);
#3557=ORIENTED_EDGE('',*,*,#2721,.T.);
#3558=ORIENTED_EDGE('',*,*,#2722,.T.);
#3559=ORIENTED_EDGE('',*,*,#2723,.T.);
#3560=ORIENTED_EDGE('',*,*,#2724,.T.);
#3561=ORIENTED_EDGE('',*,*,#2725,.T.);
#3562=ORIENTED_EDGE('',*,*,#2726,.T.);
#3563=ORIENTED_EDGE('',*,*,#2633,.T.);
#3564=ORIENTED_EDGE('',*,*,#2635,.T.);
#3565=ORIENTED_EDGE('',*,*,#2624,.T.);
#3566=ORIENTED_EDGE('',*,*,#2628,.T.);
#3567=ORIENTED_EDGE('',*,*,#2727,.T.);
#3568=ORIENTED_EDGE('',*,*,#2728,.T.);
#3569=ORIENTED_EDGE('',*,*,#2689,.T.);
#3570=ORIENTED_EDGE('',*,*,#2680,.T.);
#3571=ORIENTED_EDGE('',*,*,#2729,.T.);
#3572=ORIENTED_EDGE('',*,*,#2730,.T.);
#3573=ORIENTED_EDGE('',*,*,#2731,.T.);
#3574=ORIENTED_EDGE('',*,*,#2732,.T.);
#3575=ORIENTED_EDGE('',*,*,#2733,.T.);
#3576=ORIENTED_EDGE('',*,*,#2734,.T.);
#3577=ORIENTED_EDGE('',*,*,#2735,.T.);
#3578=ORIENTED_EDGE('',*,*,#2736,.T.);
#3579=ORIENTED_EDGE('',*,*,#2737,.T.);
#3580=ORIENTED_EDGE('',*,*,#2738,.T.);
#3581=ORIENTED_EDGE('',*,*,#2739,.T.);
#3582=ORIENTED_EDGE('',*,*,#2740,.T.);
#3583=ORIENTED_EDGE('',*,*,#2741,.T.);
#3584=ORIENTED_EDGE('',*,*,#2742,.T.);
#3585=ORIENTED_EDGE('',*,*,#2743,.T.);
#3586=ORIENTED_EDGE('',*,*,#2744,.T.);
#3587=ORIENTED_EDGE('',*,*,#2745,.T.);
#3588=ORIENTED_EDGE('',*,*,#2746,.T.);
#3589=ORIENTED_EDGE('',*,*,#2747,.T.);
#3590=ORIENTED_EDGE('',*,*,#2748,.T.);
#3591=ORIENTED_EDGE('',*,*,#2749,.T.);
#3592=ORIENTED_EDGE('',*,*,#2750,.T.);
#3593=ORIENTED_EDGE('',*,*,#2751,.T.);
#3594=ORIENTED_EDGE('',*,*,#2752,.T.);
#3595=ORIENTED_EDGE('',*,*,#2753,.T.);
#3596=ORIENTED_EDGE('',*,*,#2754,.T.);
#3597=ORIENTED_EDGE('',*,*,#2755,.T.);
#3598=ORIENTED_EDGE('',*,*,#2756,.T.);
#3599=ORIENTED_EDGE('',*,*,#2757,.T.);
#3600=ORIENTED_EDGE('',*,*,#2758,.T.);
#3601=ORIENTED_EDGE('',*,*,#2759,.T.);
#3602=ORIENTED_EDGE('',*,*,#2760,.T.);
#3603=ORIENTED_EDGE('',*,*,#2761,.T.);
#3604=ORIENTED_EDGE('',*,*,#2762,.T.);
#3605=ORIENTED_EDGE('',*,*,#2683,.T.);
#3606=ORIENTED_EDGE('',*,*,#2763,.F.);
#3607=ORIENTED_EDGE('',*,*,#2764,.T.);
#3608=ORIENTED_EDGE('',*,*,#2712,.F.);
#3609=ORIENTED_EDGE('',*,*,#2765,.F.);
#3610=ORIENTED_EDGE('',*,*,#2761,.F.);
#3611=ORIENTED_EDGE('',*,*,#2766,.F.);
#3612=ORIENTED_EDGE('',*,*,#2767,.F.);
#3613=ORIENTED_EDGE('',*,*,#2768,.T.);
#3614=ORIENTED_EDGE('',*,*,#2762,.F.);
#3615=ORIENTED_EDGE('',*,*,#2765,.T.);
#3616=ORIENTED_EDGE('',*,*,#2769,.F.);
#3617=ORIENTED_EDGE('',*,*,#2770,.T.);
#3618=ORIENTED_EDGE('',*,*,#2759,.F.);
#3619=ORIENTED_EDGE('',*,*,#2768,.F.);
#3620=ORIENTED_EDGE('',*,*,#2771,.F.);
#3621=ORIENTED_EDGE('',*,*,#2772,.F.);
#3622=ORIENTED_EDGE('',*,*,#2660,.F.);
#3623=ORIENTED_EDGE('',*,*,#2707,.F.);
#3624=ORIENTED_EDGE('',*,*,#2773,.F.);
#3625=ORIENTED_EDGE('',*,*,#2774,.F.);
#3626=ORIENTED_EDGE('',*,*,#2773,.T.);
#3627=ORIENTED_EDGE('',*,*,#2706,.F.);
#3628=ORIENTED_EDGE('',*,*,#2775,.F.);
#3629=ORIENTED_EDGE('',*,*,#2776,.F.);
#3630=ORIENTED_EDGE('',*,*,#2775,.T.);
#3631=ORIENTED_EDGE('',*,*,#2705,.F.);
#3632=ORIENTED_EDGE('',*,*,#2662,.F.);
#3633=ORIENTED_EDGE('',*,*,#2766,.T.);
#3634=ORIENTED_EDGE('',*,*,#2760,.F.);
#3635=ORIENTED_EDGE('',*,*,#2770,.F.);
#3636=ORIENTED_EDGE('',*,*,#2777,.F.);
#3637=ORIENTED_EDGE('',*,*,#2778,.T.);
#3638=ORIENTED_EDGE('',*,*,#2643,.T.);
#3639=ORIENTED_EDGE('',*,*,#2717,.F.);
#3640=ORIENTED_EDGE('',*,*,#2693,.T.);
#3641=ORIENTED_EDGE('',*,*,#2690,.T.);
#3642=ORIENTED_EDGE('',*,*,#2728,.F.);
#3643=ORIENTED_EDGE('',*,*,#2779,.T.);
#3644=ORIENTED_EDGE('',*,*,#2780,.F.);
#3645=ORIENTED_EDGE('',*,*,#2716,.F.);
#3646=ORIENTED_EDGE('',*,*,#2654,.F.);
#3647=ORIENTED_EDGE('',*,*,#2781,.T.);
#3648=ORIENTED_EDGE('',*,*,#2678,.T.);
#3649=ORIENTED_EDGE('',*,*,#2779,.F.);
#3650=ORIENTED_EDGE('',*,*,#2727,.F.);
#3651=ORIENTED_EDGE('',*,*,#2679,.F.);
#3652=ORIENTED_EDGE('',*,*,#2782,.F.);
#3653=ORIENTED_EDGE('',*,*,#2763,.T.);
#3654=ORIENTED_EDGE('',*,*,#2686,.T.);
#3655=ORIENTED_EDGE('',*,*,#2688,.T.);
#3656=ORIENTED_EDGE('',*,*,#2664,.F.);
#3657=ORIENTED_EDGE('',*,*,#2783,.F.);
#3658=ORIENTED_EDGE('',*,*,#2668,.F.);
#3659=ORIENTED_EDGE('',*,*,#2784,.T.);
#3660=ORIENTED_EDGE('',*,*,#2785,.T.);
#3661=ORIENTED_EDGE('',*,*,#2786,.T.);
#3662=ORIENTED_EDGE('',*,*,#2672,.F.);
#3663=ORIENTED_EDGE('',*,*,#2657,.F.);
#3664=ORIENTED_EDGE('',*,*,#2772,.T.);
#3665=ORIENTED_EDGE('',*,*,#2774,.T.);
#3666=ORIENTED_EDGE('',*,*,#2776,.T.);
#3667=ORIENTED_EDGE('',*,*,#2661,.F.);
#3668=ORIENTED_EDGE('',*,*,#2649,.F.);
#3669=ORIENTED_EDGE('',*,*,#2646,.F.);
#3670=ORIENTED_EDGE('',*,*,#2644,.F.);
#3671=ORIENTED_EDGE('',*,*,#2778,.F.);
#3672=ORIENTED_EDGE('',*,*,#2692,.F.);
#3673=ORIENTED_EDGE('',*,*,#2675,.F.);
#3674=ORIENTED_EDGE('',*,*,#2781,.F.);
#3675=ORIENTED_EDGE('',*,*,#2653,.F.);
#3676=ORIENTED_EDGE('',*,*,#2787,.F.);
#3677=ORIENTED_EDGE('',*,*,#2788,.F.);
#3678=ORIENTED_EDGE('',*,*,#2789,.F.);
#3679=ORIENTED_EDGE('',*,*,#2790,.F.);
#3680=ORIENTED_EDGE('',*,*,#2791,.F.);
#3681=ORIENTED_EDGE('',*,*,#2792,.F.);
#3682=ORIENTED_EDGE('',*,*,#2793,.F.);
#3683=ORIENTED_EDGE('',*,*,#2794,.F.);
#3684=ORIENTED_EDGE('',*,*,#2795,.F.);
#3685=ORIENTED_EDGE('',*,*,#2796,.F.);
#3686=ORIENTED_EDGE('',*,*,#2797,.F.);
#3687=ORIENTED_EDGE('',*,*,#2798,.F.);
#3688=ORIENTED_EDGE('',*,*,#2799,.F.);
#3689=ORIENTED_EDGE('',*,*,#2800,.F.);
#3690=ORIENTED_EDGE('',*,*,#2801,.F.);
#3691=ORIENTED_EDGE('',*,*,#2802,.F.);
#3692=ORIENTED_EDGE('',*,*,#2803,.F.);
#3693=ORIENTED_EDGE('',*,*,#2804,.F.);
#3694=ORIENTED_EDGE('',*,*,#2805,.F.);
#3695=ORIENTED_EDGE('',*,*,#2806,.F.);
#3696=ORIENTED_EDGE('',*,*,#2807,.F.);
#3697=ORIENTED_EDGE('',*,*,#2808,.F.);
#3698=ORIENTED_EDGE('',*,*,#2809,.F.);
#3699=ORIENTED_EDGE('',*,*,#2810,.F.);
#3700=ORIENTED_EDGE('',*,*,#2811,.F.);
#3701=ORIENTED_EDGE('',*,*,#2812,.F.);
#3702=ORIENTED_EDGE('',*,*,#2813,.F.);
#3703=ORIENTED_EDGE('',*,*,#2814,.F.);
#3704=ORIENTED_EDGE('',*,*,#2815,.F.);
#3705=ORIENTED_EDGE('',*,*,#2816,.F.);
#3706=ORIENTED_EDGE('',*,*,#2817,.F.);
#3707=ORIENTED_EDGE('',*,*,#2818,.F.);
#3708=ORIENTED_EDGE('',*,*,#2819,.F.);
#3709=ORIENTED_EDGE('',*,*,#2820,.F.);
#3710=ORIENTED_EDGE('',*,*,#2821,.F.);
#3711=ORIENTED_EDGE('',*,*,#2822,.F.);
#3712=ORIENTED_EDGE('',*,*,#2823,.F.);
#3713=ORIENTED_EDGE('',*,*,#2824,.F.);
#3714=ORIENTED_EDGE('',*,*,#2825,.F.);
#3715=ORIENTED_EDGE('',*,*,#2826,.F.);
#3716=ORIENTED_EDGE('',*,*,#2827,.F.);
#3717=ORIENTED_EDGE('',*,*,#2828,.F.);
#3718=ORIENTED_EDGE('',*,*,#2829,.F.);
#3719=ORIENTED_EDGE('',*,*,#2830,.F.);
#3720=ORIENTED_EDGE('',*,*,#2831,.F.);
#3721=ORIENTED_EDGE('',*,*,#2832,.F.);
#3722=ORIENTED_EDGE('',*,*,#2833,.F.);
#3723=ORIENTED_EDGE('',*,*,#2834,.F.);
#3724=ORIENTED_EDGE('',*,*,#2835,.F.);
#3725=ORIENTED_EDGE('',*,*,#2769,.T.);
#3726=ORIENTED_EDGE('',*,*,#2767,.T.);
#3727=ORIENTED_EDGE('',*,*,#2777,.T.);
#3728=ORIENTED_EDGE('',*,*,#2771,.T.);
#3729=ORIENTED_EDGE('',*,*,#2780,.T.);
#3730=ORIENTED_EDGE('',*,*,#2782,.T.);
#3731=ORIENTED_EDGE('',*,*,#2682,.T.);
#3732=ORIENTED_EDGE('',*,*,#2691,.T.);
#3733=ORIENTED_EDGE('',*,*,#2788,.T.);
#3734=ORIENTED_EDGE('',*,*,#2836,.T.);
#3735=ORIENTED_EDGE('',*,*,#2719,.F.);
#3736=ORIENTED_EDGE('',*,*,#2837,.F.);
#3737=ORIENTED_EDGE('',*,*,#2789,.T.);
#3738=ORIENTED_EDGE('',*,*,#2837,.T.);
#3739=ORIENTED_EDGE('',*,*,#2718,.F.);
#3740=ORIENTED_EDGE('',*,*,#2838,.F.);
#3741=ORIENTED_EDGE('',*,*,#2790,.T.);
#3742=ORIENTED_EDGE('',*,*,#2838,.T.);
#3743=ORIENTED_EDGE('',*,*,#2722,.F.);
#3744=ORIENTED_EDGE('',*,*,#2839,.F.);
#3745=ORIENTED_EDGE('',*,*,#2791,.T.);
#3746=ORIENTED_EDGE('',*,*,#2839,.T.);
#3747=ORIENTED_EDGE('',*,*,#2721,.F.);
#3748=ORIENTED_EDGE('',*,*,#2840,.F.);
#3749=ORIENTED_EDGE('',*,*,#2792,.T.);
#3750=ORIENTED_EDGE('',*,*,#2840,.T.);
#3751=ORIENTED_EDGE('',*,*,#2720,.F.);
#3752=ORIENTED_EDGE('',*,*,#2836,.F.);
#3753=ORIENTED_EDGE('',*,*,#2793,.T.);
#3754=ORIENTED_EDGE('',*,*,#2841,.T.);
#3755=ORIENTED_EDGE('',*,*,#2733,.F.);
#3756=ORIENTED_EDGE('',*,*,#2842,.F.);
#3757=ORIENTED_EDGE('',*,*,#2794,.T.);
#3758=ORIENTED_EDGE('',*,*,#2842,.T.);
#3759=ORIENTED_EDGE('',*,*,#2732,.F.);
#3760=ORIENTED_EDGE('',*,*,#2843,.F.);
#3761=ORIENTED_EDGE('',*,*,#2795,.T.);
#3762=ORIENTED_EDGE('',*,*,#2843,.T.);
#3763=ORIENTED_EDGE('',*,*,#2731,.F.);
#3764=ORIENTED_EDGE('',*,*,#2844,.F.);
#3765=ORIENTED_EDGE('',*,*,#2796,.T.);
#3766=ORIENTED_EDGE('',*,*,#2844,.T.);
#3767=ORIENTED_EDGE('',*,*,#2730,.F.);
#3768=ORIENTED_EDGE('',*,*,#2845,.F.);
#3769=ORIENTED_EDGE('',*,*,#2797,.T.);
#3770=ORIENTED_EDGE('',*,*,#2845,.T.);
#3771=ORIENTED_EDGE('',*,*,#2729,.F.);
#3772=ORIENTED_EDGE('',*,*,#2841,.F.);
#3773=ORIENTED_EDGE('',*,*,#2798,.T.);
#3774=ORIENTED_EDGE('',*,*,#2846,.T.);
#3775=ORIENTED_EDGE('',*,*,#2737,.F.);
#3776=ORIENTED_EDGE('',*,*,#2847,.F.);
#3777=ORIENTED_EDGE('',*,*,#2799,.T.);
#3778=ORIENTED_EDGE('',*,*,#2847,.T.);
#3779=ORIENTED_EDGE('',*,*,#2736,.F.);
#3780=ORIENTED_EDGE('',*,*,#2848,.F.);
#3781=ORIENTED_EDGE('',*,*,#2800,.T.);
#3782=ORIENTED_EDGE('',*,*,#2848,.T.);
#3783=ORIENTED_EDGE('',*,*,#2735,.F.);
#3784=ORIENTED_EDGE('',*,*,#2849,.F.);
#3785=ORIENTED_EDGE('',*,*,#2801,.T.);
#3786=ORIENTED_EDGE('',*,*,#2849,.T.);
#3787=ORIENTED_EDGE('',*,*,#2734,.F.);
#3788=ORIENTED_EDGE('',*,*,#2846,.F.);
#3789=ORIENTED_EDGE('',*,*,#2802,.T.);
#3790=ORIENTED_EDGE('',*,*,#2850,.T.);
#3791=ORIENTED_EDGE('',*,*,#2741,.F.);
#3792=ORIENTED_EDGE('',*,*,#2851,.F.);
#3793=ORIENTED_EDGE('',*,*,#2803,.T.);
#3794=ORIENTED_EDGE('',*,*,#2851,.T.);
#3795=ORIENTED_EDGE('',*,*,#2740,.F.);
#3796=ORIENTED_EDGE('',*,*,#2852,.F.);
#3797=ORIENTED_EDGE('',*,*,#2804,.T.);
#3798=ORIENTED_EDGE('',*,*,#2852,.T.);
#3799=ORIENTED_EDGE('',*,*,#2739,.F.);
#3800=ORIENTED_EDGE('',*,*,#2853,.F.);
#3801=ORIENTED_EDGE('',*,*,#2805,.T.);
#3802=ORIENTED_EDGE('',*,*,#2853,.T.);
#3803=ORIENTED_EDGE('',*,*,#2738,.F.);
#3804=ORIENTED_EDGE('',*,*,#2850,.F.);
#3805=ORIENTED_EDGE('',*,*,#2806,.T.);
#3806=ORIENTED_EDGE('',*,*,#2854,.T.);
#3807=ORIENTED_EDGE('',*,*,#2745,.F.);
#3808=ORIENTED_EDGE('',*,*,#2855,.F.);
#3809=ORIENTED_EDGE('',*,*,#2807,.T.);
#3810=ORIENTED_EDGE('',*,*,#2855,.T.);
#3811=ORIENTED_EDGE('',*,*,#2744,.F.);
#3812=ORIENTED_EDGE('',*,*,#2856,.F.);
#3813=ORIENTED_EDGE('',*,*,#2808,.T.);
#3814=ORIENTED_EDGE('',*,*,#2856,.T.);
#3815=ORIENTED_EDGE('',*,*,#2743,.F.);
#3816=ORIENTED_EDGE('',*,*,#2857,.F.);
#3817=ORIENTED_EDGE('',*,*,#2636,.T.);
#3818=ORIENTED_EDGE('',*,*,#2809,.T.);
#3819=ORIENTED_EDGE('',*,*,#2857,.T.);
#3820=ORIENTED_EDGE('',*,*,#2742,.F.);
#3821=ORIENTED_EDGE('',*,*,#2854,.F.);
#3822=ORIENTED_EDGE('',*,*,#2810,.T.);
#3823=ORIENTED_EDGE('',*,*,#2858,.T.);
#3824=ORIENTED_EDGE('',*,*,#2725,.F.);
#3825=ORIENTED_EDGE('',*,*,#2859,.F.);
#3826=ORIENTED_EDGE('',*,*,#2811,.T.);
#3827=ORIENTED_EDGE('',*,*,#2859,.T.);
#3828=ORIENTED_EDGE('',*,*,#2724,.F.);
#3829=ORIENTED_EDGE('',*,*,#2860,.F.);
#3830=ORIENTED_EDGE('',*,*,#2812,.T.);
#3831=ORIENTED_EDGE('',*,*,#2860,.T.);
#3832=ORIENTED_EDGE('',*,*,#2582,.F.);
#3833=ORIENTED_EDGE('',*,*,#2576,.T.);
#3834=ORIENTED_EDGE('',*,*,#2592,.F.);
#3835=ORIENTED_EDGE('',*,*,#2723,.F.);
#3836=ORIENTED_EDGE('',*,*,#2609,.T.);
#3837=ORIENTED_EDGE('',*,*,#2597,.T.);
#3838=ORIENTED_EDGE('',*,*,#2585,.F.);
#3839=ORIENTED_EDGE('',*,*,#2580,.T.);
#3840=ORIENTED_EDGE('',*,*,#2695,.F.);
#3841=ORIENTED_EDGE('',*,*,#2861,.F.);
#3842=ORIENTED_EDGE('',*,*,#2813,.T.);
#3843=ORIENTED_EDGE('',*,*,#2861,.T.);
#3844=ORIENTED_EDGE('',*,*,#2726,.F.);
#3845=ORIENTED_EDGE('',*,*,#2858,.F.);
#3846=ORIENTED_EDGE('',*,*,#2814,.T.);
#3847=ORIENTED_EDGE('',*,*,#2862,.T.);
#3848=ORIENTED_EDGE('',*,*,#2700,.F.);
#3849=ORIENTED_EDGE('',*,*,#2863,.F.);
#3850=ORIENTED_EDGE('',*,*,#2815,.T.);
#3851=ORIENTED_EDGE('',*,*,#2863,.T.);
#3852=ORIENTED_EDGE('',*,*,#2704,.F.);
#3853=ORIENTED_EDGE('',*,*,#2864,.F.);
#3854=ORIENTED_EDGE('',*,*,#2816,.T.);
#3855=ORIENTED_EDGE('',*,*,#2864,.T.);
#3856=ORIENTED_EDGE('',*,*,#2703,.F.);
#3857=ORIENTED_EDGE('',*,*,#2865,.F.);
#3858=ORIENTED_EDGE('',*,*,#2817,.T.);
#3859=ORIENTED_EDGE('',*,*,#2865,.T.);
#3860=ORIENTED_EDGE('',*,*,#2702,.F.);
#3861=ORIENTED_EDGE('',*,*,#2866,.F.);
#3862=ORIENTED_EDGE('',*,*,#2818,.T.);
#3863=ORIENTED_EDGE('',*,*,#2866,.T.);
#3864=ORIENTED_EDGE('',*,*,#2701,.F.);
#3865=ORIENTED_EDGE('',*,*,#2862,.F.);
#3866=ORIENTED_EDGE('',*,*,#2819,.T.);
#3867=ORIENTED_EDGE('',*,*,#2867,.T.);
#3868=ORIENTED_EDGE('',*,*,#2750,.F.);
#3869=ORIENTED_EDGE('',*,*,#2868,.F.);
#3870=ORIENTED_EDGE('',*,*,#2820,.T.);
#3871=ORIENTED_EDGE('',*,*,#2868,.T.);
#3872=ORIENTED_EDGE('',*,*,#2749,.F.);
#3873=ORIENTED_EDGE('',*,*,#2869,.F.);
#3874=ORIENTED_EDGE('',*,*,#2821,.T.);
#3875=ORIENTED_EDGE('',*,*,#2869,.T.);
#3876=ORIENTED_EDGE('',*,*,#2748,.F.);
#3877=ORIENTED_EDGE('',*,*,#2870,.F.);
#3878=ORIENTED_EDGE('',*,*,#2822,.T.);
#3879=ORIENTED_EDGE('',*,*,#2870,.T.);
#3880=ORIENTED_EDGE('',*,*,#2747,.F.);
#3881=ORIENTED_EDGE('',*,*,#2871,.F.);
#3882=ORIENTED_EDGE('',*,*,#2823,.T.);
#3883=ORIENTED_EDGE('',*,*,#2871,.T.);
#3884=ORIENTED_EDGE('',*,*,#2746,.F.);
#3885=ORIENTED_EDGE('',*,*,#2867,.F.);
#3886=ORIENTED_EDGE('',*,*,#2824,.T.);
#3887=ORIENTED_EDGE('',*,*,#2872,.T.);
#3888=ORIENTED_EDGE('',*,*,#2754,.F.);
#3889=ORIENTED_EDGE('',*,*,#2873,.F.);
#3890=ORIENTED_EDGE('',*,*,#2825,.T.);
#3891=ORIENTED_EDGE('',*,*,#2873,.T.);
#3892=ORIENTED_EDGE('',*,*,#2753,.F.);
#3893=ORIENTED_EDGE('',*,*,#2874,.F.);
#3894=ORIENTED_EDGE('',*,*,#2826,.T.);
#3895=ORIENTED_EDGE('',*,*,#2874,.T.);
#3896=ORIENTED_EDGE('',*,*,#2752,.F.);
#3897=ORIENTED_EDGE('',*,*,#2875,.F.);
#3898=ORIENTED_EDGE('',*,*,#2827,.T.);
#3899=ORIENTED_EDGE('',*,*,#2875,.T.);
#3900=ORIENTED_EDGE('',*,*,#2751,.F.);
#3901=ORIENTED_EDGE('',*,*,#2872,.F.);
#3902=ORIENTED_EDGE('',*,*,#2828,.T.);
#3903=ORIENTED_EDGE('',*,*,#2876,.T.);
#3904=ORIENTED_EDGE('',*,*,#2758,.F.);
#3905=ORIENTED_EDGE('',*,*,#2877,.F.);
#3906=ORIENTED_EDGE('',*,*,#2829,.T.);
#3907=ORIENTED_EDGE('',*,*,#2877,.T.);
#3908=ORIENTED_EDGE('',*,*,#2757,.F.);
#3909=ORIENTED_EDGE('',*,*,#2878,.F.);
#3910=ORIENTED_EDGE('',*,*,#2641,.T.);
#3911=ORIENTED_EDGE('',*,*,#2830,.T.);
#3912=ORIENTED_EDGE('',*,*,#2878,.T.);
#3913=ORIENTED_EDGE('',*,*,#2756,.F.);
#3914=ORIENTED_EDGE('',*,*,#2879,.F.);
#3915=ORIENTED_EDGE('',*,*,#2831,.T.);
#3916=ORIENTED_EDGE('',*,*,#2879,.T.);
#3917=ORIENTED_EDGE('',*,*,#2755,.F.);
#3918=ORIENTED_EDGE('',*,*,#2876,.F.);
#3919=ORIENTED_EDGE('',*,*,#2832,.T.);
#3920=ORIENTED_EDGE('',*,*,#2880,.T.);
#3921=ORIENTED_EDGE('',*,*,#2696,.F.);
#3922=ORIENTED_EDGE('',*,*,#2881,.F.);
#3923=ORIENTED_EDGE('',*,*,#2833,.T.);
#3924=ORIENTED_EDGE('',*,*,#2881,.T.);
#3925=ORIENTED_EDGE('',*,*,#2699,.F.);
#3926=ORIENTED_EDGE('',*,*,#2882,.F.);
#3927=ORIENTED_EDGE('',*,*,#2834,.T.);
#3928=ORIENTED_EDGE('',*,*,#2882,.T.);
#3929=ORIENTED_EDGE('',*,*,#2698,.F.);
#3930=ORIENTED_EDGE('',*,*,#2883,.F.);
#3931=ORIENTED_EDGE('',*,*,#2835,.T.);
#3932=ORIENTED_EDGE('',*,*,#2883,.T.);
#3933=ORIENTED_EDGE('',*,*,#2697,.F.);
#3934=ORIENTED_EDGE('',*,*,#2880,.F.);
#3935=ORIENTED_EDGE('',*,*,#2784,.F.);
#3936=ORIENTED_EDGE('',*,*,#2671,.T.);
#3937=ORIENTED_EDGE('',*,*,#2710,.F.);
#3938=ORIENTED_EDGE('',*,*,#2884,.F.);
#3939=ORIENTED_EDGE('',*,*,#2785,.F.);
#3940=ORIENTED_EDGE('',*,*,#2884,.T.);
#3941=ORIENTED_EDGE('',*,*,#2709,.F.);
#3942=ORIENTED_EDGE('',*,*,#2885,.F.);
#3943=ORIENTED_EDGE('',*,*,#2786,.F.);
#3944=ORIENTED_EDGE('',*,*,#2885,.T.);
#3945=ORIENTED_EDGE('',*,*,#2708,.F.);
#3946=ORIENTED_EDGE('',*,*,#2673,.F.);
#3947=ORIENTED_EDGE('',*,*,#2787,.T.);
#3948=ORIENTED_EDGE('',*,*,#2656,.T.);
#3949=ORIENTED_EDGE('',*,*,#2715,.F.);
#3950=ORIENTED_EDGE('',*,*,#2713,.F.);
#3951=ORIENTED_EDGE('',*,*,#2764,.F.);
#3952=ORIENTED_EDGE('',*,*,#2639,.T.);
#3953=ORIENTED_EDGE('',*,*,#2783,.T.);
#3954=ORIENTED_EDGE('',*,*,#2667,.T.);
#3955=ORIENTED_EDGE('',*,*,#2711,.F.);
#3956=ORIENTED_EDGE('',*,*,#2669,.F.);
#3957=ORIENTED_EDGE('',*,*,#2886,.T.);
#3958=ORIENTED_EDGE('',*,*,#2887,.T.);
#3959=ORIENTED_EDGE('',*,*,#2888,.T.);
#3960=ORIENTED_EDGE('',*,*,#2889,.T.);
#3961=ORIENTED_EDGE('',*,*,#2890,.T.);
#3962=ORIENTED_EDGE('',*,*,#2891,.T.);
#3963=ORIENTED_EDGE('',*,*,#2892,.F.);
#3964=ORIENTED_EDGE('',*,*,#2893,.F.);
#3965=ORIENTED_EDGE('',*,*,#2890,.F.);
#3966=ORIENTED_EDGE('',*,*,#2894,.T.);
#3967=ORIENTED_EDGE('',*,*,#2886,.F.);
#3968=ORIENTED_EDGE('',*,*,#2895,.F.);
#3969=ORIENTED_EDGE('',*,*,#2893,.T.);
#3970=ORIENTED_EDGE('',*,*,#2896,.T.);
#3971=ORIENTED_EDGE('',*,*,#2887,.F.);
#3972=ORIENTED_EDGE('',*,*,#2894,.F.);
#3973=ORIENTED_EDGE('',*,*,#2892,.T.);
#3974=ORIENTED_EDGE('',*,*,#2897,.T.);
#3975=ORIENTED_EDGE('',*,*,#2888,.F.);
#3976=ORIENTED_EDGE('',*,*,#2896,.F.);
#3977=ORIENTED_EDGE('',*,*,#2891,.F.);
#3978=ORIENTED_EDGE('',*,*,#2895,.T.);
#3979=ORIENTED_EDGE('',*,*,#2889,.F.);
#3980=ORIENTED_EDGE('',*,*,#2897,.F.);
#3981=ORIENTED_EDGE('',*,*,#2898,.F.);
#3982=ORIENTED_EDGE('',*,*,#2899,.T.);
#3983=ORIENTED_EDGE('',*,*,#2900,.T.);
#3984=ORIENTED_EDGE('',*,*,#2899,.F.);
#3985=ORIENTED_EDGE('',*,*,#2898,.T.);
#3986=ORIENTED_EDGE('',*,*,#2900,.F.);
#3987=ORIENTED_EDGE('',*,*,#2901,.T.);
#3988=ORIENTED_EDGE('',*,*,#2902,.T.);
#3989=ORIENTED_EDGE('',*,*,#2903,.T.);
#3990=ORIENTED_EDGE('',*,*,#2904,.T.);
#3991=ORIENTED_EDGE('',*,*,#2903,.F.);
#3992=ORIENTED_EDGE('',*,*,#2905,.T.);
#3993=ORIENTED_EDGE('',*,*,#2906,.F.);
#3994=ORIENTED_EDGE('',*,*,#2907,.T.);
#3995=ORIENTED_EDGE('',*,*,#2908,.F.);
#3996=ORIENTED_EDGE('',*,*,#2909,.T.);
#3997=ORIENTED_EDGE('',*,*,#2910,.F.);
#3998=ORIENTED_EDGE('',*,*,#2911,.T.);
#3999=ORIENTED_EDGE('',*,*,#2912,.F.);
#4000=ORIENTED_EDGE('',*,*,#2902,.F.);
#4001=ORIENTED_EDGE('',*,*,#2913,.F.);
#4002=ORIENTED_EDGE('',*,*,#2914,.F.);
#4003=ORIENTED_EDGE('',*,*,#2905,.F.);
#4004=ORIENTED_EDGE('',*,*,#2915,.T.);
#4005=ORIENTED_EDGE('',*,*,#2916,.T.);
#4006=ORIENTED_EDGE('',*,*,#2906,.T.);
#4007=ORIENTED_EDGE('',*,*,#2914,.T.);
#4008=ORIENTED_EDGE('',*,*,#2917,.T.);
#4009=ORIENTED_EDGE('',*,*,#2918,.T.);
#4010=ORIENTED_EDGE('',*,*,#2910,.T.);
#4011=ORIENTED_EDGE('',*,*,#2919,.T.);
#4012=ORIENTED_EDGE('',*,*,#2919,.F.);
#4013=ORIENTED_EDGE('',*,*,#2909,.F.);
#4014=ORIENTED_EDGE('',*,*,#2920,.F.);
#4015=ORIENTED_EDGE('',*,*,#2921,.F.);
#4016=ORIENTED_EDGE('',*,*,#2922,.T.);
#4017=ORIENTED_EDGE('',*,*,#2920,.T.);
#4018=ORIENTED_EDGE('',*,*,#2908,.T.);
#4019=ORIENTED_EDGE('',*,*,#2923,.T.);
#4020=ORIENTED_EDGE('',*,*,#2924,.F.);
#4021=ORIENTED_EDGE('',*,*,#2925,.T.);
#4022=ORIENTED_EDGE('',*,*,#2926,.F.);
#4023=ORIENTED_EDGE('',*,*,#2925,.F.);
#4024=ORIENTED_EDGE('',*,*,#2924,.T.);
#4025=ORIENTED_EDGE('',*,*,#2916,.F.);
#4026=ORIENTED_EDGE('',*,*,#2927,.F.);
#4027=ORIENTED_EDGE('',*,*,#2923,.F.);
#4028=ORIENTED_EDGE('',*,*,#2907,.F.);
#4029=ORIENTED_EDGE('',*,*,#2904,.F.);
#4030=ORIENTED_EDGE('',*,*,#2911,.F.);
#4031=ORIENTED_EDGE('',*,*,#2918,.F.);
#4032=ORIENTED_EDGE('',*,*,#2928,.F.);
#4033=ORIENTED_EDGE('',*,*,#2901,.F.);
#4034=ORIENTED_EDGE('',*,*,#2928,.T.);
#4035=ORIENTED_EDGE('',*,*,#2917,.F.);
#4036=ORIENTED_EDGE('',*,*,#2921,.T.);
#4037=ORIENTED_EDGE('',*,*,#2922,.F.);
#4038=ORIENTED_EDGE('',*,*,#2927,.T.);
#4039=ORIENTED_EDGE('',*,*,#2915,.F.);
#4040=ORIENTED_EDGE('',*,*,#2913,.T.);
#4041=ORIENTED_EDGE('',*,*,#2926,.T.);
#4042=ORIENTED_EDGE('',*,*,#2929,.F.);
#4043=ORIENTED_EDGE('',*,*,#2930,.F.);
#4044=ORIENTED_EDGE('',*,*,#2931,.F.);
#4045=ORIENTED_EDGE('',*,*,#2932,.T.);
#4046=ORIENTED_EDGE('',*,*,#2912,.T.);
#4047=ORIENTED_EDGE('',*,*,#2932,.F.);
#4048=ORIENTED_EDGE('',*,*,#2933,.F.);
#4049=ORIENTED_EDGE('',*,*,#2930,.T.);
#4050=ORIENTED_EDGE('',*,*,#2934,.F.);
#4051=ORIENTED_EDGE('',*,*,#2935,.T.);
#4052=ORIENTED_EDGE('',*,*,#2936,.T.);
#4053=ORIENTED_EDGE('',*,*,#2935,.F.);
#4054=ORIENTED_EDGE('',*,*,#2937,.F.);
#4055=ORIENTED_EDGE('',*,*,#2938,.T.);
#4056=ORIENTED_EDGE('',*,*,#2939,.T.);
#4057=ORIENTED_EDGE('',*,*,#2938,.F.);
#4058=ORIENTED_EDGE('',*,*,#2929,.T.);
#4059=ORIENTED_EDGE('',*,*,#2931,.T.);
#4060=ORIENTED_EDGE('',*,*,#2933,.T.);
#4061=ORIENTED_EDGE('',*,*,#2937,.T.);
#4062=ORIENTED_EDGE('',*,*,#2934,.T.);
#4063=ORIENTED_EDGE('',*,*,#2939,.F.);
#4064=ORIENTED_EDGE('',*,*,#2936,.F.);
#4065=ORIENTED_EDGE('',*,*,#2940,.F.);
#4066=ORIENTED_EDGE('',*,*,#2941,.T.);
#4067=ORIENTED_EDGE('',*,*,#2942,.F.);
#4068=ORIENTED_EDGE('',*,*,#2943,.F.);
#4069=ORIENTED_EDGE('',*,*,#2942,.T.);
#4070=ORIENTED_EDGE('',*,*,#2944,.T.);
#4071=ORIENTED_EDGE('',*,*,#2945,.T.);
#4072=ORIENTED_EDGE('',*,*,#2946,.T.);
#4073=ORIENTED_EDGE('',*,*,#2940,.T.);
#4074=ORIENTED_EDGE('',*,*,#2947,.F.);
#4075=ORIENTED_EDGE('',*,*,#2948,.T.);
#4076=ORIENTED_EDGE('',*,*,#2949,.T.);
#4077=ORIENTED_EDGE('',*,*,#2950,.T.);
#4078=ORIENTED_EDGE('',*,*,#2951,.F.);
#4079=ORIENTED_EDGE('',*,*,#2952,.F.);
#4080=ORIENTED_EDGE('',*,*,#2953,.F.);
#4081=ORIENTED_EDGE('',*,*,#2954,.F.);
#4082=ORIENTED_EDGE('',*,*,#2955,.F.);
#4083=ORIENTED_EDGE('',*,*,#2956,.T.);
#4084=ORIENTED_EDGE('',*,*,#2951,.T.);
#4085=ORIENTED_EDGE('',*,*,#2956,.F.);
#4086=ORIENTED_EDGE('',*,*,#2957,.F.);
#4087=ORIENTED_EDGE('',*,*,#2958,.T.);
#4088=ORIENTED_EDGE('',*,*,#2952,.T.);
#4089=ORIENTED_EDGE('',*,*,#2958,.F.);
#4090=ORIENTED_EDGE('',*,*,#2959,.F.);
#4091=ORIENTED_EDGE('',*,*,#2960,.T.);
#4092=ORIENTED_EDGE('',*,*,#2953,.T.);
#4093=ORIENTED_EDGE('',*,*,#2960,.F.);
#4094=ORIENTED_EDGE('',*,*,#2961,.F.);
#4095=ORIENTED_EDGE('',*,*,#2962,.T.);
#4096=ORIENTED_EDGE('',*,*,#2954,.T.);
#4097=ORIENTED_EDGE('',*,*,#2962,.F.);
#4098=ORIENTED_EDGE('',*,*,#2963,.F.);
#4099=ORIENTED_EDGE('',*,*,#2964,.F.);
#4100=ORIENTED_EDGE('',*,*,#2965,.F.);
#4101=ORIENTED_EDGE('',*,*,#2945,.F.);
#4102=ORIENTED_EDGE('',*,*,#2947,.T.);
#4103=ORIENTED_EDGE('',*,*,#2943,.T.);
#4104=ORIENTED_EDGE('',*,*,#2946,.F.);
#4105=ORIENTED_EDGE('',*,*,#2965,.T.);
#4106=ORIENTED_EDGE('',*,*,#2966,.F.);
#4107=ORIENTED_EDGE('',*,*,#2967,.F.);
#4108=ORIENTED_EDGE('',*,*,#2950,.F.);
#4109=ORIENTED_EDGE('',*,*,#2968,.T.);
#4110=ORIENTED_EDGE('',*,*,#2969,.F.);
#4111=ORIENTED_EDGE('',*,*,#2963,.T.);
#4112=ORIENTED_EDGE('',*,*,#2944,.F.);
#4113=ORIENTED_EDGE('',*,*,#2941,.F.);
#4114=ORIENTED_EDGE('',*,*,#2969,.T.);
#4115=ORIENTED_EDGE('',*,*,#2970,.T.);
#4116=ORIENTED_EDGE('',*,*,#2966,.T.);
#4117=ORIENTED_EDGE('',*,*,#2964,.T.);
#4118=ORIENTED_EDGE('',*,*,#2961,.T.);
#4119=ORIENTED_EDGE('',*,*,#2959,.T.);
#4120=ORIENTED_EDGE('',*,*,#2957,.T.);
#4121=ORIENTED_EDGE('',*,*,#2955,.T.);
#4122=ORIENTED_EDGE('',*,*,#2971,.T.);
#4123=ORIENTED_EDGE('',*,*,#2948,.F.);
#4124=ORIENTED_EDGE('',*,*,#2967,.T.);
#4125=ORIENTED_EDGE('',*,*,#2970,.F.);
#4126=ORIENTED_EDGE('',*,*,#2968,.F.);
#4127=ORIENTED_EDGE('',*,*,#2949,.F.);
#4128=ORIENTED_EDGE('',*,*,#2972,.T.);
#4129=ORIENTED_EDGE('',*,*,#2971,.F.);
#4130=ORIENTED_EDGE('',*,*,#2972,.F.);
#4131=ORIENTED_EDGE('',*,*,#2973,.F.);
#4132=ORIENTED_EDGE('',*,*,#2974,.T.);
#4133=ORIENTED_EDGE('',*,*,#2975,.F.);
#4134=ORIENTED_EDGE('',*,*,#2976,.F.);
#4135=ORIENTED_EDGE('',*,*,#2975,.T.);
#4136=ORIENTED_EDGE('',*,*,#2977,.T.);
#4137=ORIENTED_EDGE('',*,*,#2978,.T.);
#4138=ORIENTED_EDGE('',*,*,#2979,.T.);
#4139=ORIENTED_EDGE('',*,*,#2980,.F.);
#4140=ORIENTED_EDGE('',*,*,#2981,.F.);
#4141=ORIENTED_EDGE('',*,*,#2982,.T.);
#4142=ORIENTED_EDGE('',*,*,#2983,.T.);
#4143=ORIENTED_EDGE('',*,*,#2977,.F.);
#4144=ORIENTED_EDGE('',*,*,#2974,.F.);
#4145=ORIENTED_EDGE('',*,*,#2973,.T.);
#4146=ORIENTED_EDGE('',*,*,#2984,.T.);
#4147=ORIENTED_EDGE('',*,*,#2985,.F.);
#4148=ORIENTED_EDGE('',*,*,#2986,.F.);
#4149=ORIENTED_EDGE('',*,*,#2980,.T.);
#4150=ORIENTED_EDGE('',*,*,#2987,.T.);
#4151=ORIENTED_EDGE('',*,*,#2988,.T.);
#4152=ORIENTED_EDGE('',*,*,#2989,.T.);
#4153=ORIENTED_EDGE('',*,*,#2990,.T.);
#4154=ORIENTED_EDGE('',*,*,#2990,.F.);
#4155=ORIENTED_EDGE('',*,*,#2991,.T.);
#4156=ORIENTED_EDGE('',*,*,#2992,.T.);
#4157=ORIENTED_EDGE('',*,*,#2991,.F.);
#4158=ORIENTED_EDGE('',*,*,#2989,.F.);
#4159=ORIENTED_EDGE('',*,*,#2993,.T.);
#4160=ORIENTED_EDGE('',*,*,#2994,.T.);
#4161=ORIENTED_EDGE('',*,*,#2993,.F.);
#4162=ORIENTED_EDGE('',*,*,#2988,.F.);
#4163=ORIENTED_EDGE('',*,*,#2995,.T.);
#4164=ORIENTED_EDGE('',*,*,#2996,.T.);
#4165=ORIENTED_EDGE('',*,*,#2995,.F.);
#4166=ORIENTED_EDGE('',*,*,#2987,.F.);
#4167=ORIENTED_EDGE('',*,*,#2997,.T.);
#4168=ORIENTED_EDGE('',*,*,#2998,.T.);
#4169=ORIENTED_EDGE('',*,*,#2997,.F.);
#4170=ORIENTED_EDGE('',*,*,#2999,.F.);
#4171=ORIENTED_EDGE('',*,*,#3000,.T.);
#4172=ORIENTED_EDGE('',*,*,#2978,.F.);
#4173=ORIENTED_EDGE('',*,*,#2983,.F.);
#4174=ORIENTED_EDGE('',*,*,#3001,.F.);
#4175=ORIENTED_EDGE('',*,*,#3002,.T.);
#4176=ORIENTED_EDGE('',*,*,#2984,.F.);
#4177=ORIENTED_EDGE('',*,*,#2976,.T.);
#4178=ORIENTED_EDGE('',*,*,#2979,.F.);
#4179=ORIENTED_EDGE('',*,*,#3000,.F.);
#4180=ORIENTED_EDGE('',*,*,#2986,.T.);
#4181=ORIENTED_EDGE('',*,*,#3003,.T.);
#4182=ORIENTED_EDGE('',*,*,#3004,.F.);
#4183=ORIENTED_EDGE('',*,*,#3003,.F.);
#4184=ORIENTED_EDGE('',*,*,#2985,.T.);
#4185=ORIENTED_EDGE('',*,*,#3002,.F.);
#4186=ORIENTED_EDGE('',*,*,#3005,.F.);
#4187=ORIENTED_EDGE('',*,*,#2981,.T.);
#4188=ORIENTED_EDGE('',*,*,#3004,.T.);
#4189=ORIENTED_EDGE('',*,*,#2982,.F.);
#4190=ORIENTED_EDGE('',*,*,#3005,.T.);
#4191=ORIENTED_EDGE('',*,*,#3001,.T.);
#4192=ORIENTED_EDGE('',*,*,#2999,.T.);
#4193=ORIENTED_EDGE('',*,*,#2992,.F.);
#4194=ORIENTED_EDGE('',*,*,#2994,.F.);
#4195=ORIENTED_EDGE('',*,*,#2996,.F.);
#4196=ORIENTED_EDGE('',*,*,#2998,.F.);
#4197=ORIENTED_EDGE('',*,*,#3006,.F.);
#4198=ORIENTED_EDGE('',*,*,#3007,.T.);
#4199=ORIENTED_EDGE('',*,*,#3008,.T.);
#4200=ORIENTED_EDGE('',*,*,#3007,.F.);
#4201=ORIENTED_EDGE('',*,*,#3009,.F.);
#4202=ORIENTED_EDGE('',*,*,#3010,.T.);
#4203=ORIENTED_EDGE('',*,*,#3011,.T.);
#4204=ORIENTED_EDGE('',*,*,#3010,.F.);
#4205=ORIENTED_EDGE('',*,*,#3012,.F.);
#4206=ORIENTED_EDGE('',*,*,#3013,.T.);
#4207=ORIENTED_EDGE('',*,*,#3014,.T.);
#4208=ORIENTED_EDGE('',*,*,#3013,.F.);
#4209=ORIENTED_EDGE('',*,*,#3015,.F.);
#4210=ORIENTED_EDGE('',*,*,#3016,.T.);
#4211=ORIENTED_EDGE('',*,*,#3017,.F.);
#4212=ORIENTED_EDGE('',*,*,#3018,.F.);
#4213=ORIENTED_EDGE('',*,*,#3019,.F.);
#4214=ORIENTED_EDGE('',*,*,#3018,.T.);
#4215=ORIENTED_EDGE('',*,*,#3020,.F.);
#4216=ORIENTED_EDGE('',*,*,#3021,.F.);
#4217=ORIENTED_EDGE('',*,*,#3022,.F.);
#4218=ORIENTED_EDGE('',*,*,#3021,.T.);
#4219=ORIENTED_EDGE('',*,*,#3023,.F.);
#4220=ORIENTED_EDGE('',*,*,#3024,.F.);
#4221=ORIENTED_EDGE('',*,*,#3025,.T.);
#4222=ORIENTED_EDGE('',*,*,#3024,.T.);
#4223=ORIENTED_EDGE('',*,*,#3026,.F.);
#4224=ORIENTED_EDGE('',*,*,#3016,.F.);
#4225=ORIENTED_EDGE('',*,*,#3026,.T.);
#4226=ORIENTED_EDGE('',*,*,#3023,.T.);
#4227=ORIENTED_EDGE('',*,*,#3020,.T.);
#4228=ORIENTED_EDGE('',*,*,#3017,.T.);
#4229=ORIENTED_EDGE('',*,*,#3012,.T.);
#4230=ORIENTED_EDGE('',*,*,#3009,.T.);
#4231=ORIENTED_EDGE('',*,*,#3006,.T.);
#4232=ORIENTED_EDGE('',*,*,#3025,.F.);
#4233=ORIENTED_EDGE('',*,*,#3015,.T.);
#4234=ORIENTED_EDGE('',*,*,#3019,.T.);
#4235=ORIENTED_EDGE('',*,*,#3022,.T.);
#4236=ORIENTED_EDGE('',*,*,#3014,.F.);
#4237=ORIENTED_EDGE('',*,*,#3011,.F.);
#4238=ORIENTED_EDGE('',*,*,#3008,.F.);
#4239=ORIENTED_EDGE('',*,*,#3027,.T.);
#4240=ORIENTED_EDGE('',*,*,#3028,.T.);
#4241=ORIENTED_EDGE('',*,*,#3029,.T.);
#4242=ORIENTED_EDGE('',*,*,#3028,.F.);
#4243=ORIENTED_EDGE('',*,*,#3029,.F.);
#4244=ORIENTED_EDGE('',*,*,#3030,.T.);
#4245=ORIENTED_EDGE('',*,*,#3031,.T.);
#4246=ORIENTED_EDGE('',*,*,#3030,.F.);
#4247=ORIENTED_EDGE('',*,*,#3027,.F.);
#4248=ORIENTED_EDGE('',*,*,#3031,.F.);
#4249=ORIENTED_EDGE('',*,*,#3032,.T.);
#4250=ORIENTED_EDGE('',*,*,#3033,.T.);
#4251=ORIENTED_EDGE('',*,*,#3034,.T.);
#4252=ORIENTED_EDGE('',*,*,#3033,.F.);
#4253=ORIENTED_EDGE('',*,*,#3034,.F.);
#4254=ORIENTED_EDGE('',*,*,#3035,.T.);
#4255=ORIENTED_EDGE('',*,*,#3036,.T.);
#4256=ORIENTED_EDGE('',*,*,#3035,.F.);
#4257=ORIENTED_EDGE('',*,*,#3032,.F.);
#4258=ORIENTED_EDGE('',*,*,#3036,.F.);
#4259=ORIENTED_EDGE('',*,*,#3037,.T.);
#4260=ORIENTED_EDGE('',*,*,#3038,.T.);
#4261=ORIENTED_EDGE('',*,*,#3039,.T.);
#4262=ORIENTED_EDGE('',*,*,#3038,.F.);
#4263=ORIENTED_EDGE('',*,*,#3039,.F.);
#4264=ORIENTED_EDGE('',*,*,#3040,.T.);
#4265=ORIENTED_EDGE('',*,*,#3041,.T.);
#4266=ORIENTED_EDGE('',*,*,#3040,.F.);
#4267=ORIENTED_EDGE('',*,*,#3037,.F.);
#4268=ORIENTED_EDGE('',*,*,#3041,.F.);
#4269=ORIENTED_EDGE('',*,*,#3042,.F.);
#4270=ORIENTED_EDGE('',*,*,#3043,.T.);
#4271=ORIENTED_EDGE('',*,*,#3044,.F.);
#4272=ORIENTED_EDGE('',*,*,#3045,.F.);
#4273=ORIENTED_EDGE('',*,*,#3046,.F.);
#4274=ORIENTED_EDGE('',*,*,#3045,.T.);
#4275=ORIENTED_EDGE('',*,*,#3047,.F.);
#4276=ORIENTED_EDGE('',*,*,#3048,.F.);
#4277=ORIENTED_EDGE('',*,*,#3049,.F.);
#4278=ORIENTED_EDGE('',*,*,#3048,.T.);
#4279=ORIENTED_EDGE('',*,*,#3050,.F.);
#4280=ORIENTED_EDGE('',*,*,#3051,.F.);
#4281=ORIENTED_EDGE('',*,*,#3052,.T.);
#4282=ORIENTED_EDGE('',*,*,#3051,.T.);
#4283=ORIENTED_EDGE('',*,*,#3053,.F.);
#4284=ORIENTED_EDGE('',*,*,#3043,.F.);
#4285=ORIENTED_EDGE('',*,*,#3053,.T.);
#4286=ORIENTED_EDGE('',*,*,#3050,.T.);
#4287=ORIENTED_EDGE('',*,*,#3047,.T.);
#4288=ORIENTED_EDGE('',*,*,#3044,.T.);
#4289=ORIENTED_EDGE('',*,*,#3052,.F.);
#4290=ORIENTED_EDGE('',*,*,#3042,.T.);
#4291=ORIENTED_EDGE('',*,*,#3046,.T.);
#4292=ORIENTED_EDGE('',*,*,#3049,.T.);
#4293=ORIENTED_EDGE('',*,*,#3054,.F.);
#4294=ORIENTED_EDGE('',*,*,#3055,.T.);
#4295=ORIENTED_EDGE('',*,*,#3056,.F.);
#4296=ORIENTED_EDGE('',*,*,#3057,.F.);
#4297=ORIENTED_EDGE('',*,*,#3058,.F.);
#4298=ORIENTED_EDGE('',*,*,#3057,.T.);
#4299=ORIENTED_EDGE('',*,*,#3059,.F.);
#4300=ORIENTED_EDGE('',*,*,#3060,.F.);
#4301=ORIENTED_EDGE('',*,*,#3061,.T.);
#4302=ORIENTED_EDGE('',*,*,#3060,.T.);
#4303=ORIENTED_EDGE('',*,*,#3062,.F.);
#4304=ORIENTED_EDGE('',*,*,#3063,.F.);
#4305=ORIENTED_EDGE('',*,*,#3064,.T.);
#4306=ORIENTED_EDGE('',*,*,#3063,.T.);
#4307=ORIENTED_EDGE('',*,*,#3065,.F.);
#4308=ORIENTED_EDGE('',*,*,#3055,.F.);
#4309=ORIENTED_EDGE('',*,*,#3065,.T.);
#4310=ORIENTED_EDGE('',*,*,#3062,.T.);
#4311=ORIENTED_EDGE('',*,*,#3059,.T.);
#4312=ORIENTED_EDGE('',*,*,#3056,.T.);
#4313=ORIENTED_EDGE('',*,*,#3064,.F.);
#4314=ORIENTED_EDGE('',*,*,#3054,.T.);
#4315=ORIENTED_EDGE('',*,*,#3058,.T.);
#4316=ORIENTED_EDGE('',*,*,#3061,.F.);
#4317=ORIENTED_EDGE('',*,*,#3066,.F.);
#4318=ORIENTED_EDGE('',*,*,#3067,.T.);
#4319=ORIENTED_EDGE('',*,*,#3068,.F.);
#4320=ORIENTED_EDGE('',*,*,#3069,.F.);
#4321=ORIENTED_EDGE('',*,*,#3070,.F.);
#4322=ORIENTED_EDGE('',*,*,#3069,.T.);
#4323=ORIENTED_EDGE('',*,*,#3071,.F.);
#4324=ORIENTED_EDGE('',*,*,#3072,.F.);
#4325=ORIENTED_EDGE('',*,*,#3073,.T.);
#4326=ORIENTED_EDGE('',*,*,#3072,.T.);
#4327=ORIENTED_EDGE('',*,*,#3074,.F.);
#4328=ORIENTED_EDGE('',*,*,#3075,.F.);
#4329=ORIENTED_EDGE('',*,*,#3076,.T.);
#4330=ORIENTED_EDGE('',*,*,#3075,.T.);
#4331=ORIENTED_EDGE('',*,*,#3077,.F.);
#4332=ORIENTED_EDGE('',*,*,#3067,.F.);
#4333=ORIENTED_EDGE('',*,*,#3077,.T.);
#4334=ORIENTED_EDGE('',*,*,#3074,.T.);
#4335=ORIENTED_EDGE('',*,*,#3071,.T.);
#4336=ORIENTED_EDGE('',*,*,#3068,.T.);
#4337=ORIENTED_EDGE('',*,*,#3076,.F.);
#4338=ORIENTED_EDGE('',*,*,#3066,.T.);
#4339=ORIENTED_EDGE('',*,*,#3070,.T.);
#4340=ORIENTED_EDGE('',*,*,#3073,.F.);
#4341=ORIENTED_EDGE('',*,*,#3078,.F.);
#4342=ORIENTED_EDGE('',*,*,#3079,.T.);
#4343=ORIENTED_EDGE('',*,*,#3080,.T.);
#4344=ORIENTED_EDGE('',*,*,#3079,.F.);
#4345=ORIENTED_EDGE('',*,*,#3078,.T.);
#4346=ORIENTED_EDGE('',*,*,#3080,.F.);
#4347=ORIENTED_EDGE('',*,*,#3081,.F.);
#4348=ORIENTED_EDGE('',*,*,#3082,.T.);
#4349=ORIENTED_EDGE('',*,*,#3083,.F.);
#4350=ORIENTED_EDGE('',*,*,#3084,.F.);
#4351=ORIENTED_EDGE('',*,*,#3085,.F.);
#4352=ORIENTED_EDGE('',*,*,#3084,.T.);
#4353=ORIENTED_EDGE('',*,*,#3086,.F.);
#4354=ORIENTED_EDGE('',*,*,#3087,.F.);
#4355=ORIENTED_EDGE('',*,*,#3088,.T.);
#4356=ORIENTED_EDGE('',*,*,#3087,.T.);
#4357=ORIENTED_EDGE('',*,*,#3089,.F.);
#4358=ORIENTED_EDGE('',*,*,#3090,.F.);
#4359=ORIENTED_EDGE('',*,*,#3091,.F.);
#4360=ORIENTED_EDGE('',*,*,#3090,.T.);
#4361=ORIENTED_EDGE('',*,*,#3092,.F.);
#4362=ORIENTED_EDGE('',*,*,#3082,.F.);
#4363=ORIENTED_EDGE('',*,*,#3091,.T.);
#4364=ORIENTED_EDGE('',*,*,#3081,.T.);
#4365=ORIENTED_EDGE('',*,*,#3085,.T.);
#4366=ORIENTED_EDGE('',*,*,#3088,.F.);
#4367=ORIENTED_EDGE('',*,*,#3092,.T.);
#4368=ORIENTED_EDGE('',*,*,#3089,.T.);
#4369=ORIENTED_EDGE('',*,*,#3086,.T.);
#4370=ORIENTED_EDGE('',*,*,#3083,.T.);
#4371=ORIENTED_EDGE('',*,*,#3093,.T.);
#4372=ORIENTED_EDGE('',*,*,#3094,.T.);
#4373=ORIENTED_EDGE('',*,*,#3095,.T.);
#4374=ORIENTED_EDGE('',*,*,#3096,.T.);
#4375=ORIENTED_EDGE('',*,*,#3097,.T.);
#4376=ORIENTED_EDGE('',*,*,#3098,.T.);
#4377=ORIENTED_EDGE('',*,*,#3099,.T.);
#4378=ORIENTED_EDGE('',*,*,#3100,.T.);
#4379=ORIENTED_EDGE('',*,*,#3101,.T.);
#4380=ORIENTED_EDGE('',*,*,#3102,.T.);
#4381=ORIENTED_EDGE('',*,*,#3099,.F.);
#4382=ORIENTED_EDGE('',*,*,#3103,.F.);
#4383=ORIENTED_EDGE('',*,*,#3097,.F.);
#4384=ORIENTED_EDGE('',*,*,#3104,.F.);
#4385=ORIENTED_EDGE('',*,*,#3100,.F.);
#4386=ORIENTED_EDGE('',*,*,#3104,.T.);
#4387=ORIENTED_EDGE('',*,*,#3096,.F.);
#4388=ORIENTED_EDGE('',*,*,#3105,.T.);
#4389=ORIENTED_EDGE('',*,*,#3098,.F.);
#4390=ORIENTED_EDGE('',*,*,#3106,.T.);
#4391=ORIENTED_EDGE('',*,*,#3093,.F.);
#4392=ORIENTED_EDGE('',*,*,#3103,.T.);
#4393=ORIENTED_EDGE('',*,*,#3102,.F.);
#4394=ORIENTED_EDGE('',*,*,#3107,.F.);
#4395=ORIENTED_EDGE('',*,*,#3094,.F.);
#4396=ORIENTED_EDGE('',*,*,#3106,.F.);
#4397=ORIENTED_EDGE('',*,*,#3101,.F.);
#4398=ORIENTED_EDGE('',*,*,#3105,.F.);
#4399=ORIENTED_EDGE('',*,*,#3095,.F.);
#4400=ORIENTED_EDGE('',*,*,#3107,.T.);
#4401=ORIENTED_EDGE('',*,*,#3108,.T.);
#4402=ORIENTED_EDGE('',*,*,#3109,.F.);
#4403=ORIENTED_EDGE('',*,*,#3110,.T.);
#4404=ORIENTED_EDGE('',*,*,#3108,.F.);
#4405=ORIENTED_EDGE('',*,*,#3110,.F.);
#4406=ORIENTED_EDGE('',*,*,#3109,.T.);
#4407=ORIENTED_EDGE('',*,*,#3111,.F.);
#4408=ORIENTED_EDGE('',*,*,#3112,.T.);
#4409=ORIENTED_EDGE('',*,*,#3113,.F.);
#4410=ORIENTED_EDGE('',*,*,#3114,.F.);
#4411=ORIENTED_EDGE('',*,*,#3115,.F.);
#4412=ORIENTED_EDGE('',*,*,#3114,.T.);
#4413=ORIENTED_EDGE('',*,*,#3116,.F.);
#4414=ORIENTED_EDGE('',*,*,#3117,.F.);
#4415=ORIENTED_EDGE('',*,*,#3118,.T.);
#4416=ORIENTED_EDGE('',*,*,#3117,.T.);
#4417=ORIENTED_EDGE('',*,*,#3119,.F.);
#4418=ORIENTED_EDGE('',*,*,#3120,.F.);
#4419=ORIENTED_EDGE('',*,*,#3121,.T.);
#4420=ORIENTED_EDGE('',*,*,#3120,.T.);
#4421=ORIENTED_EDGE('',*,*,#3122,.F.);
#4422=ORIENTED_EDGE('',*,*,#3123,.F.);
#4423=ORIENTED_EDGE('',*,*,#3124,.T.);
#4424=ORIENTED_EDGE('',*,*,#3123,.T.);
#4425=ORIENTED_EDGE('',*,*,#3125,.F.);
#4426=ORIENTED_EDGE('',*,*,#3126,.F.);
#4427=ORIENTED_EDGE('',*,*,#3127,.T.);
#4428=ORIENTED_EDGE('',*,*,#3126,.T.);
#4429=ORIENTED_EDGE('',*,*,#3128,.F.);
#4430=ORIENTED_EDGE('',*,*,#3129,.F.);
#4431=ORIENTED_EDGE('',*,*,#3130,.F.);
#4432=ORIENTED_EDGE('',*,*,#3129,.T.);
#4433=ORIENTED_EDGE('',*,*,#3131,.F.);
#4434=ORIENTED_EDGE('',*,*,#3132,.F.);
#4435=ORIENTED_EDGE('',*,*,#3133,.T.);
#4436=ORIENTED_EDGE('',*,*,#3132,.T.);
#4437=ORIENTED_EDGE('',*,*,#3134,.F.);
#4438=ORIENTED_EDGE('',*,*,#3112,.F.);
#4439=ORIENTED_EDGE('',*,*,#3134,.T.);
#4440=ORIENTED_EDGE('',*,*,#3131,.T.);
#4441=ORIENTED_EDGE('',*,*,#3128,.T.);
#4442=ORIENTED_EDGE('',*,*,#3125,.T.);
#4443=ORIENTED_EDGE('',*,*,#3122,.T.);
#4444=ORIENTED_EDGE('',*,*,#3119,.T.);
#4445=ORIENTED_EDGE('',*,*,#3116,.T.);
#4446=ORIENTED_EDGE('',*,*,#3113,.T.);
#4447=ORIENTED_EDGE('',*,*,#3133,.F.);
#4448=ORIENTED_EDGE('',*,*,#3111,.T.);
#4449=ORIENTED_EDGE('',*,*,#3115,.T.);
#4450=ORIENTED_EDGE('',*,*,#3118,.F.);
#4451=ORIENTED_EDGE('',*,*,#3121,.F.);
#4452=ORIENTED_EDGE('',*,*,#3124,.F.);
#4453=ORIENTED_EDGE('',*,*,#3127,.F.);
#4454=ORIENTED_EDGE('',*,*,#3130,.T.);
#4455=ORIENTED_EDGE('',*,*,#3135,.F.);
#4456=ORIENTED_EDGE('',*,*,#3136,.T.);
#4457=ORIENTED_EDGE('',*,*,#3137,.F.);
#4458=ORIENTED_EDGE('',*,*,#3138,.F.);
#4459=ORIENTED_EDGE('',*,*,#3139,.F.);
#4460=ORIENTED_EDGE('',*,*,#3138,.T.);
#4461=ORIENTED_EDGE('',*,*,#3140,.F.);
#4462=ORIENTED_EDGE('',*,*,#3141,.F.);
#4463=ORIENTED_EDGE('',*,*,#3142,.T.);
#4464=ORIENTED_EDGE('',*,*,#3141,.T.);
#4465=ORIENTED_EDGE('',*,*,#3143,.F.);
#4466=ORIENTED_EDGE('',*,*,#3144,.F.);
#4467=ORIENTED_EDGE('',*,*,#3145,.T.);
#4468=ORIENTED_EDGE('',*,*,#3144,.T.);
#4469=ORIENTED_EDGE('',*,*,#3146,.F.);
#4470=ORIENTED_EDGE('',*,*,#3147,.F.);
#4471=ORIENTED_EDGE('',*,*,#3148,.T.);
#4472=ORIENTED_EDGE('',*,*,#3147,.T.);
#4473=ORIENTED_EDGE('',*,*,#3149,.F.);
#4474=ORIENTED_EDGE('',*,*,#3150,.F.);
#4475=ORIENTED_EDGE('',*,*,#3151,.T.);
#4476=ORIENTED_EDGE('',*,*,#3150,.T.);
#4477=ORIENTED_EDGE('',*,*,#3152,.F.);
#4478=ORIENTED_EDGE('',*,*,#3153,.F.);
#4479=ORIENTED_EDGE('',*,*,#3154,.F.);
#4480=ORIENTED_EDGE('',*,*,#3153,.T.);
#4481=ORIENTED_EDGE('',*,*,#3155,.F.);
#4482=ORIENTED_EDGE('',*,*,#3156,.F.);
#4483=ORIENTED_EDGE('',*,*,#3157,.T.);
#4484=ORIENTED_EDGE('',*,*,#3156,.T.);
#4485=ORIENTED_EDGE('',*,*,#3158,.F.);
#4486=ORIENTED_EDGE('',*,*,#3136,.F.);
#4487=ORIENTED_EDGE('',*,*,#3158,.T.);
#4488=ORIENTED_EDGE('',*,*,#3155,.T.);
#4489=ORIENTED_EDGE('',*,*,#3152,.T.);
#4490=ORIENTED_EDGE('',*,*,#3149,.T.);
#4491=ORIENTED_EDGE('',*,*,#3146,.T.);
#4492=ORIENTED_EDGE('',*,*,#3143,.T.);
#4493=ORIENTED_EDGE('',*,*,#3140,.T.);
#4494=ORIENTED_EDGE('',*,*,#3137,.T.);
#4495=ORIENTED_EDGE('',*,*,#3157,.F.);
#4496=ORIENTED_EDGE('',*,*,#3135,.T.);
#4497=ORIENTED_EDGE('',*,*,#3139,.T.);
#4498=ORIENTED_EDGE('',*,*,#3142,.F.);
#4499=ORIENTED_EDGE('',*,*,#3145,.F.);
#4500=ORIENTED_EDGE('',*,*,#3148,.F.);
#4501=ORIENTED_EDGE('',*,*,#3151,.F.);
#4502=ORIENTED_EDGE('',*,*,#3154,.T.);
#4503=PLANE('',#5071);
#4504=PLANE('',#5072);
#4505=PLANE('',#5073);
#4506=PLANE('',#5074);
#4507=PLANE('',#5075);
#4508=PLANE('',#5076);
#4509=PLANE('',#5077);
#4510=PLANE('',#5078);
#4511=PLANE('',#5079);
#4512=PLANE('',#5080);
#4513=PLANE('',#5081);
#4514=PLANE('',#5082);
#4515=PLANE('',#5083);
#4516=PLANE('',#5084);
#4517=PLANE('',#5085);
#4518=PLANE('',#5086);
#4519=PLANE('',#5087);
#4520=PLANE('',#5091);
#4521=PLANE('',#5095);
#4522=PLANE('',#5096);
#4523=PLANE('',#5097);
#4524=PLANE('',#5098);
#4525=PLANE('',#5099);
#4526=PLANE('',#5100);
#4527=PLANE('',#5101);
#4528=PLANE('',#5102);
#4529=PLANE('',#5103);
#4530=PLANE('',#5104);
#4531=PLANE('',#5105);
#4532=PLANE('',#5106);
#4533=PLANE('',#5107);
#4534=PLANE('',#5108);
#4535=PLANE('',#5109);
#4536=PLANE('',#5110);
#4537=PLANE('',#5111);
#4538=PLANE('',#5112);
#4539=PLANE('',#5113);
#4540=PLANE('',#5114);
#4541=PLANE('',#5118);
#4542=PLANE('',#5122);
#4543=PLANE('',#5123);
#4544=PLANE('',#5124);
#4545=PLANE('',#5125);
#4546=PLANE('',#5126);
#4547=PLANE('',#5127);
#4548=PLANE('',#5128);
#4549=PLANE('',#5129);
#4550=PLANE('',#5130);
#4551=PLANE('',#5131);
#4552=PLANE('',#5132);
#4553=PLANE('',#5133);
#4554=PLANE('',#5134);
#4555=PLANE('',#5135);
#4556=PLANE('',#5136);
#4557=PLANE('',#5137);
#4558=PLANE('',#5138);
#4559=PLANE('',#5139);
#4560=PLANE('',#5140);
#4561=PLANE('',#5141);
#4562=PLANE('',#5142);
#4563=PLANE('',#5143);
#4564=PLANE('',#5144);
#4565=PLANE('',#5145);
#4566=PLANE('',#5152);
#4567=PLANE('',#5153);
#4568=PLANE('',#5154);
#4569=PLANE('',#5155);
#4570=PLANE('',#5156);
#4571=PLANE('',#5157);
#4572=PLANE('',#5158);
#4573=PLANE('',#5159);
#4574=PLANE('',#5160);
#4575=PLANE('',#5161);
#4576=PLANE('',#5162);
#4577=PLANE('',#5163);
#4578=PLANE('',#5164);
#4579=PLANE('',#5165);
#4580=PLANE('',#5166);
#4581=PLANE('',#5167);
#4582=PLANE('',#5168);
#4583=PLANE('',#5169);
#4584=PLANE('',#5170);
#4585=PLANE('',#5171);
#4586=PLANE('',#5172);
#4587=PLANE('',#5173);
#4588=PLANE('',#5174);
#4589=PLANE('',#5175);
#4590=PLANE('',#5176);
#4591=PLANE('',#5177);
#4592=PLANE('',#5178);
#4593=PLANE('',#5179);
#4594=PLANE('',#5180);
#4595=PLANE('',#5181);
#4596=PLANE('',#5182);
#4597=PLANE('',#5183);
#4598=PLANE('',#5184);
#4599=PLANE('',#5185);
#4600=PLANE('',#5186);
#4601=PLANE('',#5187);
#4602=PLANE('',#5188);
#4603=PLANE('',#5189);
#4604=PLANE('',#5190);
#4605=PLANE('',#5191);
#4606=PLANE('',#5192);
#4607=PLANE('',#5193);
#4608=PLANE('',#5194);
#4609=PLANE('',#5195);
#4610=PLANE('',#5196);
#4611=PLANE('',#5197);
#4612=PLANE('',#5198);
#4613=PLANE('',#5199);
#4614=PLANE('',#5200);
#4615=PLANE('',#5201);
#4616=PLANE('',#5202);
#4617=PLANE('',#5203);
#4618=PLANE('',#5204);
#4619=PLANE('',#5205);
#4620=PLANE('',#5206);
#4621=PLANE('',#5207);
#4622=PLANE('',#5208);
#4623=PLANE('',#5209);
#4624=PLANE('',#5210);
#4625=PLANE('',#5211);
#4626=PLANE('',#5212);
#4627=PLANE('',#5213);
#4628=PLANE('',#5214);
#4629=PLANE('',#5215);
#4630=PLANE('',#5216);
#4631=PLANE('',#5217);
#4632=PLANE('',#5218);
#4633=PLANE('',#5219);
#4634=PLANE('',#5220);
#4635=PLANE('',#5221);
#4636=PLANE('',#5222);
#4637=PLANE('',#5223);
#4638=PLANE('',#5224);
#4639=PLANE('',#5225);
#4640=PLANE('',#5226);
#4641=PLANE('',#5227);
#4642=PLANE('',#5228);
#4643=PLANE('',#5229);
#4644=PLANE('',#5230);
#4645=PLANE('',#5231);
#4646=PLANE('',#5232);
#4647=PLANE('',#5233);
#4648=PLANE('',#5234);
#4649=PLANE('',#5235);
#4650=PLANE('',#5236);
#4651=PLANE('',#5237);
#4652=PLANE('',#5238);
#4653=PLANE('',#5239);
#4654=PLANE('',#5243);
#4655=PLANE('',#5244);
#4656=PLANE('',#5245);
#4657=PLANE('',#5246);
#4658=PLANE('',#5248);
#4659=PLANE('',#5249);
#4660=PLANE('',#5250);
#4661=PLANE('',#5251);
#4662=PLANE('',#5252);
#4663=PLANE('',#5255);
#4664=PLANE('',#5256);
#4665=PLANE('',#5257);
#4666=PLANE('',#5258);
#4667=PLANE('',#5261);
#4668=PLANE('',#5268);
#4669=PLANE('',#5269);
#4670=PLANE('',#5270);
#4671=PLANE('',#5271);
#4672=PLANE('',#5272);
#4673=PLANE('',#5287);
#4674=PLANE('',#5288);
#4675=PLANE('',#5289);
#4676=PLANE('',#5290);
#4677=PLANE('',#5292);
#4678=PLANE('',#5295);
#4679=PLANE('',#5296);
#4680=PLANE('',#5297);
#4681=PLANE('',#5298);
#4682=PLANE('',#5313);
#4683=PLANE('',#5314);
#4684=PLANE('',#5318);
#4685=PLANE('',#5319);
#4686=PLANE('',#5329);
#4687=PLANE('',#5330);
#4688=PLANE('',#5334);
#4689=PLANE('',#5335);
#4690=PLANE('',#5336);
#4691=PLANE('',#5342);
#4692=PLANE('',#5343);
#4693=PLANE('',#5349);
#4694=PLANE('',#5350);
#4695=PLANE('',#5356);
#4696=PLANE('',#5357);
#4697=PLANE('',#5358);
#4698=PLANE('',#5359);
#4699=PLANE('',#5363);
#4700=PLANE('',#5364);
#4701=PLANE('',#5365);
#4702=PLANE('',#5366);
#4703=PLANE('',#5367);
#4704=PLANE('',#5368);
#4705=PLANE('',#5369);
#4706=PLANE('',#5370);
#4707=PLANE('',#5371);
#4708=PLANE('',#5372);
#4709=PLANE('',#5373);
#4710=PLANE('',#5374);
#4711=PLANE('',#5375);
#4712=PLANE('',#5376);
#4713=PLANE('',#5377);
#4714=PLANE('',#5381);
#4715=PLANE('',#5382);
#4716=PLANE('',#5383);
#4717=PLANE('',#5384);
#4718=PLANE('',#5385);
#4719=PLANE('',#5386);
#4720=PLANE('',#5387);
#4721=PLANE('',#5388);
#4722=PLANE('',#5389);
#4723=PLANE('',#5390);
#4724=PLANE('',#5391);
#4725=PLANE('',#5392);
#4726=PLANE('',#5393);
#4727=PLANE('',#5394);
#4728=PLANE('',#5395);
#4729=PLANE('',#5396);
#4730=PLANE('',#5400);
#4731=PLANE('',#5401);
#4732=PLANE('',#5405);
#4733=PLANE('',#5406);
#4734=PLANE('',#5407);
#4735=PLANE('',#5408);
#4736=PLANE('',#5409);
#4737=PLANE('',#5410);
#4738=PLANE('',#5411);
#4739=PLANE('',#5412);
#4740=PLANE('',#5413);
#4741=PLANE('',#5417);
#4742=PLANE('',#5418);
#4743=PLANE('',#5419);
#4744=PLANE('',#5420);
#4745=PLANE('',#5421);
#4746=PLANE('',#5422);
#4747=PLANE('',#5423);
#4748=PLANE('',#5424);
#4749=ADVANCED_FACE('',(#233),#4503,.T.);
#4750=ADVANCED_FACE('',(#234),#4504,.T.);
#4751=ADVANCED_FACE('',(#235),#4505,.T.);
#4752=ADVANCED_FACE('',(#236),#4506,.T.);
#4753=ADVANCED_FACE('',(#237),#4507,.T.);
#4754=ADVANCED_FACE('',(#238),#4508,.T.);
#4755=ADVANCED_FACE('',(#239),#4509,.T.);
#4756=ADVANCED_FACE('',(#240),#4510,.T.);
#4757=ADVANCED_FACE('',(#241),#4511,.T.);
#4758=ADVANCED_FACE('',(#242),#4512,.F.);
#4759=ADVANCED_FACE('',(#243),#4513,.T.);
#4760=ADVANCED_FACE('',(#244),#4514,.T.);
#4761=ADVANCED_FACE('',(#245),#4515,.T.);
#4762=ADVANCED_FACE('',(#246),#4516,.T.);
#4763=ADVANCED_FACE('',(#247),#4517,.T.);
#4764=ADVANCED_FACE('',(#248),#4518,.F.);
#4765=ADVANCED_FACE('',(#249),#4519,.F.);
#4766=ADVANCED_FACE('',(#250),#77,.T.);
#4767=ADVANCED_FACE('',(#251),#4520,.T.);
#4768=ADVANCED_FACE('',(#252),#78,.T.);
#4769=ADVANCED_FACE('',(#253),#4521,.T.);
#4770=ADVANCED_FACE('',(#254),#4522,.F.);
#4771=ADVANCED_FACE('',(#255),#4523,.F.);
#4772=ADVANCED_FACE('',(#256),#4524,.F.);
#4773=ADVANCED_FACE('',(#257),#4525,.F.);
#4774=ADVANCED_FACE('',(#258),#4526,.F.);
#4775=ADVANCED_FACE('',(#259),#4527,.F.);
#4776=ADVANCED_FACE('',(#260),#4528,.T.);
#4777=ADVANCED_FACE('',(#261),#4529,.F.);
#4778=ADVANCED_FACE('',(#262),#4530,.F.);
#4779=ADVANCED_FACE('',(#263),#4531,.F.);
#4780=ADVANCED_FACE('',(#264),#4532,.F.);
#4781=ADVANCED_FACE('',(#265),#4533,.F.);
#4782=ADVANCED_FACE('',(#266),#4534,.F.);
#4783=ADVANCED_FACE('',(#267),#4535,.F.);
#4784=ADVANCED_FACE('',(#268),#4536,.F.);
#4785=ADVANCED_FACE('',(#269),#4537,.F.);
#4786=ADVANCED_FACE('',(#270),#4538,.F.);
#4787=ADVANCED_FACE('',(#271),#4539,.T.);
#4788=ADVANCED_FACE('',(#272),#4540,.T.);
#4789=ADVANCED_FACE('',(#273),#79,.T.);
#4790=ADVANCED_FACE('',(#274),#4541,.F.);
#4791=ADVANCED_FACE('',(#275),#80,.T.);
#4792=ADVANCED_FACE('',(#276),#4542,.F.);
#4793=ADVANCED_FACE('',(#277),#4543,.T.);
#4794=ADVANCED_FACE('',(#278),#4544,.T.);
#4795=ADVANCED_FACE('',(#279),#4545,.T.);
#4796=ADVANCED_FACE('',(#280),#4546,.T.);
#4797=ADVANCED_FACE('',(#281),#4547,.T.);
#4798=ADVANCED_FACE('',(#282),#4548,.T.);
#4799=ADVANCED_FACE('',(#283),#4549,.T.);
#4800=ADVANCED_FACE('',(#284),#4550,.T.);
#4801=ADVANCED_FACE('',(#285),#4551,.T.);
#4802=ADVANCED_FACE('',(#286),#4552,.T.);
#4803=ADVANCED_FACE('',(#287),#4553,.F.);
#4804=ADVANCED_FACE('',(#288),#4554,.T.);
#4805=ADVANCED_FACE('',(#289),#4555,.T.);
#4806=ADVANCED_FACE('',(#290),#4556,.T.);
#4807=ADVANCED_FACE('',(#291),#4557,.T.);
#4808=ADVANCED_FACE('',(#292),#4558,.T.);
#4809=ADVANCED_FACE('',(#293),#4559,.F.);
#4810=ADVANCED_FACE('',(#294),#4560,.T.);
#4811=ADVANCED_FACE('',(#295),#4561,.F.);
#4812=ADVANCED_FACE('',(#296),#4562,.F.);
#4813=ADVANCED_FACE('',(#297),#4563,.F.);
#4814=ADVANCED_FACE('',(#298),#4564,.F.);
#4815=ADVANCED_FACE('',(#299),#4565,.T.);
#4816=ADVANCED_FACE('',(#300),#81,.F.);
#4817=ADVANCED_FACE('',(#301),#82,.F.);
#4818=ADVANCED_FACE('',(#302,#22),#4566,.T.);
#4819=ADVANCED_FACE('',(#303),#4567,.T.);
#4820=ADVANCED_FACE('',(#304),#4568,.T.);
#4821=ADVANCED_FACE('',(#305),#4569,.T.);
#4822=ADVANCED_FACE('',(#306),#4570,.T.);
#4823=ADVANCED_FACE('',(#307),#4571,.T.);
#4824=ADVANCED_FACE('',(#308),#4572,.T.);
#4825=ADVANCED_FACE('',(#309),#4573,.T.);
#4826=ADVANCED_FACE('',(#310,#23),#4574,.T.);
#4827=ADVANCED_FACE('',(#311),#4575,.T.);
#4828=ADVANCED_FACE('',(#312),#4576,.T.);
#4829=ADVANCED_FACE('',(#313),#4577,.F.);
#4830=ADVANCED_FACE('',(#314),#4578,.T.);
#4831=ADVANCED_FACE('',(#315),#4579,.T.);
#4832=ADVANCED_FACE('',(#316),#4580,.T.);
#4833=ADVANCED_FACE('',(#317,#24,#25,#26,#27,#28,#29,#30,#31,#32,#33),#4581,
 .T.);
#4834=ADVANCED_FACE('',(#318),#4582,.T.);
#4835=ADVANCED_FACE('',(#319),#4583,.T.);
#4836=ADVANCED_FACE('',(#320),#4584,.T.);
#4837=ADVANCED_FACE('',(#321),#4585,.T.);
#4838=ADVANCED_FACE('',(#322),#4586,.T.);
#4839=ADVANCED_FACE('',(#323),#4587,.T.);
#4840=ADVANCED_FACE('',(#324),#4588,.T.);
#4841=ADVANCED_FACE('',(#325),#4589,.T.);
#4842=ADVANCED_FACE('',(#326),#4590,.T.);
#4843=ADVANCED_FACE('',(#327),#4591,.T.);
#4844=ADVANCED_FACE('',(#328),#4592,.T.);
#4845=ADVANCED_FACE('',(#329),#4593,.T.);
#4846=ADVANCED_FACE('',(#330,#34,#35,#36,#37,#38,#39,#40,#41,#42,#43,#44,
#45,#46),#4594,.F.);
#4847=ADVANCED_FACE('',(#331),#4595,.T.);
#4848=ADVANCED_FACE('',(#332),#4596,.T.);
#4849=ADVANCED_FACE('',(#333),#4597,.T.);
#4850=ADVANCED_FACE('',(#334),#4598,.T.);
#4851=ADVANCED_FACE('',(#335),#4599,.T.);
#4852=ADVANCED_FACE('',(#336),#4600,.T.);
#4853=ADVANCED_FACE('',(#337),#4601,.T.);
#4854=ADVANCED_FACE('',(#338),#4602,.T.);
#4855=ADVANCED_FACE('',(#339),#4603,.T.);
#4856=ADVANCED_FACE('',(#340),#4604,.T.);
#4857=ADVANCED_FACE('',(#341),#4605,.T.);
#4858=ADVANCED_FACE('',(#342),#4606,.T.);
#4859=ADVANCED_FACE('',(#343),#4607,.T.);
#4860=ADVANCED_FACE('',(#344),#4608,.T.);
#4861=ADVANCED_FACE('',(#345),#4609,.T.);
#4862=ADVANCED_FACE('',(#346),#4610,.T.);
#4863=ADVANCED_FACE('',(#347),#4611,.T.);
#4864=ADVANCED_FACE('',(#348),#4612,.T.);
#4865=ADVANCED_FACE('',(#349),#4613,.T.);
#4866=ADVANCED_FACE('',(#350),#4614,.T.);
#4867=ADVANCED_FACE('',(#351,#47),#4615,.T.);
#4868=ADVANCED_FACE('',(#352),#4616,.T.);
#4869=ADVANCED_FACE('',(#353),#4617,.T.);
#4870=ADVANCED_FACE('',(#354),#4618,.T.);
#4871=ADVANCED_FACE('',(#355),#4619,.T.);
#4872=ADVANCED_FACE('',(#356),#4620,.T.);
#4873=ADVANCED_FACE('',(#357),#4621,.T.);
#4874=ADVANCED_FACE('',(#358),#4622,.T.);
#4875=ADVANCED_FACE('',(#359),#4623,.T.);
#4876=ADVANCED_FACE('',(#360),#4624,.T.);
#4877=ADVANCED_FACE('',(#361),#4625,.T.);
#4878=ADVANCED_FACE('',(#362),#4626,.T.);
#4879=ADVANCED_FACE('',(#363),#4627,.T.);
#4880=ADVANCED_FACE('',(#364),#4628,.T.);
#4881=ADVANCED_FACE('',(#365),#4629,.T.);
#4882=ADVANCED_FACE('',(#366),#4630,.T.);
#4883=ADVANCED_FACE('',(#367),#4631,.T.);
#4884=ADVANCED_FACE('',(#368),#4632,.T.);
#4885=ADVANCED_FACE('',(#369),#4633,.T.);
#4886=ADVANCED_FACE('',(#370),#4634,.T.);
#4887=ADVANCED_FACE('',(#371),#4635,.T.);
#4888=ADVANCED_FACE('',(#372,#48),#4636,.T.);
#4889=ADVANCED_FACE('',(#373),#4637,.T.);
#4890=ADVANCED_FACE('',(#374),#4638,.T.);
#4891=ADVANCED_FACE('',(#375),#4639,.T.);
#4892=ADVANCED_FACE('',(#376),#4640,.T.);
#4893=ADVANCED_FACE('',(#377),#4641,.T.);
#4894=ADVANCED_FACE('',(#378),#4642,.T.);
#4895=ADVANCED_FACE('',(#379),#4643,.T.);
#4896=ADVANCED_FACE('',(#380),#4644,.T.);
#4897=ADVANCED_FACE('',(#381),#4645,.T.);
#4898=ADVANCED_FACE('',(#382,#49),#4646,.T.);
#4899=ADVANCED_FACE('',(#383),#4647,.T.);
#4900=ADVANCED_FACE('',(#384),#4648,.T.);
#4901=ADVANCED_FACE('',(#385),#4649,.T.);
#4902=ADVANCED_FACE('',(#386),#4650,.T.);
#4903=ADVANCED_FACE('',(#387),#4651,.T.);
#4904=ADVANCED_FACE('',(#388),#4652,.T.);
#4905=ADVANCED_FACE('',(#389),#4653,.T.);
#4906=ADVANCED_FACE('',(#390),#83,.T.);
#4907=ADVANCED_FACE('',(#391),#4654,.T.);
#4908=ADVANCED_FACE('',(#392),#4655,.F.);
#4909=ADVANCED_FACE('',(#393),#4656,.T.);
#4910=ADVANCED_FACE('',(#394,#50),#4657,.F.);
#4911=ADVANCED_FACE('',(#395),#4658,.T.);
#4912=ADVANCED_FACE('',(#396),#4659,.T.);
#4913=ADVANCED_FACE('',(#397),#4660,.T.);
#4914=ADVANCED_FACE('',(#398),#4661,.T.);
#4915=ADVANCED_FACE('',(#399),#4662,.T.);
#4916=ADVANCED_FACE('',(#400),#18,.F.);
#4917=ADVANCED_FACE('',(#401),#4663,.T.);
#4918=ADVANCED_FACE('',(#402),#4664,.T.);
#4919=ADVANCED_FACE('',(#403),#4665,.T.);
#4920=ADVANCED_FACE('',(#404,#51),#4666,.T.);
#4921=ADVANCED_FACE('',(#405),#84,.T.);
#4922=ADVANCED_FACE('',(#406),#4667,.F.);
#4923=ADVANCED_FACE('',(#407),#85,.F.);
#4924=ADVANCED_FACE('',(#408,#52),#86,.T.);
#4925=ADVANCED_FACE('',(#409,#53),#4668,.T.);
#4926=ADVANCED_FACE('',(#410,#54),#4669,.F.);
#4927=ADVANCED_FACE('',(#411),#4670,.T.);
#4928=ADVANCED_FACE('',(#412),#4671,.T.);
#4929=ADVANCED_FACE('',(#413,#55,#56,#57,#58),#4672,.F.);
#4930=ADVANCED_FACE('',(#414),#87,.F.);
#4931=ADVANCED_FACE('',(#415),#88,.F.);
#4932=ADVANCED_FACE('',(#416),#89,.F.);
#4933=ADVANCED_FACE('',(#417),#90,.F.);
#4934=ADVANCED_FACE('',(#418),#4673,.T.);
#4935=ADVANCED_FACE('',(#419),#4674,.T.);
#4936=ADVANCED_FACE('',(#420),#4675,.T.);
#4937=ADVANCED_FACE('',(#421,#59,#60,#61,#62),#4676,.T.);
#4938=ADVANCED_FACE('',(#422),#4677,.F.);
#4939=ADVANCED_FACE('',(#423),#91,.T.);
#4940=ADVANCED_FACE('',(#424),#4678,.T.);
#4941=ADVANCED_FACE('',(#425),#4679,.T.);
#4942=ADVANCED_FACE('',(#426),#4680,.T.);
#4943=ADVANCED_FACE('',(#427,#63,#64,#65,#66),#4681,.T.);
#4944=ADVANCED_FACE('',(#428),#92,.F.);
#4945=ADVANCED_FACE('',(#429),#93,.F.);
#4946=ADVANCED_FACE('',(#430),#94,.F.);
#4947=ADVANCED_FACE('',(#431),#95,.F.);
#4948=ADVANCED_FACE('',(#432),#4682,.T.);
#4949=ADVANCED_FACE('',(#433),#4683,.T.);
#4950=ADVANCED_FACE('',(#434),#96,.T.);
#4951=ADVANCED_FACE('',(#435),#4684,.T.);
#4952=ADVANCED_FACE('',(#436,#67,#68,#69,#70),#4685,.F.);
#4953=ADVANCED_FACE('',(#437),#97,.F.);
#4954=ADVANCED_FACE('',(#438),#98,.F.);
#4955=ADVANCED_FACE('',(#439),#99,.F.);
#4956=ADVANCED_FACE('',(#440),#4686,.T.);
#4957=ADVANCED_FACE('',(#441),#4687,.T.);
#4958=ADVANCED_FACE('',(#442),#100,.F.);
#4959=ADVANCED_FACE('',(#443),#4688,.T.);
#4960=ADVANCED_FACE('',(#444,#71,#72,#73),#4689,.T.);
#4961=ADVANCED_FACE('',(#445,#74,#75,#76),#4690,.F.);
#4962=ADVANCED_FACE('',(#446),#13,.T.);
#4963=ADVANCED_FACE('',(#447),#101,.T.);
#4964=ADVANCED_FACE('',(#448),#4691,.T.);
#4965=ADVANCED_FACE('',(#449),#4692,.F.);
#4966=ADVANCED_FACE('',(#450),#14,.T.);
#4967=ADVANCED_FACE('',(#451),#102,.T.);
#4968=ADVANCED_FACE('',(#452),#4693,.T.);
#4969=ADVANCED_FACE('',(#453),#4694,.F.);
#4970=ADVANCED_FACE('',(#454),#15,.T.);
#4971=ADVANCED_FACE('',(#455),#103,.T.);
#4972=ADVANCED_FACE('',(#456),#4695,.T.);
#4973=ADVANCED_FACE('',(#457),#4696,.F.);
#4974=ADVANCED_FACE('',(#458),#4697,.T.);
#4975=ADVANCED_FACE('',(#459),#4698,.T.);
#4976=ADVANCED_FACE('',(#460),#104,.F.);
#4977=ADVANCED_FACE('',(#461),#4699,.T.);
#4978=ADVANCED_FACE('',(#462),#4700,.T.);
#4979=ADVANCED_FACE('',(#463),#4701,.F.);
#4980=ADVANCED_FACE('',(#464),#4702,.T.);
#4981=ADVANCED_FACE('',(#465),#4703,.T.);
#4982=ADVANCED_FACE('',(#466),#4704,.T.);
#4983=ADVANCED_FACE('',(#467),#4705,.T.);
#4984=ADVANCED_FACE('',(#468),#4706,.T.);
#4985=ADVANCED_FACE('',(#469),#4707,.F.);
#4986=ADVANCED_FACE('',(#470),#4708,.T.);
#4987=ADVANCED_FACE('',(#471),#4709,.T.);
#4988=ADVANCED_FACE('',(#472),#4710,.T.);
#4989=ADVANCED_FACE('',(#473),#4711,.T.);
#4990=ADVANCED_FACE('',(#474),#4712,.T.);
#4991=ADVANCED_FACE('',(#475),#4713,.F.);
#4992=ADVANCED_FACE('',(#476),#105,.T.);
#4993=ADVANCED_FACE('',(#477),#4714,.T.);
#4994=ADVANCED_FACE('',(#478),#4715,.F.);
#4995=ADVANCED_FACE('',(#479),#4716,.T.);
#4996=ADVANCED_FACE('',(#480),#4717,.T.);
#4997=ADVANCED_FACE('',(#481),#4718,.T.);
#4998=ADVANCED_FACE('',(#482),#4719,.T.);
#4999=ADVANCED_FACE('',(#483),#4720,.T.);
#5000=ADVANCED_FACE('',(#484),#4721,.T.);
#5001=ADVANCED_FACE('',(#485),#4722,.F.);
#5002=ADVANCED_FACE('',(#486),#4723,.T.);
#5003=ADVANCED_FACE('',(#487),#4724,.F.);
#5004=ADVANCED_FACE('',(#488),#4725,.F.);
#5005=ADVANCED_FACE('',(#489),#4726,.F.);
#5006=ADVANCED_FACE('',(#490),#4727,.F.);
#5007=ADVANCED_FACE('',(#491),#4728,.F.);
#5008=ADVANCED_FACE('',(#492),#4729,.F.);
#5009=ADVANCED_FACE('',(#493),#106,.T.);
#5010=ADVANCED_FACE('',(#494),#4730,.T.);
#5011=ADVANCED_FACE('',(#495),#4731,.T.);
#5012=ADVANCED_FACE('',(#496),#107,.F.);
#5013=ADVANCED_FACE('',(#497),#4732,.T.);
#5014=ADVANCED_FACE('',(#498),#4733,.T.);
#5015=ADVANCED_FACE('',(#499),#4734,.T.);
#5016=ADVANCED_FACE('',(#500),#4735,.T.);
#5017=ADVANCED_FACE('',(#501),#4736,.T.);
#5018=ADVANCED_FACE('',(#502),#4737,.T.);
#5019=ADVANCED_FACE('',(#503),#4738,.T.);
#5020=ADVANCED_FACE('',(#504),#4739,.F.);
#5021=ADVANCED_FACE('',(#505),#4740,.T.);
#5022=ADVANCED_FACE('',(#506),#108,.F.);
#5023=ADVANCED_FACE('',(#507),#4741,.T.);
#5024=ADVANCED_FACE('',(#508),#4742,.T.);
#5025=ADVANCED_FACE('',(#509),#4743,.T.);
#5026=ADVANCED_FACE('',(#510),#4744,.T.);
#5027=ADVANCED_FACE('',(#511),#4745,.T.);
#5028=ADVANCED_FACE('',(#512),#4746,.T.);
#5029=ADVANCED_FACE('',(#513),#4747,.T.);
#5030=ADVANCED_FACE('',(#514),#4748,.F.);
#5031=CLOSED_SHELL('',(#4749,#4750,#4751,#4752,#4753,#4754,#4755,#4756,
#4757,#4758));
#5032=CLOSED_SHELL('',(#4759,#4760,#4761,#4762,#4763,#4764));
#5033=CLOSED_SHELL('',(#4765,#4766,#4767));
#5034=CLOSED_SHELL('',(#4768,#4769,#4770));
#5035=CLOSED_SHELL('',(#4771,#4772,#4773,#4774,#4775,#4776,#4777));
#5036=CLOSED_SHELL('',(#4778,#4779,#4780,#4781,#4782,#4783,#4784,#4785,
#4786,#4787));
#5037=CLOSED_SHELL('',(#4788,#4789,#4790));
#5038=CLOSED_SHELL('',(#4791,#4792,#4793));
#5039=CLOSED_SHELL('',(#4794,#4795,#4796,#4797,#4798,#4799,#4800,#4801,
#4802,#4803,#4804,#4805,#4806,#4807,#4808,#4809,#4810,#4811,#4812,#4813,
#4814,#4815,#4816,#4817,#4818,#4819,#4820,#4821,#4822,#4823,#4824,#4825,
#4826,#4827,#4828,#4829,#4830,#4831,#4832,#4833,#4834,#4835,#4836,#4837,
#4838,#4839,#4840,#4841,#4842,#4843,#4844,#4845,#4846,#4847,#4848,#4849,
#4850,#4851,#4852,#4853,#4854,#4855,#4856,#4857,#4858,#4859,#4860,#4861,
#4862,#4863,#4864,#4865,#4866,#4867,#4868,#4869,#4870,#4871,#4872,#4873,
#4874,#4875,#4876,#4877,#4878,#4879,#4880,#4881,#4882,#4883,#4884,#4885,
#4886,#4887,#4888,#4889,#4890,#4891,#4892,#4893,#4894,#4895,#4896,#4897,
#4898,#4899));
#5040=CLOSED_SHELL('',(#4900,#4901,#4902,#4903,#4904,#4905));
#5041=CLOSED_SHELL('',(#4906,#4907,#4908));
#5042=CLOSED_SHELL('',(#4909,#4910,#4911,#4912,#4913,#4914,#4915,#4916,
#4917,#4918,#4919,#4920,#4921,#4922,#4923,#4924,#4925,#4926));
#5043=CLOSED_SHELL('',(#4927,#4928,#4929,#4930,#4931,#4932,#4933,#4934,
#4935,#4936,#4937,#4938,#4939));
#5044=CLOSED_SHELL('',(#4940,#4941,#4942,#4943,#4944,#4945,#4946,#4947,
#4948,#4949,#4950,#4951,#4952));
#5045=CLOSED_SHELL('',(#4953,#4954,#4955,#4956,#4957,#4958,#4959,#4960,
#4961));
#5046=CLOSED_SHELL('',(#4962,#4963,#4964,#4965));
#5047=CLOSED_SHELL('',(#4966,#4967,#4968,#4969));
#5048=CLOSED_SHELL('',(#4970,#4971,#4972,#4973));
#5049=CLOSED_SHELL('',(#4974,#4975,#4976,#4977,#4978,#4979));
#5050=CLOSED_SHELL('',(#4980,#4981,#4982,#4983,#4984,#4985));
#5051=CLOSED_SHELL('',(#4986,#4987,#4988,#4989,#4990,#4991));
#5052=CLOSED_SHELL('',(#4992,#4993,#4994));
#5053=CLOSED_SHELL('',(#4995,#4996,#4997,#4998,#4999,#5000));
#5054=CLOSED_SHELL('',(#5001,#5002,#5003,#5004,#5005,#5006,#5007));
#5055=CLOSED_SHELL('',(#5008,#5009,#5010));
#5056=CLOSED_SHELL('',(#5011,#5012,#5013,#5014,#5015,#5016,#5017,#5018,
#5019,#5020));
#5057=CLOSED_SHELL('',(#5021,#5022,#5023,#5024,#5025,#5026,#5027,#5028,
#5029,#5030));
#5058=DERIVED_UNIT_ELEMENT(#5060,1.);
#5059=DERIVED_UNIT_ELEMENT(#8172,-3.);
#5060=(
MASS_UNIT()
NAMED_UNIT(*)
SI_UNIT(.KILO.,.GRAM.)
);
#5061=DERIVED_UNIT((#5058,#5059));
#5062=MEASURE_REPRESENTATION_ITEM('density measure',
POSITIVE_RATIO_MEASURE(7850.),#5061);
#5063=PROPERTY_DEFINITION_REPRESENTATION(#5068,#5065);
#5064=PROPERTY_DEFINITION_REPRESENTATION(#5069,#5066);
#5065=REPRESENTATION('material name',(#5067),#8169);
#5066=REPRESENTATION('density',(#5062),#8169);
#5067=DESCRIPTIVE_REPRESENTATION_ITEM('Steel','Steel');
#5068=PROPERTY_DEFINITION('material property','material name',#8179);
#5069=PROPERTY_DEFINITION('material property','density of part',#8179);
#5070=AXIS2_PLACEMENT_3D('',#6732,#5425,#5426);
#5071=AXIS2_PLACEMENT_3D('',#6733,#5427,#5428);
#5072=AXIS2_PLACEMENT_3D('',#6750,#5437,#5438);
#5073=AXIS2_PLACEMENT_3D('',#6756,#5442,#5443);
#5074=AXIS2_PLACEMENT_3D('',#6760,#5446,#5447);
#5075=AXIS2_PLACEMENT_3D('',#6766,#5451,#5452);
#5076=AXIS2_PLACEMENT_3D('',#6768,#5454,#5455);
#5077=AXIS2_PLACEMENT_3D('',#6774,#5459,#5460);
#5078=AXIS2_PLACEMENT_3D('',#6778,#5463,#5464);
#5079=AXIS2_PLACEMENT_3D('',#6781,#5467,#5468);
#5080=AXIS2_PLACEMENT_3D('',#6782,#5469,#5470);
#5081=AXIS2_PLACEMENT_3D('',#6783,#5471,#5472);
#5082=AXIS2_PLACEMENT_3D('',#6792,#5477,#5478);
#5083=AXIS2_PLACEMENT_3D('',#6798,#5482,#5483);
#5084=AXIS2_PLACEMENT_3D('',#6804,#5487,#5488);
#5085=AXIS2_PLACEMENT_3D('',#6807,#5491,#5492);
#5086=AXIS2_PLACEMENT_3D('',#6808,#5493,#5494);
#5087=AXIS2_PLACEMENT_3D('',#6809,#5495,#5496);
#5088=AXIS2_PLACEMENT_3D('',#6811,#5497,#5498);
#5089=AXIS2_PLACEMENT_3D('',#6812,#5499,#5500);
#5090=AXIS2_PLACEMENT_3D('',#6814,#5501,#5502);
#5091=AXIS2_PLACEMENT_3D('',#6816,#5504,#5505);
#5092=AXIS2_PLACEMENT_3D('',#6817,#5506,#5507);
#5093=AXIS2_PLACEMENT_3D('',#6819,#5508,#5509);
#5094=AXIS2_PLACEMENT_3D('',#6822,#5511,#5512);
#5095=AXIS2_PLACEMENT_3D('',#6823,#5513,#5514);
#5096=AXIS2_PLACEMENT_3D('',#6824,#5515,#5516);
#5097=AXIS2_PLACEMENT_3D('',#6825,#5517,#5518);
#5098=AXIS2_PLACEMENT_3D('',#6834,#5523,#5524);
#5099=AXIS2_PLACEMENT_3D('',#6840,#5528,#5529);
#5100=AXIS2_PLACEMENT_3D('',#6846,#5533,#5534);
#5101=AXIS2_PLACEMENT_3D('',#6852,#5538,#5539);
#5102=AXIS2_PLACEMENT_3D('',#6855,#5542,#5543);
#5103=AXIS2_PLACEMENT_3D('',#6856,#5544,#5545);
#5104=AXIS2_PLACEMENT_3D('',#6857,#5546,#5547);
#5105=AXIS2_PLACEMENT_3D('',#6874,#5556,#5557);
#5106=AXIS2_PLACEMENT_3D('',#6880,#5561,#5562);
#5107=AXIS2_PLACEMENT_3D('',#6884,#5565,#5566);
#5108=AXIS2_PLACEMENT_3D('',#6890,#5570,#5571);
#5109=AXIS2_PLACEMENT_3D('',#6892,#5573,#5574);
#5110=AXIS2_PLACEMENT_3D('',#6898,#5578,#5579);
#5111=AXIS2_PLACEMENT_3D('',#6902,#5582,#5583);
#5112=AXIS2_PLACEMENT_3D('',#6905,#5586,#5587);
#5113=AXIS2_PLACEMENT_3D('',#6906,#5588,#5589);
#5114=AXIS2_PLACEMENT_3D('',#6907,#5590,#5591);
#5115=AXIS2_PLACEMENT_3D('',#6909,#5592,#5593);
#5116=AXIS2_PLACEMENT_3D('',#6910,#5594,#5595);
#5117=AXIS2_PLACEMENT_3D('',#6912,#5596,#5597);
#5118=AXIS2_PLACEMENT_3D('',#6914,#5599,#5600);
#5119=AXIS2_PLACEMENT_3D('',#6915,#5601,#5602);
#5120=AXIS2_PLACEMENT_3D('',#6917,#5603,#5604);
#5121=AXIS2_PLACEMENT_3D('',#6920,#5606,#5607);
#5122=AXIS2_PLACEMENT_3D('',#6921,#5608,#5609);
#5123=AXIS2_PLACEMENT_3D('',#6922,#5610,#5611);
#5124=AXIS2_PLACEMENT_3D('',#6923,#5612,#5613);
#5125=AXIS2_PLACEMENT_3D('',#6932,#5618,#5619);
#5126=AXIS2_PLACEMENT_3D('',#6941,#5624,#5625);
#5127=AXIS2_PLACEMENT_3D('',#6947,#5629,#5630);
#5128=AXIS2_PLACEMENT_3D('',#6959,#5637,#5638);
#5129=AXIS2_PLACEMENT_3D('',#6962,#5641,#5642);
#5130=AXIS2_PLACEMENT_3D('',#6971,#5647,#5648);
#5131=AXIS2_PLACEMENT_3D('',#6974,#5651,#5652);
#5132=AXIS2_PLACEMENT_3D('',#6980,#5656,#5657);
#5133=AXIS2_PLACEMENT_3D('',#6986,#5661,#5662);
#5134=AXIS2_PLACEMENT_3D('',#6990,#5665,#5666);
#5135=AXIS2_PLACEMENT_3D('',#6996,#5670,#5671);
#5136=AXIS2_PLACEMENT_3D('',#7002,#5675,#5676);
#5137=AXIS2_PLACEMENT_3D('',#7006,#5679,#5680);
#5138=AXIS2_PLACEMENT_3D('',#7012,#5684,#5685);
#5139=AXIS2_PLACEMENT_3D('',#7015,#5688,#5689);
#5140=AXIS2_PLACEMENT_3D('',#7019,#5692,#5693);
#5141=AXIS2_PLACEMENT_3D('',#7023,#5696,#5697);
#5142=AXIS2_PLACEMENT_3D('',#7032,#5702,#5703);
#5143=AXIS2_PLACEMENT_3D('',#7038,#5707,#5708);
#5144=AXIS2_PLACEMENT_3D('',#7042,#5711,#5712);
#5145=AXIS2_PLACEMENT_3D('',#7046,#5715,#5716);
#5146=AXIS2_PLACEMENT_3D('',#7048,#5718,#5719);
#5147=AXIS2_PLACEMENT_3D('',#7050,#5720,#5721);
#5148=AXIS2_PLACEMENT_3D('',#7053,#5723,#5724);
#5149=AXIS2_PLACEMENT_3D('',#7054,#5725,#5726);
#5150=AXIS2_PLACEMENT_3D('',#7056,#5727,#5728);
#5151=AXIS2_PLACEMENT_3D('',#7059,#5730,#5731);
#5152=AXIS2_PLACEMENT_3D('',#7060,#5732,#5733);
#5153=AXIS2_PLACEMENT_3D('',#7068,#5738,#5739);
#5154=AXIS2_PLACEMENT_3D('',#7074,#5743,#5744);
#5155=AXIS2_PLACEMENT_3D('',#7081,#5749,#5750);
#5156=AXIS2_PLACEMENT_3D('',#7090,#5755,#5756);
#5157=AXIS2_PLACEMENT_3D('',#7099,#5761,#5762);
#5158=AXIS2_PLACEMENT_3D('',#7105,#5766,#5767);
#5159=AXIS2_PLACEMENT_3D('',#7114,#5772,#5773);
#5160=AXIS2_PLACEMENT_3D('',#7123,#5778,#5779);
#5161=AXIS2_PLACEMENT_3D('',#7129,#5783,#5784);
#5162=AXIS2_PLACEMENT_3D('',#7138,#5789,#5790);
#5163=AXIS2_PLACEMENT_3D('',#7147,#5795,#5796);
#5164=AXIS2_PLACEMENT_3D('',#7156,#5801,#5802);
#5165=AXIS2_PLACEMENT_3D('',#7159,#5805,#5806);
#5166=AXIS2_PLACEMENT_3D('',#7165,#5810,#5811);
#5167=AXIS2_PLACEMENT_3D('',#7171,#5815,#5816);
#5168=AXIS2_PLACEMENT_3D('',#7296,#5885,#5886);
#5169=AXIS2_PLACEMENT_3D('',#7300,#5889,#5890);
#5170=AXIS2_PLACEMENT_3D('',#7306,#5894,#5895);
#5171=AXIS2_PLACEMENT_3D('',#7310,#5898,#5899);
#5172=AXIS2_PLACEMENT_3D('',#7314,#5902,#5903);
#5173=AXIS2_PLACEMENT_3D('',#7318,#5906,#5907);
#5174=AXIS2_PLACEMENT_3D('',#7322,#5910,#5911);
#5175=AXIS2_PLACEMENT_3D('',#7324,#5913,#5914);
#5176=AXIS2_PLACEMENT_3D('',#7326,#5916,#5917);
#5177=AXIS2_PLACEMENT_3D('',#7328,#5919,#5920);
#5178=AXIS2_PLACEMENT_3D('',#7332,#5923,#5924);
#5179=AXIS2_PLACEMENT_3D('',#7334,#5926,#5927);
#5180=AXIS2_PLACEMENT_3D('',#7336,#5929,#5930);
#5181=AXIS2_PLACEMENT_3D('',#7440,#5984,#5985);
#5182=AXIS2_PLACEMENT_3D('',#7443,#5988,#5989);
#5183=AXIS2_PLACEMENT_3D('',#7445,#5991,#5992);
#5184=AXIS2_PLACEMENT_3D('',#7447,#5994,#5995);
#5185=AXIS2_PLACEMENT_3D('',#7449,#5997,#5998);
#5186=AXIS2_PLACEMENT_3D('',#7450,#5999,#6000);
#5187=AXIS2_PLACEMENT_3D('',#7453,#6003,#6004);
#5188=AXIS2_PLACEMENT_3D('',#7455,#6006,#6007);
#5189=AXIS2_PLACEMENT_3D('',#7457,#6009,#6010);
#5190=AXIS2_PLACEMENT_3D('',#7459,#6012,#6013);
#5191=AXIS2_PLACEMENT_3D('',#7460,#6014,#6015);
#5192=AXIS2_PLACEMENT_3D('',#7463,#6018,#6019);
#5193=AXIS2_PLACEMENT_3D('',#7465,#6021,#6022);
#5194=AXIS2_PLACEMENT_3D('',#7467,#6024,#6025);
#5195=AXIS2_PLACEMENT_3D('',#7468,#6026,#6027);
#5196=AXIS2_PLACEMENT_3D('',#7471,#6030,#6031);
#5197=AXIS2_PLACEMENT_3D('',#7473,#6033,#6034);
#5198=AXIS2_PLACEMENT_3D('',#7475,#6036,#6037);
#5199=AXIS2_PLACEMENT_3D('',#7476,#6038,#6039);
#5200=AXIS2_PLACEMENT_3D('',#7479,#6042,#6043);
#5201=AXIS2_PLACEMENT_3D('',#7481,#6045,#6046);
#5202=AXIS2_PLACEMENT_3D('',#7483,#6048,#6049);
#5203=AXIS2_PLACEMENT_3D('',#7484,#6050,#6051);
#5204=AXIS2_PLACEMENT_3D('',#7487,#6054,#6055);
#5205=AXIS2_PLACEMENT_3D('',#7489,#6057,#6058);
#5206=AXIS2_PLACEMENT_3D('',#7491,#6060,#6061);
#5207=AXIS2_PLACEMENT_3D('',#7492,#6062,#6063);
#5208=AXIS2_PLACEMENT_3D('',#7495,#6066,#6067);
#5209=AXIS2_PLACEMENT_3D('',#7497,#6069,#6070);
#5210=AXIS2_PLACEMENT_3D('',#7499,#6072,#6073);
#5211=AXIS2_PLACEMENT_3D('',#7501,#6075,#6076);
#5212=AXIS2_PLACEMENT_3D('',#7502,#6077,#6078);
#5213=AXIS2_PLACEMENT_3D('',#7505,#6081,#6082);
#5214=AXIS2_PLACEMENT_3D('',#7507,#6084,#6085);
#5215=AXIS2_PLACEMENT_3D('',#7509,#6087,#6088);
#5216=AXIS2_PLACEMENT_3D('',#7511,#6090,#6091);
#5217=AXIS2_PLACEMENT_3D('',#7512,#6092,#6093);
#5218=AXIS2_PLACEMENT_3D('',#7515,#6096,#6097);
#5219=AXIS2_PLACEMENT_3D('',#7517,#6099,#6100);
#5220=AXIS2_PLACEMENT_3D('',#7519,#6102,#6103);
#5221=AXIS2_PLACEMENT_3D('',#7520,#6104,#6105);
#5222=AXIS2_PLACEMENT_3D('',#7523,#6108,#6109);
#5223=AXIS2_PLACEMENT_3D('',#7525,#6111,#6112);
#5224=AXIS2_PLACEMENT_3D('',#7527,#6114,#6115);
#5225=AXIS2_PLACEMENT_3D('',#7528,#6116,#6117);
#5226=AXIS2_PLACEMENT_3D('',#7531,#6120,#6121);
#5227=AXIS2_PLACEMENT_3D('',#7533,#6123,#6124);
#5228=AXIS2_PLACEMENT_3D('',#7535,#6126,#6127);
#5229=AXIS2_PLACEMENT_3D('',#7536,#6128,#6129);
#5230=AXIS2_PLACEMENT_3D('',#7538,#6131,#6132);
#5231=AXIS2_PLACEMENT_3D('',#7540,#6134,#6135);
#5232=AXIS2_PLACEMENT_3D('',#7541,#6136,#6137);
#5233=AXIS2_PLACEMENT_3D('',#7542,#6138,#6139);
#5234=AXIS2_PLACEMENT_3D('',#7543,#6140,#6141);
#5235=AXIS2_PLACEMENT_3D('',#7552,#6146,#6147);
#5236=AXIS2_PLACEMENT_3D('',#7561,#6152,#6153);
#5237=AXIS2_PLACEMENT_3D('',#7564,#6156,#6157);
#5238=AXIS2_PLACEMENT_3D('',#7566,#6159,#6160);
#5239=AXIS2_PLACEMENT_3D('',#7568,#6162,#6163);
#5240=AXIS2_PLACEMENT_3D('',#7569,#6164,#6165);
#5241=AXIS2_PLACEMENT_3D('',#7571,#6166,#6167);
#5242=AXIS2_PLACEMENT_3D('',#7574,#6169,#6170);
#5243=AXIS2_PLACEMENT_3D('',#7575,#6171,#6172);
#5244=AXIS2_PLACEMENT_3D('',#7576,#6173,#6174);
#5245=AXIS2_PLACEMENT_3D('',#7577,#6175,#6176);
#5246=AXIS2_PLACEMENT_3D('',#7586,#6181,#6182);
#5247=AXIS2_PLACEMENT_3D('',#7601,#6190,#6191);
#5248=AXIS2_PLACEMENT_3D('',#7602,#6192,#6193);
#5249=AXIS2_PLACEMENT_3D('',#7606,#6196,#6197);
#5250=AXIS2_PLACEMENT_3D('',#7610,#6200,#6201);
#5251=AXIS2_PLACEMENT_3D('',#7616,#6205,#6206);
#5252=AXIS2_PLACEMENT_3D('',#7620,#6209,#6210);
#5253=AXIS2_PLACEMENT_3D('',#7643,#6213,#6214);
#5254=AXIS2_PLACEMENT_3D('',#7646,#6216,#6217);
#5255=AXIS2_PLACEMENT_3D('',#7647,#6218,#6219);
#5256=AXIS2_PLACEMENT_3D('',#7648,#6220,#6221);
#5257=AXIS2_PLACEMENT_3D('',#7650,#6223,#6224);
#5258=AXIS2_PLACEMENT_3D('',#7652,#6226,#6227);
#5259=AXIS2_PLACEMENT_3D('',#7653,#6228,#6229);
#5260=AXIS2_PLACEMENT_3D('',#7677,#6230,#6231);
#5261=AXIS2_PLACEMENT_3D('',#7683,#6233,#6234);
#5262=AXIS2_PLACEMENT_3D('',#7685,#6236,#6237);
#5263=AXIS2_PLACEMENT_3D('',#7687,#6238,#6239);
#5264=AXIS2_PLACEMENT_3D('',#7690,#6241,#6242);
#5265=AXIS2_PLACEMENT_3D('',#7691,#6243,#6244);
#5266=AXIS2_PLACEMENT_3D('',#7693,#6245,#6246);
#5267=AXIS2_PLACEMENT_3D('',#7696,#6248,#6249);
#5268=AXIS2_PLACEMENT_3D('',#7697,#6250,#6251);
#5269=AXIS2_PLACEMENT_3D('',#7698,#6252,#6253);
#5270=AXIS2_PLACEMENT_3D('',#7699,#6254,#6255);
#5271=AXIS2_PLACEMENT_3D('',#7708,#6260,#6261);
#5272=AXIS2_PLACEMENT_3D('',#7714,#6265,#6266);
#5273=AXIS2_PLACEMENT_3D('',#7718,#6268,#6269);
#5274=AXIS2_PLACEMENT_3D('',#7720,#6270,#6271);
#5275=AXIS2_PLACEMENT_3D('',#7723,#6273,#6274);
#5276=AXIS2_PLACEMENT_3D('',#7725,#6275,#6276);
#5277=AXIS2_PLACEMENT_3D('',#7727,#6277,#6278);
#5278=AXIS2_PLACEMENT_3D('',#7729,#6279,#6280);
#5279=AXIS2_PLACEMENT_3D('',#7730,#6281,#6282);
#5280=AXIS2_PLACEMENT_3D('',#7732,#6283,#6284);
#5281=AXIS2_PLACEMENT_3D('',#7734,#6286,#6287);
#5282=AXIS2_PLACEMENT_3D('',#7736,#6288,#6289);
#5283=AXIS2_PLACEMENT_3D('',#7738,#6291,#6292);
#5284=AXIS2_PLACEMENT_3D('',#7740,#6293,#6294);
#5285=AXIS2_PLACEMENT_3D('',#7742,#6296,#6297);
#5286=AXIS2_PLACEMENT_3D('',#7744,#6298,#6299);
#5287=AXIS2_PLACEMENT_3D('',#7746,#6301,#6302);
#5288=AXIS2_PLACEMENT_3D('',#7752,#6306,#6307);
#5289=AXIS2_PLACEMENT_3D('',#7756,#6310,#6311);
#5290=AXIS2_PLACEMENT_3D('',#7760,#6314,#6315);
#5291=AXIS2_PLACEMENT_3D('',#7761,#6316,#6317);
#5292=AXIS2_PLACEMENT_3D('',#7762,#6318,#6319);
#5293=AXIS2_PLACEMENT_3D('',#7764,#6320,#6321);
#5294=AXIS2_PLACEMENT_3D('',#7765,#6322,#6323);
#5295=AXIS2_PLACEMENT_3D('',#7767,#6325,#6326);
#5296=AXIS2_PLACEMENT_3D('',#7776,#6331,#6332);
#5297=AXIS2_PLACEMENT_3D('',#7782,#6336,#6337);
#5298=AXIS2_PLACEMENT_3D('',#7790,#6342,#6343);
#5299=AXIS2_PLACEMENT_3D('',#7794,#6345,#6346);
#5300=AXIS2_PLACEMENT_3D('',#7795,#6347,#6348);
#5301=AXIS2_PLACEMENT_3D('',#7797,#6349,#6350);
#5302=AXIS2_PLACEMENT_3D('',#7799,#6351,#6352);
#5303=AXIS2_PLACEMENT_3D('',#7801,#6353,#6354);
#5304=AXIS2_PLACEMENT_3D('',#7803,#6355,#6356);
#5305=AXIS2_PLACEMENT_3D('',#7804,#6357,#6358);
#5306=AXIS2_PLACEMENT_3D('',#7807,#6360,#6361);
#5307=AXIS2_PLACEMENT_3D('',#7808,#6362,#6363);
#5308=AXIS2_PLACEMENT_3D('',#7811,#6365,#6366);
#5309=AXIS2_PLACEMENT_3D('',#7812,#6367,#6368);
#5310=AXIS2_PLACEMENT_3D('',#7815,#6370,#6371);
#5311=AXIS2_PLACEMENT_3D('',#7816,#6372,#6373);
#5312=AXIS2_PLACEMENT_3D('',#7819,#6375,#6376);
#5313=AXIS2_PLACEMENT_3D('',#7820,#6377,#6378);
#5314=AXIS2_PLACEMENT_3D('',#7824,#6381,#6382);
#5315=AXIS2_PLACEMENT_3D('',#7828,#6385,#6386);
#5316=AXIS2_PLACEMENT_3D('',#7831,#6388,#6389);
#5317=AXIS2_PLACEMENT_3D('',#7832,#6390,#6391);
#5318=AXIS2_PLACEMENT_3D('',#7833,#6392,#6393);
#5319=AXIS2_PLACEMENT_3D('',#7834,#6394,#6395);
#5320=AXIS2_PLACEMENT_3D('',#7835,#6396,#6397);
#5321=AXIS2_PLACEMENT_3D('',#7837,#6398,#6399);
#5322=AXIS2_PLACEMENT_3D('',#7840,#6401,#6402);
#5323=AXIS2_PLACEMENT_3D('',#7841,#6403,#6404);
#5324=AXIS2_PLACEMENT_3D('',#7843,#6405,#6406);
#5325=AXIS2_PLACEMENT_3D('',#7846,#6408,#6409);
#5326=AXIS2_PLACEMENT_3D('',#7847,#6410,#6411);
#5327=AXIS2_PLACEMENT_3D('',#7849,#6412,#6413);
#5328=AXIS2_PLACEMENT_3D('',#7852,#6415,#6416);
#5329=AXIS2_PLACEMENT_3D('',#7853,#6417,#6418);
#5330=AXIS2_PLACEMENT_3D('',#7862,#6423,#6424);
#5331=AXIS2_PLACEMENT_3D('',#7868,#6428,#6429);
#5332=AXIS2_PLACEMENT_3D('',#7870,#6430,#6431);
#5333=AXIS2_PLACEMENT_3D('',#7872,#6432,#6433);
#5334=AXIS2_PLACEMENT_3D('',#7874,#6435,#6436);
#5335=AXIS2_PLACEMENT_3D('',#7877,#6439,#6440);
#5336=AXIS2_PLACEMENT_3D('',#7878,#6441,#6442);
#5337=AXIS2_PLACEMENT_3D('',#7879,#6443,#6444);
#5338=AXIS2_PLACEMENT_3D('',#7881,#6445,#6446);
#5339=AXIS2_PLACEMENT_3D('',#7884,#6448,#6449);
#5340=AXIS2_PLACEMENT_3D('',#7885,#6450,#6451);
#5341=AXIS2_PLACEMENT_3D('',#7888,#6453,#6454);
#5342=AXIS2_PLACEMENT_3D('',#7889,#6455,#6456);
#5343=AXIS2_PLACEMENT_3D('',#7890,#6457,#6458);
#5344=AXIS2_PLACEMENT_3D('',#7891,#6459,#6460);
#5345=AXIS2_PLACEMENT_3D('',#7893,#6461,#6462);
#5346=AXIS2_PLACEMENT_3D('',#7896,#6464,#6465);
#5347=AXIS2_PLACEMENT_3D('',#7897,#6466,#6467);
#5348=AXIS2_PLACEMENT_3D('',#7900,#6469,#6470);
#5349=AXIS2_PLACEMENT_3D('',#7901,#6471,#6472);
#5350=AXIS2_PLACEMENT_3D('',#7902,#6473,#6474);
#5351=AXIS2_PLACEMENT_3D('',#7903,#6475,#6476);
#5352=AXIS2_PLACEMENT_3D('',#7905,#6477,#6478);
#5353=AXIS2_PLACEMENT_3D('',#7908,#6480,#6481);
#5354=AXIS2_PLACEMENT_3D('',#7909,#6482,#6483);
#5355=AXIS2_PLACEMENT_3D('',#7912,#6485,#6486);
#5356=AXIS2_PLACEMENT_3D('',#7913,#6487,#6488);
#5357=AXIS2_PLACEMENT_3D('',#7914,#6489,#6490);
#5358=AXIS2_PLACEMENT_3D('',#7915,#6491,#6492);
#5359=AXIS2_PLACEMENT_3D('',#7924,#6497,#6498);
#5360=AXIS2_PLACEMENT_3D('',#7930,#6502,#6503);
#5361=AXIS2_PLACEMENT_3D('',#7932,#6504,#6505);
#5362=AXIS2_PLACEMENT_3D('',#7934,#6506,#6507);
#5363=AXIS2_PLACEMENT_3D('',#7936,#6509,#6510);
#5364=AXIS2_PLACEMENT_3D('',#7939,#6513,#6514);
#5365=AXIS2_PLACEMENT_3D('',#7940,#6515,#6516);
#5366=AXIS2_PLACEMENT_3D('',#7941,#6517,#6518);
#5367=AXIS2_PLACEMENT_3D('',#7950,#6523,#6524);
#5368=AXIS2_PLACEMENT_3D('',#7956,#6528,#6529);
#5369=AXIS2_PLACEMENT_3D('',#7962,#6533,#6534);
#5370=AXIS2_PLACEMENT_3D('',#7965,#6537,#6538);
#5371=AXIS2_PLACEMENT_3D('',#7966,#6539,#6540);
#5372=AXIS2_PLACEMENT_3D('',#7967,#6541,#6542);
#5373=AXIS2_PLACEMENT_3D('',#7976,#6547,#6548);
#5374=AXIS2_PLACEMENT_3D('',#7982,#6552,#6553);
#5375=AXIS2_PLACEMENT_3D('',#7988,#6557,#6558);
#5376=AXIS2_PLACEMENT_3D('',#7991,#6561,#6562);
#5377=AXIS2_PLACEMENT_3D('',#7992,#6563,#6564);
#5378=AXIS2_PLACEMENT_3D('',#7993,#6565,#6566);
#5379=AXIS2_PLACEMENT_3D('',#7995,#6567,#6568);
#5380=AXIS2_PLACEMENT_3D('',#7998,#6570,#6571);
#5381=AXIS2_PLACEMENT_3D('',#7999,#6572,#6573);
#5382=AXIS2_PLACEMENT_3D('',#8000,#6574,#6575);
#5383=AXIS2_PLACEMENT_3D('',#8001,#6576,#6577);
#5384=AXIS2_PLACEMENT_3D('',#8010,#6582,#6583);
#5385=AXIS2_PLACEMENT_3D('',#8016,#6587,#6588);
#5386=AXIS2_PLACEMENT_3D('',#8022,#6592,#6593);
#5387=AXIS2_PLACEMENT_3D('',#8025,#6596,#6597);
#5388=AXIS2_PLACEMENT_3D('',#8026,#6598,#6599);
#5389=AXIS2_PLACEMENT_3D('',#8027,#6600,#6601);
#5390=AXIS2_PLACEMENT_3D('',#8038,#6607,#6608);
#5391=AXIS2_PLACEMENT_3D('',#8049,#6614,#6615);
#5392=AXIS2_PLACEMENT_3D('',#8052,#6618,#6619);
#5393=AXIS2_PLACEMENT_3D('',#8054,#6621,#6622);
#5394=AXIS2_PLACEMENT_3D('',#8056,#6624,#6625);
#5395=AXIS2_PLACEMENT_3D('',#8058,#6627,#6628);
#5396=AXIS2_PLACEMENT_3D('',#8059,#6629,#6630);
#5397=AXIS2_PLACEMENT_3D('',#8061,#6631,#6632);
#5398=AXIS2_PLACEMENT_3D('',#8062,#6633,#6634);
#5399=AXIS2_PLACEMENT_3D('',#8064,#6635,#6636);
#5400=AXIS2_PLACEMENT_3D('',#8066,#6638,#6639);
#5401=AXIS2_PLACEMENT_3D('',#8067,#6640,#6641);
#5402=AXIS2_PLACEMENT_3D('',#8076,#6646,#6647);
#5403=AXIS2_PLACEMENT_3D('',#8078,#6648,#6649);
#5404=AXIS2_PLACEMENT_3D('',#8080,#6650,#6651);
#5405=AXIS2_PLACEMENT_3D('',#8082,#6653,#6654);
#5406=AXIS2_PLACEMENT_3D('',#8088,#6658,#6659);
#5407=AXIS2_PLACEMENT_3D('',#8094,#6663,#6664);
#5408=AXIS2_PLACEMENT_3D('',#8100,#6668,#6669);
#5409=AXIS2_PLACEMENT_3D('',#8106,#6673,#6674);
#5410=AXIS2_PLACEMENT_3D('',#8112,#6678,#6679);
#5411=AXIS2_PLACEMENT_3D('',#8115,#6682,#6683);
#5412=AXIS2_PLACEMENT_3D('',#8116,#6684,#6685);
#5413=AXIS2_PLACEMENT_3D('',#8117,#6686,#6687);
#5414=AXIS2_PLACEMENT_3D('',#8126,#6692,#6693);
#5415=AXIS2_PLACEMENT_3D('',#8128,#6694,#6695);
#5416=AXIS2_PLACEMENT_3D('',#8130,#6696,#6697);
#5417=AXIS2_PLACEMENT_3D('',#8132,#6699,#6700);
#5418=AXIS2_PLACEMENT_3D('',#8138,#6704,#6705);
#5419=AXIS2_PLACEMENT_3D('',#8144,#6709,#6710);
#5420=AXIS2_PLACEMENT_3D('',#8150,#6714,#6715);
#5421=AXIS2_PLACEMENT_3D('',#8156,#6719,#6720);
#5422=AXIS2_PLACEMENT_3D('',#8162,#6724,#6725);
#5423=AXIS2_PLACEMENT_3D('',#8165,#6728,#6729);
#5424=AXIS2_PLACEMENT_3D('',#8166,#6730,#6731);
#5425=DIRECTION('axis',(0.,0.,1.));
#5426=DIRECTION('refdir',(1.,0.,0.));
#5427=DIRECTION('center_axis',(0.,-1.,0.));
#5428=DIRECTION('ref_axis',(0.,0.,1.));
#5429=DIRECTION('',(0.,0.,-1.));
#5430=DIRECTION('',(-1.,0.,0.));
#5431=DIRECTION('',(0.,0.,1.));
#5432=DIRECTION('',(-1.,0.,0.));
#5433=DIRECTION('',(0.,0.,1.));
#5434=DIRECTION('',(-1.,0.,0.));
#5435=DIRECTION('',(0.,0.,1.));
#5436=DIRECTION('',(-1.,0.,0.));
#5437=DIRECTION('center_axis',(-1.,0.,0.));
#5438=DIRECTION('ref_axis',(0.,0.,1.));
#5439=DIRECTION('',(0.,0.,-1.));
#5440=DIRECTION('',(0.,1.,0.));
#5441=DIRECTION('',(0.,-1.,0.));
#5442=DIRECTION('center_axis',(0.,0.,1.));
#5443=DIRECTION('ref_axis',(0.,1.,0.));
#5444=DIRECTION('',(-1.,0.,0.));
#5445=DIRECTION('',(0.,1.,0.));
#5446=DIRECTION('center_axis',(0.,0.,-1.));
#5447=DIRECTION('ref_axis',(0.,-1.,0.));
#5448=DIRECTION('',(0.,1.,0.));
#5449=DIRECTION('',(0.,-1.,0.));
#5450=DIRECTION('',(-1.,0.,0.));
#5451=DIRECTION('center_axis',(-1.,0.,0.));
#5452=DIRECTION('ref_axis',(0.,0.,1.));
#5453=DIRECTION('',(0.,0.,-1.));
#5454=DIRECTION('center_axis',(0.,0.,1.));
#5455=DIRECTION('ref_axis',(0.,1.,0.));
#5456=DIRECTION('',(0.,-1.,0.));
#5457=DIRECTION('',(-1.,0.,0.));
#5458=DIRECTION('',(0.,1.,0.));
#5459=DIRECTION('center_axis',(0.,0.,-1.));
#5460=DIRECTION('ref_axis',(0.,-1.,0.));
#5461=DIRECTION('',(0.,-1.,0.));
#5462=DIRECTION('',(-1.,0.,0.));
#5463=DIRECTION('center_axis',(0.,1.,0.));
#5464=DIRECTION('ref_axis',(0.,0.,-1.));
#5465=DIRECTION('',(0.,0.,1.));
#5466=DIRECTION('',(0.,0.,-1.));
#5467=DIRECTION('center_axis',(-1.,0.,0.));
#5468=DIRECTION('ref_axis',(0.,0.,1.));
#5469=DIRECTION('center_axis',(-1.,0.,0.));
#5470=DIRECTION('ref_axis',(0.,-1.,0.));
#5471=DIRECTION('center_axis',(-1.,-1.075927825197E-16,0.));
#5472=DIRECTION('ref_axis',(1.075927825197E-16,-1.,0.));
#5473=DIRECTION('',(-1.075927825197E-16,1.,0.));
#5474=DIRECTION('',(0.,0.,1.));
#5475=DIRECTION('',(1.075927825197E-16,-1.,0.));
#5476=DIRECTION('',(0.,0.,1.));
#5477=DIRECTION('center_axis',(0.,1.,0.));
#5478=DIRECTION('ref_axis',(-1.,0.,0.));
#5479=DIRECTION('',(1.,0.,0.));
#5480=DIRECTION('',(-1.,0.,0.));
#5481=DIRECTION('',(0.,0.,1.));
#5482=DIRECTION('center_axis',(1.,-1.075927825197E-16,0.));
#5483=DIRECTION('ref_axis',(1.075927825197E-16,1.,0.));
#5484=DIRECTION('',(-1.075927825197E-16,-1.,0.));
#5485=DIRECTION('',(1.075927825197E-16,1.,0.));
#5486=DIRECTION('',(0.,0.,1.));
#5487=DIRECTION('center_axis',(-1.27155106614191E-16,-1.,0.));
#5488=DIRECTION('ref_axis',(1.,-1.27155106614191E-16,0.));
#5489=DIRECTION('',(1.,-1.27155106614191E-16,0.));
#5490=DIRECTION('',(1.,-1.27155106614191E-16,0.));
#5491=DIRECTION('center_axis',(0.,0.,1.));
#5492=DIRECTION('ref_axis',(1.,0.,0.));
#5493=DIRECTION('center_axis',(0.,0.,1.));
#5494=DIRECTION('ref_axis',(-1.,0.,0.));
#5495=DIRECTION('center_axis',(0.,0.,1.));
#5496=DIRECTION('ref_axis',(-1.,0.,0.));
#5497=DIRECTION('center_axis',(0.,0.,-1.));
#5498=DIRECTION('ref_axis',(-1.,0.,0.));
#5499=DIRECTION('center_axis',(0.,0.,1.));
#5500=DIRECTION('ref_axis',(-1.,0.,0.));
#5501=DIRECTION('center_axis',(0.,0.,1.));
#5502=DIRECTION('ref_axis',(-1.,0.,0.));
#5503=DIRECTION('',(0.,0.,-1.));
#5504=DIRECTION('center_axis',(0.,0.,1.));
#5505=DIRECTION('ref_axis',(-1.,0.,0.));
#5506=DIRECTION('center_axis',(-1.,0.,0.));
#5507=DIRECTION('ref_axis',(0.,-1.,0.));
#5508=DIRECTION('center_axis',(-1.,0.,0.));
#5509=DIRECTION('ref_axis',(0.,-1.,0.));
#5510=DIRECTION('',(1.,0.,0.));
#5511=DIRECTION('center_axis',(-1.,0.,0.));
#5512=DIRECTION('ref_axis',(0.,-1.,0.));
#5513=DIRECTION('center_axis',(-1.,0.,0.));
#5514=DIRECTION('ref_axis',(0.,-1.,0.));
#5515=DIRECTION('center_axis',(-1.,0.,0.));
#5516=DIRECTION('ref_axis',(0.,-1.,0.));
#5517=DIRECTION('center_axis',(0.,1.,0.));
#5518=DIRECTION('ref_axis',(1.,0.,0.));
#5519=DIRECTION('',(-1.,0.,0.));
#5520=DIRECTION('',(0.,0.,-1.));
#5521=DIRECTION('',(1.,0.,0.));
#5522=DIRECTION('',(0.,0.,1.));
#5523=DIRECTION('center_axis',(0.991881664685851,-0.127164315985365,0.));
#5524=DIRECTION('ref_axis',(-0.127164315985365,-0.991881664685851,0.));
#5525=DIRECTION('',(0.127164315985365,0.991881664685851,0.));
#5526=DIRECTION('',(-0.127164315985365,-0.991881664685851,0.));
#5527=DIRECTION('',(0.,0.,-1.));
#5528=DIRECTION('center_axis',(-1.,0.,0.));
#5529=DIRECTION('ref_axis',(0.,1.,0.));
#5530=DIRECTION('',(0.,-1.,0.));
#5531=DIRECTION('',(0.,0.,1.));
#5532=DIRECTION('',(0.,1.,0.));
#5533=DIRECTION('center_axis',(1.,0.,0.));
#5534=DIRECTION('ref_axis',(0.,-1.,0.));
#5535=DIRECTION('',(0.,1.,0.));
#5536=DIRECTION('',(0.,-1.,0.));
#5537=DIRECTION('',(0.,0.,-1.));
#5538=DIRECTION('center_axis',(0.,-1.,0.));
#5539=DIRECTION('ref_axis',(-1.,0.,0.));
#5540=DIRECTION('',(1.,0.,0.));
#5541=DIRECTION('',(-1.,0.,0.));
#5542=DIRECTION('center_axis',(0.,0.,-1.));
#5543=DIRECTION('ref_axis',(-1.,0.,0.));
#5544=DIRECTION('center_axis',(0.,0.,-1.));
#5545=DIRECTION('ref_axis',(1.,0.,0.));
#5546=DIRECTION('center_axis',(0.,1.,0.));
#5547=DIRECTION('ref_axis',(0.,0.,1.));
#5548=DIRECTION('',(0.,0.,-1.));
#5549=DIRECTION('',(1.,0.,0.));
#5550=DIRECTION('',(0.,0.,1.));
#5551=DIRECTION('',(1.,0.,0.));
#5552=DIRECTION('',(0.,0.,1.));
#5553=DIRECTION('',(1.,0.,0.));
#5554=DIRECTION('',(0.,0.,1.));
#5555=DIRECTION('',(1.,0.,0.));
#5556=DIRECTION('center_axis',(-1.,0.,0.));
#5557=DIRECTION('ref_axis',(0.,0.,1.));
#5558=DIRECTION('',(0.,0.,-1.));
#5559=DIRECTION('',(0.,-1.,0.));
#5560=DIRECTION('',(0.,1.,0.));
#5561=DIRECTION('center_axis',(0.,0.,-1.));
#5562=DIRECTION('ref_axis',(0.,1.,0.));
#5563=DIRECTION('',(0.,1.,0.));
#5564=DIRECTION('',(1.,0.,0.));
#5565=DIRECTION('center_axis',(0.,0.,1.));
#5566=DIRECTION('ref_axis',(0.,-1.,0.));
#5567=DIRECTION('',(0.,1.,0.));
#5568=DIRECTION('',(1.,0.,0.));
#5569=DIRECTION('',(0.,-1.,0.));
#5570=DIRECTION('center_axis',(-1.,0.,0.));
#5571=DIRECTION('ref_axis',(0.,0.,1.));
#5572=DIRECTION('',(0.,0.,-1.));
#5573=DIRECTION('center_axis',(0.,0.,-1.));
#5574=DIRECTION('ref_axis',(0.,1.,0.));
#5575=DIRECTION('',(0.,-1.,0.));
#5576=DIRECTION('',(0.,1.,0.));
#5577=DIRECTION('',(1.,0.,0.));
#5578=DIRECTION('center_axis',(0.,0.,1.));
#5579=DIRECTION('ref_axis',(0.,-1.,0.));
#5580=DIRECTION('',(1.,0.,0.));
#5581=DIRECTION('',(0.,-1.,0.));
#5582=DIRECTION('center_axis',(0.,-1.,0.));
#5583=DIRECTION('ref_axis',(0.,0.,-1.));
#5584=DIRECTION('',(0.,0.,1.));
#5585=DIRECTION('',(0.,0.,-1.));
#5586=DIRECTION('center_axis',(-1.,0.,0.));
#5587=DIRECTION('ref_axis',(0.,0.,1.));
#5588=DIRECTION('center_axis',(-1.,0.,0.));
#5589=DIRECTION('ref_axis',(0.,-1.,0.));
#5590=DIRECTION('center_axis',(0.,0.,-1.));
#5591=DIRECTION('ref_axis',(1.,0.,0.));
#5592=DIRECTION('center_axis',(0.,0.,1.));
#5593=DIRECTION('ref_axis',(1.,0.,0.));
#5594=DIRECTION('center_axis',(0.,0.,-1.));
#5595=DIRECTION('ref_axis',(1.,0.,0.));
#5596=DIRECTION('center_axis',(0.,0.,-1.));
#5597=DIRECTION('ref_axis',(1.,0.,0.));
#5598=DIRECTION('',(0.,0.,-1.));
#5599=DIRECTION('center_axis',(0.,0.,-1.));
#5600=DIRECTION('ref_axis',(1.,0.,0.));
#5601=DIRECTION('center_axis',(-1.,0.,0.));
#5602=DIRECTION('ref_axis',(0.,-1.,0.));
#5603=DIRECTION('center_axis',(-1.,0.,0.));
#5604=DIRECTION('ref_axis',(0.,-1.,0.));
#5605=DIRECTION('',(-1.,0.,0.));
#5606=DIRECTION('center_axis',(-1.,0.,0.));
#5607=DIRECTION('ref_axis',(0.,-1.,0.));
#5608=DIRECTION('center_axis',(-1.,0.,0.));
#5609=DIRECTION('ref_axis',(0.,-1.,0.));
#5610=DIRECTION('center_axis',(-1.,0.,0.));
#5611=DIRECTION('ref_axis',(0.,-1.,0.));
#5612=DIRECTION('center_axis',(0.,0.447213595499958,-0.894427190999916));
#5613=DIRECTION('ref_axis',(0.,0.894427190999916,0.447213595499958));
#5614=DIRECTION('',(0.,-0.894427190999916,-0.447213595499958));
#5615=DIRECTION('',(-1.,0.,0.));
#5616=DIRECTION('',(0.,0.894427190999916,0.447213595499958));
#5617=DIRECTION('',(1.,0.,0.));
#5618=DIRECTION('center_axis',(0.,-0.447213595499958,0.894427190999916));
#5619=DIRECTION('ref_axis',(0.,-0.894427190999916,-0.447213595499958));
#5620=DIRECTION('',(0.,-0.894427190999916,-0.447213595499958));
#5621=DIRECTION('',(1.,0.,0.));
#5622=DIRECTION('',(0.,-0.894427190999916,-0.447213595499958));
#5623=DIRECTION('',(1.,0.,0.));
#5624=DIRECTION('center_axis',(0.,0.,1.));
#5625=DIRECTION('ref_axis',(1.,0.,0.));
#5626=DIRECTION('',(0.,1.,0.));
#5627=DIRECTION('',(-1.,0.,0.));
#5628=DIRECTION('',(0.,-1.,0.));
#5629=DIRECTION('center_axis',(0.,-1.,0.));
#5630=DIRECTION('ref_axis',(1.,0.,0.));
#5631=DIRECTION('',(0.,0.,-1.));
#5632=DIRECTION('',(1.,0.,0.));
#5633=DIRECTION('',(0.,0.,1.));
#5634=DIRECTION('',(-1.,0.,0.));
#5635=DIRECTION('',(0.,0.,1.));
#5636=DIRECTION('',(1.,0.,0.));
#5637=DIRECTION('center_axis',(0.,-1.,0.));
#5638=DIRECTION('ref_axis',(1.,0.,0.));
#5639=DIRECTION('',(0.,0.,1.));
#5640=DIRECTION('',(0.,0.,1.));
#5641=DIRECTION('center_axis',(0.,1.,0.));
#5642=DIRECTION('ref_axis',(0.,0.,1.));
#5643=DIRECTION('',(0.,0.,-1.));
#5644=DIRECTION('',(1.,0.,0.));
#5645=DIRECTION('',(0.,0.,1.));
#5646=DIRECTION('',(1.,0.,0.));
#5647=DIRECTION('center_axis',(0.,0.,-1.));
#5648=DIRECTION('ref_axis',(0.,1.,0.));
#5649=DIRECTION('',(0.,-1.,0.));
#5650=DIRECTION('',(0.,1.,0.));
#5651=DIRECTION('center_axis',(1.,0.,0.));
#5652=DIRECTION('ref_axis',(0.,1.,0.));
#5653=DIRECTION('',(0.,1.,0.));
#5654=DIRECTION('',(0.,0.,1.));
#5655=DIRECTION('',(0.,1.,0.));
#5656=DIRECTION('center_axis',(0.,1.,0.));
#5657=DIRECTION('ref_axis',(-1.,0.,0.));
#5658=DIRECTION('',(-1.,0.,0.));
#5659=DIRECTION('',(0.,0.,1.));
#5660=DIRECTION('',(-1.,0.,0.));
#5661=DIRECTION('center_axis',(0.,0.,1.));
#5662=DIRECTION('ref_axis',(-1.,0.,0.));
#5663=DIRECTION('',(-1.,0.,0.));
#5664=DIRECTION('',(0.,1.,0.));
#5665=DIRECTION('center_axis',(0.,1.,0.));
#5666=DIRECTION('ref_axis',(-1.,0.,0.));
#5667=DIRECTION('',(1.,0.,0.));
#5668=DIRECTION('',(0.,0.,1.));
#5669=DIRECTION('',(0.,0.,1.));
#5670=DIRECTION('center_axis',(-1.,0.,0.));
#5671=DIRECTION('ref_axis',(0.,-1.,0.));
#5672=DIRECTION('',(0.,-1.,0.));
#5673=DIRECTION('',(0.,0.,1.));
#5674=DIRECTION('',(0.,1.,0.));
#5675=DIRECTION('center_axis',(-1.,0.,0.));
#5676=DIRECTION('ref_axis',(0.,-1.,0.));
#5677=DIRECTION('',(0.,0.,1.));
#5678=DIRECTION('',(0.,1.,0.));
#5679=DIRECTION('center_axis',(0.,1.,0.));
#5680=DIRECTION('ref_axis',(-1.,0.,0.));
#5681=DIRECTION('',(-1.,0.,0.));
#5682=DIRECTION('',(-1.,0.,0.));
#5683=DIRECTION('',(0.,0.,1.));
#5684=DIRECTION('center_axis',(0.,0.,1.));
#5685=DIRECTION('ref_axis',(1.,0.,0.));
#5686=DIRECTION('',(0.,1.,0.));
#5687=DIRECTION('',(0.,-1.,0.));
#5688=DIRECTION('center_axis',(0.,0.,1.));
#5689=DIRECTION('ref_axis',(-1.,0.,0.));
#5690=DIRECTION('',(-1.,0.,0.));
#5691=DIRECTION('',(0.,-1.,0.));
#5692=DIRECTION('center_axis',(0.,1.,0.));
#5693=DIRECTION('ref_axis',(-1.,0.,0.));
#5694=DIRECTION('',(1.,0.,0.));
#5695=DIRECTION('',(0.,0.,1.));
#5696=DIRECTION('center_axis',(1.,4.50306458787964E-14,-2.7573318169503E-30));
#5697=DIRECTION('ref_axis',(0.,6.12323399573677E-17,1.));
#5698=DIRECTION('',(4.50306458787964E-14,-1.,0.));
#5699=DIRECTION('',(0.,6.12323399573677E-17,1.));
#5700=DIRECTION('',(4.50306458787964E-14,-1.,0.));
#5701=DIRECTION('',(0.,6.12323399573677E-17,1.));
#5702=DIRECTION('center_axis',(4.50306458787964E-14,-1.,0.));
#5703=DIRECTION('ref_axis',(0.,0.,-1.));
#5704=DIRECTION('',(-1.,-4.50306458787964E-14,0.));
#5705=DIRECTION('',(1.,4.5072582995945E-14,-2.75989972476437E-30));
#5706=DIRECTION('',(0.,-2.96265227841305E-15,-1.));
#5707=DIRECTION('center_axis',(-2.75989972476437E-30,-1.24280067166852E-43,
-1.));
#5708=DIRECTION('ref_axis',(1.,4.5072582995945E-14,-2.75989972476437E-30));
#5709=DIRECTION('',(1.,4.5072582995945E-14,-2.75989972476437E-30));
#5710=DIRECTION('',(4.50306458787964E-14,-1.,0.));
#5711=DIRECTION('center_axis',(-1.,-4.50306458787964E-14,1.33410145611227E-28));
#5712=DIRECTION('ref_axis',(0.,-2.96265227841305E-15,-1.));
#5713=DIRECTION('',(-4.50306458787964E-14,1.,0.));
#5714=DIRECTION('',(0.,-2.96265227841305E-15,-1.));
#5715=DIRECTION('center_axis',(4.5072582995945E-14,-1.,6.12323399573677E-17));
#5716=DIRECTION('ref_axis',(-1.,-4.5072582995945E-14,2.75989972476437E-30));
#5717=DIRECTION('',(1.,4.5072582995945E-14,0.));
#5718=DIRECTION('center_axis',(1.,0.,0.));
#5719=DIRECTION('ref_axis',(0.,-1.,0.));
#5720=DIRECTION('center_axis',(1.,0.,0.));
#5721=DIRECTION('ref_axis',(0.,-1.,0.));
#5722=DIRECTION('',(1.,0.,0.));
#5723=DIRECTION('center_axis',(-1.,0.,0.));
#5724=DIRECTION('ref_axis',(0.,-1.,0.));
#5725=DIRECTION('center_axis',(1.,0.,0.));
#5726=DIRECTION('ref_axis',(0.,-1.,0.));
#5727=DIRECTION('center_axis',(1.,0.,0.));
#5728=DIRECTION('ref_axis',(0.,-1.,0.));
#5729=DIRECTION('',(1.,0.,0.));
#5730=DIRECTION('center_axis',(-1.,0.,0.));
#5731=DIRECTION('ref_axis',(0.,-1.,0.));
#5732=DIRECTION('center_axis',(-1.,0.,0.));
#5733=DIRECTION('ref_axis',(0.,-1.,0.));
#5734=DIRECTION('',(0.,-1.,0.));
#5735=DIRECTION('',(0.,0.,1.));
#5736=DIRECTION('',(0.,-1.,0.));
#5737=DIRECTION('',(0.,0.,1.));
#5738=DIRECTION('center_axis',(0.,-1.,0.));
#5739=DIRECTION('ref_axis',(1.,0.,0.));
#5740=DIRECTION('',(1.,0.,0.));
#5741=DIRECTION('',(0.,0.,1.));
#5742=DIRECTION('',(1.,0.,0.));
#5743=DIRECTION('center_axis',(1.,0.,0.));
#5744=DIRECTION('ref_axis',(0.,1.,0.));
#5745=DIRECTION('',(0.,1.,0.));
#5746=DIRECTION('',(0.,0.,1.));
#5747=DIRECTION('',(0.,1.,0.));
#5748=DIRECTION('',(0.,1.,0.));
#5749=DIRECTION('center_axis',(-0.991881664685851,0.127164315985366,0.));
#5750=DIRECTION('ref_axis',(-0.127164315985366,-0.991881664685851,0.));
#5751=DIRECTION('',(-0.127164315985366,-0.991881664685851,0.));
#5752=DIRECTION('',(0.,0.,1.));
#5753=DIRECTION('',(-0.127164315985366,-0.991881664685851,0.));
#5754=DIRECTION('',(0.,0.,1.));
#5755=DIRECTION('center_axis',(0.991881664685851,0.127164315985365,0.));
#5756=DIRECTION('ref_axis',(-0.127164315985365,0.991881664685851,0.));
#5757=DIRECTION('',(-0.127164315985365,0.991881664685851,0.));
#5758=DIRECTION('',(0.,0.,1.));
#5759=DIRECTION('',(-0.127164315985365,0.991881664685851,0.));
#5760=DIRECTION('',(0.,0.,-1.));
#5761=DIRECTION('center_axis',(0.991881664685851,0.127164315985365,0.));
#5762=DIRECTION('ref_axis',(-0.127164315985365,0.991881664685851,0.));
#5763=DIRECTION('',(-0.127164315985365,0.991881664685851,0.));
#5764=DIRECTION('',(0.,0.,1.));
#5765=DIRECTION('',(-0.127164315985365,0.991881664685851,0.));
#5766=DIRECTION('center_axis',(-1.,0.,0.));
#5767=DIRECTION('ref_axis',(0.,-1.,0.));
#5768=DIRECTION('',(0.,-1.,0.));
#5769=DIRECTION('',(0.,0.,1.));
#5770=DIRECTION('',(0.,-1.,0.));
#5771=DIRECTION('',(0.,0.,1.));
#5772=DIRECTION('center_axis',(1.,0.,0.));
#5773=DIRECTION('ref_axis',(0.,1.,0.));
#5774=DIRECTION('',(0.,1.,0.));
#5775=DIRECTION('',(0.,0.,1.));
#5776=DIRECTION('',(0.,1.,0.));
#5777=DIRECTION('',(0.,0.,1.));
#5778=DIRECTION('center_axis',(1.,0.,0.));
#5779=DIRECTION('ref_axis',(0.,1.,0.));
#5780=DIRECTION('',(0.,1.,0.));
#5781=DIRECTION('',(0.,0.,1.));
#5782=DIRECTION('',(0.,1.,0.));
#5783=DIRECTION('center_axis',(-1.,2.23792987640976E-16,0.));
#5784=DIRECTION('ref_axis',(-2.23792987640976E-16,-1.,0.));
#5785=DIRECTION('',(-2.23792987640976E-16,-1.,0.));
#5786=DIRECTION('',(0.,0.,1.));
#5787=DIRECTION('',(-2.23792987640976E-16,-1.,0.));
#5788=DIRECTION('',(0.,0.,1.));
#5789=DIRECTION('center_axis',(1.,0.,0.));
#5790=DIRECTION('ref_axis',(0.,1.,0.));
#5791=DIRECTION('',(0.,0.,1.));
#5792=DIRECTION('',(0.,1.,0.));
#5793=DIRECTION('',(0.,0.,1.));
#5794=DIRECTION('',(0.,-1.,0.));
#5795=DIRECTION('center_axis',(1.,0.,0.));
#5796=DIRECTION('ref_axis',(0.,0.,-1.));
#5797=DIRECTION('',(0.,0.,-1.));
#5798=DIRECTION('',(0.,-1.,0.));
#5799=DIRECTION('',(0.,0.,1.));
#5800=DIRECTION('',(0.,1.,0.));
#5801=DIRECTION('center_axis',(0.,1.,0.));
#5802=DIRECTION('ref_axis',(0.,0.,-1.));
#5803=DIRECTION('',(-1.,0.,0.));
#5804=DIRECTION('',(1.,0.,0.));
#5805=DIRECTION('center_axis',(0.,1.,0.));
#5806=DIRECTION('ref_axis',(-1.,0.,0.));
#5807=DIRECTION('',(-1.,0.,0.));
#5808=DIRECTION('',(0.,0.,1.));
#5809=DIRECTION('',(1.,0.,0.));
#5810=DIRECTION('center_axis',(0.,-1.,0.));
#5811=DIRECTION('ref_axis',(1.,0.,0.));
#5812=DIRECTION('',(1.,0.,0.));
#5813=DIRECTION('',(0.,0.,-1.));
#5814=DIRECTION('',(1.,0.,0.));
#5815=DIRECTION('center_axis',(0.,0.,1.));
#5816=DIRECTION('ref_axis',(1.,0.,0.));
#5817=DIRECTION('',(0.,-1.,0.));
#5818=DIRECTION('',(0.,-1.,0.));
#5819=DIRECTION('',(-1.,0.,0.));
#5820=DIRECTION('',(0.,1.,0.));
#5821=DIRECTION('',(1.,0.,0.));
#5822=DIRECTION('',(-1.,0.,0.));
#5823=DIRECTION('',(0.,1.,0.));
#5824=DIRECTION('',(1.,0.,0.));
#5825=DIRECTION('',(0.127164315985364,-0.991881664685851,0.));
#5826=DIRECTION('',(0.,-1.,0.));
#5827=DIRECTION('',(1.,0.,0.));
#5828=DIRECTION('',(0.,1.,0.));
#5829=DIRECTION('',(-1.,0.,0.));
#5830=DIRECTION('',(1.,0.,0.));
#5831=DIRECTION('',(0.,1.,0.));
#5832=DIRECTION('',(-1.,0.,0.));
#5833=DIRECTION('',(-1.,0.,0.));
#5834=DIRECTION('',(1.,0.,0.));
#5835=DIRECTION('',(0.,-1.,0.));
#5836=DIRECTION('',(1.,0.,0.));
#5837=DIRECTION('',(0.,-1.,0.));
#5838=DIRECTION('',(-1.,0.,0.));
#5839=DIRECTION('',(-0.127164315985366,-0.991881664685851,0.));
#5840=DIRECTION('',(0.,1.,0.));
#5841=DIRECTION('',(0.127164315985365,0.991881664685851,0.));
#5842=DIRECTION('',(1.,0.,0.));
#5843=DIRECTION('',(0.,-1.,0.));
#5844=DIRECTION('',(-1.,0.,0.));
#5845=DIRECTION('',(0.,-1.,0.));
#5846=DIRECTION('',(1.,0.,0.));
#5847=DIRECTION('',(5.37963912598499E-17,-1.,0.));
#5848=DIRECTION('',(-1.,0.,0.));
#5849=DIRECTION('',(1.,0.,0.));
#5850=DIRECTION('',(-0.127164315985366,-0.991881664685851,0.));
#5851=DIRECTION('',(0.,1.,0.));
#5852=DIRECTION('',(1.,0.,0.));
#5853=DIRECTION('',(0.,-1.,0.));
#5854=DIRECTION('',(-1.,0.,0.));
#5855=DIRECTION('',(0.127164315985365,0.991881664685851,0.));
#5856=DIRECTION('',(0.,1.,0.));
#5857=DIRECTION('',(1.,0.,0.));
#5858=DIRECTION('',(0.,-1.,0.));
#5859=DIRECTION('',(-1.,0.,0.));
#5860=DIRECTION('',(0.,1.,0.));
#5861=DIRECTION('',(1.,0.,0.));
#5862=DIRECTION('',(0.,-1.,0.));
#5863=DIRECTION('',(-1.,0.,0.));
#5864=DIRECTION('',(1.,0.,0.));
#5865=DIRECTION('',(0.,-1.,0.));
#5866=DIRECTION('',(-1.,0.,0.));
#5867=DIRECTION('',(0.,1.,0.));
#5868=DIRECTION('',(0.,1.,0.));
#5869=DIRECTION('',(1.,0.,0.));
#5870=DIRECTION('',(0.,-1.,0.));
#5871=DIRECTION('',(0.127164315985364,-0.991881664685851,0.));
#5872=DIRECTION('',(-1.,0.,0.));
#5873=DIRECTION('',(1.,0.,0.));
#5874=DIRECTION('',(0.,-1.,0.));
#5875=DIRECTION('',(-1.,0.,0.));
#5876=DIRECTION('',(0.,1.,0.));
#5877=DIRECTION('',(0.,-1.,0.));
#5878=DIRECTION('',(-1.,0.,0.));
#5879=DIRECTION('',(0.,1.,0.));
#5880=DIRECTION('',(1.,0.,0.));
#5881=DIRECTION('',(1.,0.,0.));
#5882=DIRECTION('',(0.,-1.,0.));
#5883=DIRECTION('',(-1.,0.,0.));
#5884=DIRECTION('',(-0.127164315985365,0.991881664685851,0.));
#5885=DIRECTION('center_axis',(0.,-1.,0.));
#5886=DIRECTION('ref_axis',(0.,0.,1.));
#5887=DIRECTION('',(-1.,0.,0.));
#5888=DIRECTION('',(0.,0.,1.));
#5889=DIRECTION('center_axis',(0.,1.,0.));
#5890=DIRECTION('ref_axis',(-1.,0.,0.));
#5891=DIRECTION('',(0.,0.,-1.));
#5892=DIRECTION('',(0.,0.,1.));
#5893=DIRECTION('',(1.,0.,0.));
#5894=DIRECTION('center_axis',(0.991881664685851,0.127164315985365,0.));
#5895=DIRECTION('ref_axis',(-0.127164315985365,0.991881664685851,0.));
#5896=DIRECTION('',(0.,0.,1.));
#5897=DIRECTION('',(0.127164315985365,-0.991881664685851,0.));
#5898=DIRECTION('center_axis',(0.,-1.,0.));
#5899=DIRECTION('ref_axis',(1.,0.,0.));
#5900=DIRECTION('',(0.,0.,1.));
#5901=DIRECTION('',(-1.,0.,0.));
#5902=DIRECTION('center_axis',(0.,1.,0.));
#5903=DIRECTION('ref_axis',(-1.,0.,0.));
#5904=DIRECTION('',(1.,0.,0.));
#5905=DIRECTION('',(0.,0.,1.));
#5906=DIRECTION('center_axis',(1.,0.,0.));
#5907=DIRECTION('ref_axis',(0.,1.,0.));
#5908=DIRECTION('',(0.,-1.,0.));
#5909=DIRECTION('',(0.,0.,1.));
#5910=DIRECTION('center_axis',(0.,-1.,0.));
#5911=DIRECTION('ref_axis',(1.,0.,0.));
#5912=DIRECTION('',(-1.,0.,0.));
#5913=DIRECTION('center_axis',(-1.,0.,0.));
#5914=DIRECTION('ref_axis',(0.,-1.,0.));
#5915=DIRECTION('',(0.,1.,0.));
#5916=DIRECTION('center_axis',(-0.991881664685851,0.127164315985366,0.));
#5917=DIRECTION('ref_axis',(-0.127164315985366,-0.991881664685851,0.));
#5918=DIRECTION('',(-0.127164315985366,-0.991881664685851,0.));
#5919=DIRECTION('center_axis',(-0.991881664685851,0.127164315985366,0.));
#5920=DIRECTION('ref_axis',(-0.127164315985366,-0.991881664685851,0.));
#5921=DIRECTION('',(0.,0.,-1.));
#5922=DIRECTION('',(0.127164315985366,0.991881664685851,0.));
#5923=DIRECTION('center_axis',(0.,1.,0.));
#5924=DIRECTION('ref_axis',(-1.,0.,0.));
#5925=DIRECTION('',(-1.,0.,0.));
#5926=DIRECTION('center_axis',(0.,-1.,0.));
#5927=DIRECTION('ref_axis',(1.,0.,0.));
#5928=DIRECTION('',(-1.,0.,0.));
#5929=DIRECTION('center_axis',(0.,0.,1.));
#5930=DIRECTION('ref_axis',(1.,0.,0.));
#5931=DIRECTION('',(-1.,0.,0.));
#5932=DIRECTION('',(1.,0.,0.));
#5933=DIRECTION('',(0.,-1.,0.));
#5934=DIRECTION('',(-1.,0.,0.));
#5935=DIRECTION('',(0.,-1.,0.));
#5936=DIRECTION('',(0.127164315985365,0.991881664685851,0.));
#5937=DIRECTION('',(0.,1.,0.));
#5938=DIRECTION('',(-1.,0.,0.));
#5939=DIRECTION('',(0.,-1.,0.));
#5940=DIRECTION('',(1.,0.,0.));
#5941=DIRECTION('',(0.127164315985365,0.991881664685851,0.));
#5942=DIRECTION('',(-1.,0.,0.));
#5943=DIRECTION('',(0.,-1.,0.));
#5944=DIRECTION('',(1.,0.,0.));
#5945=DIRECTION('',(0.,1.,0.));
#5946=DIRECTION('',(-1.,0.,0.));
#5947=DIRECTION('',(0.,-1.,0.));
#5948=DIRECTION('',(1.,0.,0.));
#5949=DIRECTION('',(0.,1.,0.));
#5950=DIRECTION('',(-1.,0.,0.));
#5951=DIRECTION('',(0.,-1.,0.));
#5952=DIRECTION('',(1.,0.,0.));
#5953=DIRECTION('',(0.,1.,0.));
#5954=DIRECTION('',(0.,1.,0.));
#5955=DIRECTION('',(-1.,0.,0.));
#5956=DIRECTION('',(0.,-1.,0.));
#5957=DIRECTION('',(1.,0.,0.));
#5958=DIRECTION('',(5.37963912598499E-17,-1.,0.));
#5959=DIRECTION('',(1.,0.,0.));
#5960=DIRECTION('',(0.,1.,0.));
#5961=DIRECTION('',(-1.,0.,0.));
#5962=DIRECTION('',(-1.,0.,0.));
#5963=DIRECTION('',(0.,-1.,0.));
#5964=DIRECTION('',(0.127164315985364,-0.991881664685851,0.));
#5965=DIRECTION('',(1.,0.,0.));
#5966=DIRECTION('',(0.,1.,0.));
#5967=DIRECTION('',(-1.,0.,0.));
#5968=DIRECTION('',(0.127164315985364,-0.991881664685851,0.));
#5969=DIRECTION('',(0.,-1.,0.));
#5970=DIRECTION('',(1.,0.,0.));
#5971=DIRECTION('',(0.,1.,0.));
#5972=DIRECTION('',(0.,1.,0.));
#5973=DIRECTION('',(-1.,0.,0.));
#5974=DIRECTION('',(0.,-1.,0.));
#5975=DIRECTION('',(1.,0.,0.));
#5976=DIRECTION('',(1.,0.,0.));
#5977=DIRECTION('',(0.,1.,0.));
#5978=DIRECTION('',(-1.,0.,0.));
#5979=DIRECTION('',(0.,-1.,0.));
#5980=DIRECTION('',(0.,-1.,0.));
#5981=DIRECTION('',(1.,0.,0.));
#5982=DIRECTION('',(0.,1.,0.));
#5983=DIRECTION('',(-1.,0.,0.));
#5984=DIRECTION('center_axis',(0.991881664685851,-0.127164315985365,0.));
#5985=DIRECTION('ref_axis',(0.127164315985365,0.991881664685851,0.));
#5986=DIRECTION('',(0.,0.,1.));
#5987=DIRECTION('',(0.,0.,1.));
#5988=DIRECTION('center_axis',(1.,0.,0.));
#5989=DIRECTION('ref_axis',(0.,1.,0.));
#5990=DIRECTION('',(0.,0.,1.));
#5991=DIRECTION('center_axis',(0.,1.,0.));
#5992=DIRECTION('ref_axis',(-1.,0.,0.));
#5993=DIRECTION('',(0.,0.,1.));
#5994=DIRECTION('center_axis',(-1.,0.,0.));
#5995=DIRECTION('ref_axis',(0.,-1.,0.));
#5996=DIRECTION('',(0.,0.,1.));
#5997=DIRECTION('center_axis',(0.,-1.,0.));
#5998=DIRECTION('ref_axis',(1.,0.,0.));
#5999=DIRECTION('center_axis',(0.991881664685851,-0.127164315985365,0.));
#6000=DIRECTION('ref_axis',(0.127164315985365,0.991881664685851,0.));
#6001=DIRECTION('',(0.,0.,1.));
#6002=DIRECTION('',(0.,0.,1.));
#6003=DIRECTION('center_axis',(0.,1.,0.));
#6004=DIRECTION('ref_axis',(-1.,0.,0.));
#6005=DIRECTION('',(0.,0.,1.));
#6006=DIRECTION('center_axis',(-1.,0.,0.));
#6007=DIRECTION('ref_axis',(0.,-1.,0.));
#6008=DIRECTION('',(0.,0.,1.));
#6009=DIRECTION('center_axis',(0.,-1.,0.));
#6010=DIRECTION('ref_axis',(1.,0.,0.));
#6011=DIRECTION('',(0.,0.,1.));
#6012=DIRECTION('center_axis',(1.,0.,0.));
#6013=DIRECTION('ref_axis',(0.,1.,0.));
#6014=DIRECTION('center_axis',(0.,1.,0.));
#6015=DIRECTION('ref_axis',(-1.,0.,0.));
#6016=DIRECTION('',(0.,0.,1.));
#6017=DIRECTION('',(0.,0.,1.));
#6018=DIRECTION('center_axis',(-1.,0.,0.));
#6019=DIRECTION('ref_axis',(0.,-1.,0.));
#6020=DIRECTION('',(0.,0.,1.));
#6021=DIRECTION('center_axis',(0.,-1.,0.));
#6022=DIRECTION('ref_axis',(1.,0.,0.));
#6023=DIRECTION('',(0.,0.,1.));
#6024=DIRECTION('center_axis',(1.,0.,0.));
#6025=DIRECTION('ref_axis',(0.,1.,0.));
#6026=DIRECTION('center_axis',(0.,1.,0.));
#6027=DIRECTION('ref_axis',(-1.,0.,0.));
#6028=DIRECTION('',(0.,0.,1.));
#6029=DIRECTION('',(0.,0.,1.));
#6030=DIRECTION('center_axis',(-1.,0.,0.));
#6031=DIRECTION('ref_axis',(0.,-1.,0.));
#6032=DIRECTION('',(0.,0.,1.));
#6033=DIRECTION('center_axis',(0.,-1.,0.));
#6034=DIRECTION('ref_axis',(1.,0.,0.));
#6035=DIRECTION('',(0.,0.,1.));
#6036=DIRECTION('center_axis',(1.,0.,0.));
#6037=DIRECTION('ref_axis',(0.,1.,0.));
#6038=DIRECTION('center_axis',(1.,0.,0.));
#6039=DIRECTION('ref_axis',(0.,1.,0.));
#6040=DIRECTION('',(0.,0.,1.));
#6041=DIRECTION('',(0.,0.,1.));
#6042=DIRECTION('center_axis',(0.,1.,0.));
#6043=DIRECTION('ref_axis',(-1.,0.,0.));
#6044=DIRECTION('',(0.,0.,1.));
#6045=DIRECTION('center_axis',(-1.,0.,0.));
#6046=DIRECTION('ref_axis',(0.,-1.,0.));
#6047=DIRECTION('',(0.,0.,1.));
#6048=DIRECTION('center_axis',(0.,-1.,0.));
#6049=DIRECTION('ref_axis',(1.,0.,0.));
#6050=DIRECTION('center_axis',(-1.,-5.37963912598499E-17,0.));
#6051=DIRECTION('ref_axis',(5.37963912598499E-17,-1.,0.));
#6052=DIRECTION('',(0.,0.,1.));
#6053=DIRECTION('',(0.,0.,1.));
#6054=DIRECTION('center_axis',(0.,-1.,0.));
#6055=DIRECTION('ref_axis',(1.,0.,0.));
#6056=DIRECTION('',(0.,0.,1.));
#6057=DIRECTION('center_axis',(1.,0.,0.));
#6058=DIRECTION('ref_axis',(0.,1.,0.));
#6059=DIRECTION('',(0.,0.,1.));
#6060=DIRECTION('center_axis',(0.,1.,0.));
#6061=DIRECTION('ref_axis',(-1.,0.,0.));
#6062=DIRECTION('center_axis',(0.,1.,0.));
#6063=DIRECTION('ref_axis',(-1.,0.,0.));
#6064=DIRECTION('',(0.,0.,1.));
#6065=DIRECTION('',(0.,0.,1.));
#6066=DIRECTION('center_axis',(-1.,0.,0.));
#6067=DIRECTION('ref_axis',(0.,-1.,0.));
#6068=DIRECTION('',(0.,0.,1.));
#6069=DIRECTION('center_axis',(-0.991881664685851,-0.127164315985364,0.));
#6070=DIRECTION('ref_axis',(0.127164315985364,-0.991881664685851,0.));
#6071=DIRECTION('',(0.,0.,1.));
#6072=DIRECTION('center_axis',(0.,-1.,0.));
#6073=DIRECTION('ref_axis',(1.,0.,0.));
#6074=DIRECTION('',(0.,0.,1.));
#6075=DIRECTION('center_axis',(1.,0.,0.));
#6076=DIRECTION('ref_axis',(0.,1.,0.));
#6077=DIRECTION('center_axis',(0.,1.,0.));
#6078=DIRECTION('ref_axis',(-1.,0.,0.));
#6079=DIRECTION('',(0.,0.,1.));
#6080=DIRECTION('',(0.,0.,1.));
#6081=DIRECTION('center_axis',(-0.991881664685851,-0.127164315985364,0.));
#6082=DIRECTION('ref_axis',(0.127164315985364,-0.991881664685851,0.));
#6083=DIRECTION('',(0.,0.,1.));
#6084=DIRECTION('center_axis',(-1.,0.,0.));
#6085=DIRECTION('ref_axis',(0.,-1.,0.));
#6086=DIRECTION('',(0.,0.,1.));
#6087=DIRECTION('center_axis',(0.,-1.,0.));
#6088=DIRECTION('ref_axis',(1.,0.,0.));
#6089=DIRECTION('',(0.,0.,1.));
#6090=DIRECTION('center_axis',(1.,0.,0.));
#6091=DIRECTION('ref_axis',(0.,1.,0.));
#6092=DIRECTION('center_axis',(1.,0.,0.));
#6093=DIRECTION('ref_axis',(0.,1.,0.));
#6094=DIRECTION('',(0.,0.,1.));
#6095=DIRECTION('',(0.,0.,1.));
#6096=DIRECTION('center_axis',(0.,1.,0.));
#6097=DIRECTION('ref_axis',(-1.,0.,0.));
#6098=DIRECTION('',(0.,0.,1.));
#6099=DIRECTION('center_axis',(-1.,0.,0.));
#6100=DIRECTION('ref_axis',(0.,-1.,0.));
#6101=DIRECTION('',(0.,0.,1.));
#6102=DIRECTION('center_axis',(0.,-1.,0.));
#6103=DIRECTION('ref_axis',(1.,0.,0.));
#6104=DIRECTION('center_axis',(0.,-1.,0.));
#6105=DIRECTION('ref_axis',(1.,0.,0.));
#6106=DIRECTION('',(0.,0.,1.));
#6107=DIRECTION('',(0.,0.,1.));
#6108=DIRECTION('center_axis',(1.,0.,0.));
#6109=DIRECTION('ref_axis',(0.,1.,0.));
#6110=DIRECTION('',(0.,0.,1.));
#6111=DIRECTION('center_axis',(0.,1.,0.));
#6112=DIRECTION('ref_axis',(-1.,0.,0.));
#6113=DIRECTION('',(0.,0.,1.));
#6114=DIRECTION('center_axis',(-1.,0.,0.));
#6115=DIRECTION('ref_axis',(0.,-1.,0.));
#6116=DIRECTION('center_axis',(-1.,0.,0.));
#6117=DIRECTION('ref_axis',(0.,-1.,0.));
#6118=DIRECTION('',(0.,0.,1.));
#6119=DIRECTION('',(0.,0.,1.));
#6120=DIRECTION('center_axis',(0.,-1.,0.));
#6121=DIRECTION('ref_axis',(1.,0.,0.));
#6122=DIRECTION('',(0.,0.,1.));
#6123=DIRECTION('center_axis',(1.,0.,0.));
#6124=DIRECTION('ref_axis',(0.,1.,0.));
#6125=DIRECTION('',(0.,0.,1.));
#6126=DIRECTION('center_axis',(0.,1.,0.));
#6127=DIRECTION('ref_axis',(-1.,0.,0.));
#6128=DIRECTION('center_axis',(0.,1.,0.));
#6129=DIRECTION('ref_axis',(-1.,0.,0.));
#6130=DIRECTION('',(0.,0.,1.));
#6131=DIRECTION('center_axis',(1.,0.,0.));
#6132=DIRECTION('ref_axis',(0.,1.,0.));
#6133=DIRECTION('',(0.,0.,1.));
#6134=DIRECTION('center_axis',(0.,-1.,0.));
#6135=DIRECTION('ref_axis',(1.,0.,0.));
#6136=DIRECTION('center_axis',(-1.,0.,0.));
#6137=DIRECTION('ref_axis',(0.,-1.,0.));
#6138=DIRECTION('center_axis',(0.,1.,0.));
#6139=DIRECTION('ref_axis',(-1.,0.,0.));
#6140=DIRECTION('center_axis',(1.,0.,0.));
#6141=DIRECTION('ref_axis',(0.,0.,-1.));
#6142=DIRECTION('',(0.,0.,-1.));
#6143=DIRECTION('',(0.,0.697456222793143,0.716627390829517));
#6144=DIRECTION('',(0.,-0.68199780922632,0.731354215281829));
#6145=DIRECTION('',(0.,-0.699734501074166,-0.714402987120356));
#6146=DIRECTION('center_axis',(-1.,0.,0.));
#6147=DIRECTION('ref_axis',(0.,-1.,0.));
#6148=DIRECTION('',(0.,0.,1.));
#6149=DIRECTION('',(0.,0.699734501074166,0.714402987120356));
#6150=DIRECTION('',(0.,-0.68199780922632,0.731354215281829));
#6151=DIRECTION('',(0.,0.697456222793143,0.716627390829517));
#6152=DIRECTION('center_axis',(0.,-1.,0.));
#6153=DIRECTION('ref_axis',(0.,0.,-1.));
#6154=DIRECTION('',(1.,0.,0.));
#6155=DIRECTION('',(1.,0.,0.));
#6156=DIRECTION('center_axis',(0.,0.716627390829517,-0.697456222793143));
#6157=DIRECTION('ref_axis',(0.,0.697456222793143,0.716627390829517));
#6158=DIRECTION('',(1.,0.,0.));
#6159=DIRECTION('center_axis',(0.,0.731354215281829,0.68199780922632));
#6160=DIRECTION('ref_axis',(0.,-0.68199780922632,0.731354215281829));
#6161=DIRECTION('',(1.,0.,0.));
#6162=DIRECTION('center_axis',(0.,-0.714402987120356,0.699734501074166));
#6163=DIRECTION('ref_axis',(0.,-0.699734501074166,-0.714402987120356));
#6164=DIRECTION('center_axis',(1.,0.,0.));
#6165=DIRECTION('ref_axis',(0.,1.,0.));
#6166=DIRECTION('center_axis',(1.,0.,0.));
#6167=DIRECTION('ref_axis',(0.,1.,0.));
#6168=DIRECTION('',(-1.,0.,0.));
#6169=DIRECTION('center_axis',(1.,0.,0.));
#6170=DIRECTION('ref_axis',(0.,1.,0.));
#6171=DIRECTION('center_axis',(1.,0.,0.));
#6172=DIRECTION('ref_axis',(0.,1.,0.));
#6173=DIRECTION('center_axis',(1.,0.,0.));
#6174=DIRECTION('ref_axis',(0.,1.,0.));
#6175=DIRECTION('center_axis',(-0.707106781186548,-2.67962341647834E-14,
-0.707106781186548));
#6176=DIRECTION('ref_axis',(-0.707106781186548,0.,0.707106781186548));
#6177=DIRECTION('',(-0.707106781186548,-2.67962446282031E-14,0.707106781186548));
#6178=DIRECTION('',(-3.7895597776362E-14,1.,0.));
#6179=DIRECTION('',(0.707106781186548,2.67962446282031E-14,-0.707106781186548));
#6180=DIRECTION('',(3.7895597776362E-14,-1.,0.));
#6181=DIRECTION('center_axis',(3.7895612573872E-14,-1.,0.));
#6182=DIRECTION('ref_axis',(1.,3.7895612573872E-14,0.));
#6183=DIRECTION('',(0.,-2.8421709430404E-14,1.));
#6184=DIRECTION('',(-0.707106781186548,-2.67962446282031E-14,-0.707106781186548));
#6185=DIRECTION('',(1.,3.7895612573872E-14,0.));
#6186=DIRECTION('',(-0.707106781186548,-2.67962446282031E-14,0.707106781186548));
#6187=DIRECTION('',(0.,0.,-1.));
#6188=DIRECTION('',(0.707106781186548,2.67962446282031E-14,0.707106781186548));
#6189=DIRECTION('',(-1.,0.,0.));
#6190=DIRECTION('center_axis',(-4.5072582995945E-14,1.,-6.12323399573677E-17));
#6191=DIRECTION('ref_axis',(-1.16621289614297E-18,6.68554085059714E-17,
-1.));
#6192=DIRECTION('center_axis',(-1.,-3.7895597776362E-14,-1.07705766869122E-27));
#6193=DIRECTION('ref_axis',(0.,2.8421709430404E-14,-1.));
#6194=DIRECTION('',(0.,2.8421709430404E-14,-1.));
#6195=DIRECTION('',(3.7895597776362E-14,-1.,0.));
#6196=DIRECTION('center_axis',(-0.707106781186548,-2.67962341647834E-14,
0.707106781186548));
#6197=DIRECTION('ref_axis',(0.707106781186548,0.,0.707106781186548));
#6198=DIRECTION('',(0.707106781186548,2.67962446282031E-14,0.707106781186548));
#6199=DIRECTION('',(-3.7895597776362E-14,1.,0.));
#6200=DIRECTION('center_axis',(0.707106781186548,2.67962341647834E-14,-0.707106781186548));
#6201=DIRECTION('ref_axis',(-0.707106781186548,0.,-0.707106781186548));
#6202=DIRECTION('',(-0.707106781186548,-2.67962446282031E-14,-0.707106781186548));
#6203=DIRECTION('',(-3.7895597776362E-14,1.,0.));
#6204=DIRECTION('',(3.7895597776362E-14,-1.,0.));
#6205=DIRECTION('center_axis',(1.,3.7895597776362E-14,0.));
#6206=DIRECTION('ref_axis',(0.,0.,1.));
#6207=DIRECTION('',(-3.7895597776362E-14,1.,0.));
#6208=DIRECTION('',(0.,0.,1.));
#6209=DIRECTION('center_axis',(0.707106781186548,2.67962341647834E-14,0.707106781186548));
#6210=DIRECTION('ref_axis',(0.707106781186548,0.,-0.707106781186548));
#6211=DIRECTION('',(0.707106781186548,2.67962446282031E-14,-0.707106781186548));
#6212=DIRECTION('',(3.7895597776362E-14,-1.,0.));
#6213=DIRECTION('center_axis',(4.5072582995945E-14,-1.,6.12323399573677E-17));
#6214=DIRECTION('ref_axis',(-1.16621289614297E-18,6.68554085059714E-17,
-1.));
#6215=DIRECTION('',(-4.50725771112171E-14,1.,0.));
#6216=DIRECTION('center_axis',(0.,1.,0.));
#6217=DIRECTION('ref_axis',(-1.16621289614297E-18,0.,-1.));
#6218=DIRECTION('center_axis',(4.5072582995945E-14,-1.,6.12323399573677E-17));
#6219=DIRECTION('ref_axis',(-1.,-4.5072582995945E-14,2.75989972476437E-30));
#6220=DIRECTION('center_axis',(0.,0.,1.));
#6221=DIRECTION('ref_axis',(-1.,-3.7895612573872E-14,0.));
#6222=DIRECTION('',(-1.,-3.7895612573872E-14,0.));
#6223=DIRECTION('center_axis',(0.,0.,-1.));
#6224=DIRECTION('ref_axis',(1.,0.,0.));
#6225=DIRECTION('',(1.,0.,0.));
#6226=DIRECTION('center_axis',(3.7895612573872E-14,-1.,0.));
#6227=DIRECTION('ref_axis',(1.,3.7895612573872E-14,0.));
#6228=DIRECTION('center_axis',(2.88340779824076E-15,0.573576436351048,-0.81915204428899));
#6229=DIRECTION('ref_axis',(1.,-5.02873361093479E-15,-1.16621289614332E-18));
#6230=DIRECTION('center_axis',(2.88483148130946E-15,0.573576436351048,-0.81915204428899));
#6231=DIRECTION('ref_axis',(1.,-5.02955020199583E-15,-5.05961982609242E-32));
#6232=DIRECTION('',(-2.88340779824076E-15,-0.573576436351048,0.81915204428899));
#6233=DIRECTION('center_axis',(-2.88483148130946E-15,-0.573576436351048,
0.81915204428899));
#6234=DIRECTION('ref_axis',(1.,-5.02955020199583E-15,-5.05961982609242E-32));
#6235=DIRECTION('',(1.,0.,0.));
#6236=DIRECTION('center_axis',(1.,0.,0.));
#6237=DIRECTION('ref_axis',(0.,1.,0.));
#6238=DIRECTION('center_axis',(-1.,0.,0.));
#6239=DIRECTION('ref_axis',(0.,1.,0.));
#6240=DIRECTION('',(-1.,0.,0.));
#6241=DIRECTION('center_axis',(-1.,0.,0.));
#6242=DIRECTION('ref_axis',(0.,1.,0.));
#6243=DIRECTION('center_axis',(1.,0.,0.));
#6244=DIRECTION('ref_axis',(0.,1.,0.));
#6245=DIRECTION('center_axis',(1.,0.,0.));
#6246=DIRECTION('ref_axis',(0.,1.,0.));
#6247=DIRECTION('',(-1.,0.,0.));
#6248=DIRECTION('center_axis',(1.,0.,0.));
#6249=DIRECTION('ref_axis',(0.,1.,0.));
#6250=DIRECTION('center_axis',(1.,0.,0.));
#6251=DIRECTION('ref_axis',(0.,1.,0.));
#6252=DIRECTION('center_axis',(1.,0.,0.));
#6253=DIRECTION('ref_axis',(0.,1.,0.));
#6254=DIRECTION('center_axis',(0.,-0.173507812640167,-0.984832492839683));
#6255=DIRECTION('ref_axis',(0.,0.984832492839683,-0.173507812640167));
#6256=DIRECTION('',(0.,-0.984832492839683,0.173507812640167));
#6257=DIRECTION('',(1.,0.,0.));
#6258=DIRECTION('',(0.,0.984832492839683,-0.173507812640167));
#6259=DIRECTION('',(1.,0.,0.));
#6260=DIRECTION('center_axis',(1.,0.,0.));
#6261=DIRECTION('ref_axis',(0.,0.,-1.));
#6262=DIRECTION('',(0.,0.173507812640151,0.984832492839686));
#6263=DIRECTION('',(0.,-0.984832492839688,0.173507812640139));
#6264=DIRECTION('',(0.,-0.173507812640155,-0.984832492839685));
#6265=DIRECTION('center_axis',(-1.,0.,0.));
#6266=DIRECTION('ref_axis',(0.,-1.,0.));
#6267=DIRECTION('',(0.,0.173507812640155,0.984832492839685));
#6268=DIRECTION('center_axis',(-1.,0.,0.));
#6269=DIRECTION('ref_axis',(0.,-1.,0.));
#6270=DIRECTION('center_axis',(-1.,0.,0.));
#6271=DIRECTION('ref_axis',(0.,-1.,0.));
#6272=DIRECTION('',(0.,0.173507812640151,0.984832492839686));
#6273=DIRECTION('center_axis',(1.,0.,0.));
#6274=DIRECTION('ref_axis',(0.,-1.,0.));
#6275=DIRECTION('center_axis',(1.,0.,0.));
#6276=DIRECTION('ref_axis',(0.,-1.,0.));
#6277=DIRECTION('center_axis',(1.,0.,0.));
#6278=DIRECTION('ref_axis',(0.,-1.,0.));
#6279=DIRECTION('center_axis',(1.,0.,0.));
#6280=DIRECTION('ref_axis',(0.,-1.,0.));
#6281=DIRECTION('center_axis',(-1.,0.,0.));
#6282=DIRECTION('ref_axis',(0.,-1.,0.));
#6283=DIRECTION('center_axis',(1.,0.,0.));
#6284=DIRECTION('ref_axis',(0.,-1.,0.));
#6285=DIRECTION('',(1.,0.,0.));
#6286=DIRECTION('center_axis',(-1.,0.,0.));
#6287=DIRECTION('ref_axis',(0.,-1.,0.));
#6288=DIRECTION('center_axis',(1.,0.,0.));
#6289=DIRECTION('ref_axis',(0.,-1.,0.));
#6290=DIRECTION('',(1.,0.,0.));
#6291=DIRECTION('center_axis',(-1.,0.,0.));
#6292=DIRECTION('ref_axis',(0.,-1.,0.));
#6293=DIRECTION('center_axis',(1.,0.,0.));
#6294=DIRECTION('ref_axis',(0.,-1.,0.));
#6295=DIRECTION('',(1.,0.,0.));
#6296=DIRECTION('center_axis',(-1.,0.,0.));
#6297=DIRECTION('ref_axis',(0.,-1.,0.));
#6298=DIRECTION('center_axis',(1.,0.,0.));
#6299=DIRECTION('ref_axis',(0.,-1.,0.));
#6300=DIRECTION('',(1.,0.,0.));
#6301=DIRECTION('center_axis',(0.,0.173507812640139,0.984832492839688));
#6302=DIRECTION('ref_axis',(0.,0.984832492839688,-0.173507812640139));
#6303=DIRECTION('',(1.,0.,0.));
#6304=DIRECTION('',(0.,0.984832492839688,-0.173507812640139));
#6305=DIRECTION('',(-1.,0.,0.));
#6306=DIRECTION('center_axis',(0.,-0.984832492839685,0.173507812640155));
#6307=DIRECTION('ref_axis',(0.,0.173507812640155,0.984832492839685));
#6308=DIRECTION('',(0.,0.173507812640155,0.984832492839685));
#6309=DIRECTION('',(-1.,0.,0.));
#6310=DIRECTION('center_axis',(0.,0.984832492839686,-0.173507812640151));
#6311=DIRECTION('ref_axis',(0.,-0.173507812640151,-0.984832492839686));
#6312=DIRECTION('',(-1.,0.,0.));
#6313=DIRECTION('',(0.,-0.173507812640151,-0.984832492839686));
#6314=DIRECTION('center_axis',(-1.,0.,0.));
#6315=DIRECTION('ref_axis',(0.,-1.,0.));
#6316=DIRECTION('center_axis',(-1.,0.,0.));
#6317=DIRECTION('ref_axis',(0.,0.984830833549538,-0.173517230528043));
#6318=DIRECTION('center_axis',(-1.,0.,0.));
#6319=DIRECTION('ref_axis',(0.,-1.,0.));
#6320=DIRECTION('center_axis',(1.,0.,0.));
#6321=DIRECTION('ref_axis',(0.,-1.,0.));
#6322=DIRECTION('center_axis',(-1.,0.,0.));
#6323=DIRECTION('ref_axis',(0.,-1.,0.));
#6324=DIRECTION('',(1.,0.,0.));
#6325=DIRECTION('center_axis',(0.,-0.173507812640167,-0.984832492839683));
#6326=DIRECTION('ref_axis',(0.,-0.984832492839683,0.173507812640167));
#6327=DIRECTION('',(0.,0.984832492839683,-0.173507812640167));
#6328=DIRECTION('',(-1.,0.,0.));
#6329=DIRECTION('',(0.,-0.984832492839683,0.173507812640167));
#6330=DIRECTION('',(-1.,0.,0.));
#6331=DIRECTION('center_axis',(-1.,0.,0.));
#6332=DIRECTION('ref_axis',(0.,0.,1.));
#6333=DIRECTION('',(0.,0.173507812640155,0.984832492839685));
#6334=DIRECTION('',(0.,0.984832492839688,-0.173507812640139));
#6335=DIRECTION('',(0.,-0.173507812640151,-0.984832492839686));
#6336=DIRECTION('center_axis',(0.,-0.984832492839685,0.173507812640155));
#6337=DIRECTION('ref_axis',(0.,0.173507812640155,0.984832492839685));
#6338=DIRECTION('',(0.,0.173507812640155,0.984832492839685));
#6339=DIRECTION('',(-1.,0.,0.));
#6340=DIRECTION('',(0.,0.173507812640155,0.984832492839685));
#6341=DIRECTION('',(-1.,0.,0.));
#6342=DIRECTION('center_axis',(-1.,0.,0.));
#6343=DIRECTION('ref_axis',(0.,-1.,0.));
#6344=DIRECTION('',(0.,-0.173507812640151,-0.984832492839686));
#6345=DIRECTION('center_axis',(-1.,0.,0.));
#6346=DIRECTION('ref_axis',(0.,-1.,0.));
#6347=DIRECTION('center_axis',(-1.,0.,0.));
#6348=DIRECTION('ref_axis',(0.,-1.,0.));
#6349=DIRECTION('center_axis',(1.,0.,0.));
#6350=DIRECTION('ref_axis',(0.,-1.,0.));
#6351=DIRECTION('center_axis',(1.,0.,0.));
#6352=DIRECTION('ref_axis',(0.,-1.,0.));
#6353=DIRECTION('center_axis',(1.,0.,0.));
#6354=DIRECTION('ref_axis',(0.,-1.,0.));
#6355=DIRECTION('center_axis',(1.,0.,0.));
#6356=DIRECTION('ref_axis',(0.,-1.,0.));
#6357=DIRECTION('center_axis',(-1.,0.,0.));
#6358=DIRECTION('ref_axis',(0.,-1.,0.));
#6359=DIRECTION('',(1.,0.,0.));
#6360=DIRECTION('center_axis',(1.,0.,0.));
#6361=DIRECTION('ref_axis',(0.,-1.,0.));
#6362=DIRECTION('center_axis',(-1.,0.,0.));
#6363=DIRECTION('ref_axis',(0.,-1.,0.));
#6364=DIRECTION('',(1.,0.,0.));
#6365=DIRECTION('center_axis',(1.,0.,0.));
#6366=DIRECTION('ref_axis',(0.,-1.,0.));
#6367=DIRECTION('center_axis',(-1.,0.,0.));
#6368=DIRECTION('ref_axis',(0.,-1.,0.));
#6369=DIRECTION('',(1.,0.,0.));
#6370=DIRECTION('center_axis',(1.,0.,0.));
#6371=DIRECTION('ref_axis',(0.,-1.,0.));
#6372=DIRECTION('center_axis',(-1.,0.,0.));
#6373=DIRECTION('ref_axis',(0.,-1.,0.));
#6374=DIRECTION('',(1.,0.,0.));
#6375=DIRECTION('center_axis',(1.,0.,0.));
#6376=DIRECTION('ref_axis',(0.,-1.,0.));
#6377=DIRECTION('center_axis',(0.,0.173507812640139,0.984832492839688));
#6378=DIRECTION('ref_axis',(0.,0.984832492839688,-0.173507812640139));
#6379=DIRECTION('',(0.,-0.984832492839688,0.173507812640139));
#6380=DIRECTION('',(-1.,0.,0.));
#6381=DIRECTION('center_axis',(0.,0.984832492839686,-0.173507812640151));
#6382=DIRECTION('ref_axis',(0.,-0.173507812640151,-0.984832492839686));
#6383=DIRECTION('',(0.,0.173507812640151,0.984832492839686));
#6384=DIRECTION('',(-1.,0.,0.));
#6385=DIRECTION('center_axis',(1.,0.,0.));
#6386=DIRECTION('ref_axis',(0.,-1.,0.));
#6387=DIRECTION('',(-1.,0.,0.));
#6388=DIRECTION('center_axis',(-1.,0.,0.));
#6389=DIRECTION('ref_axis',(0.,-1.,0.));
#6390=DIRECTION('center_axis',(1.,0.,0.));
#6391=DIRECTION('ref_axis',(0.,-1.,0.));
#6392=DIRECTION('center_axis',(-1.,0.,0.));
#6393=DIRECTION('ref_axis',(0.,-1.,0.));
#6394=DIRECTION('center_axis',(-1.,0.,0.));
#6395=DIRECTION('ref_axis',(0.,-1.,0.));
#6396=DIRECTION('center_axis',(0.,0.,1.));
#6397=DIRECTION('ref_axis',(-1.,0.,0.));
#6398=DIRECTION('center_axis',(0.,0.,-1.));
#6399=DIRECTION('ref_axis',(-1.,0.,0.));
#6400=DIRECTION('',(0.,0.,-1.));
#6401=DIRECTION('center_axis',(0.,0.,-1.));
#6402=DIRECTION('ref_axis',(-1.,0.,0.));
#6403=DIRECTION('center_axis',(0.,0.,1.));
#6404=DIRECTION('ref_axis',(-1.,0.,0.));
#6405=DIRECTION('center_axis',(0.,0.,-1.));
#6406=DIRECTION('ref_axis',(-1.,0.,0.));
#6407=DIRECTION('',(0.,0.,-1.));
#6408=DIRECTION('center_axis',(0.,0.,-1.));
#6409=DIRECTION('ref_axis',(-1.,0.,0.));
#6410=DIRECTION('center_axis',(0.,0.,1.));
#6411=DIRECTION('ref_axis',(-1.,0.,0.));
#6412=DIRECTION('center_axis',(0.,0.,-1.));
#6413=DIRECTION('ref_axis',(-1.,0.,0.));
#6414=DIRECTION('',(0.,0.,-1.));
#6415=DIRECTION('center_axis',(0.,0.,-1.));
#6416=DIRECTION('ref_axis',(-1.,0.,0.));
#6417=DIRECTION('center_axis',(0.,-1.,0.));
#6418=DIRECTION('ref_axis',(1.,0.,0.));
#6419=DIRECTION('',(-1.,0.,0.));
#6420=DIRECTION('',(0.,0.,1.));
#6421=DIRECTION('',(1.,0.,0.));
#6422=DIRECTION('',(0.,0.,1.));
#6423=DIRECTION('center_axis',(-1.,0.,0.));
#6424=DIRECTION('ref_axis',(0.,-1.,0.));
#6425=DIRECTION('',(0.,1.,0.));
#6426=DIRECTION('',(0.,-1.,0.));
#6427=DIRECTION('',(0.,0.,1.));
#6428=DIRECTION('center_axis',(0.,0.,1.));
#6429=DIRECTION('ref_axis',(-0.540579417344496,-0.841292989120606,0.));
#6430=DIRECTION('center_axis',(0.,0.,1.));
#6431=DIRECTION('ref_axis',(-0.540579417344496,-0.841292989120606,0.));
#6432=DIRECTION('center_axis',(0.,0.,-1.));
#6433=DIRECTION('ref_axis',(-0.540579417344496,-0.841292989120606,0.));
#6434=DIRECTION('',(0.,0.,1.));
#6435=DIRECTION('center_axis',(1.,0.,0.));
#6436=DIRECTION('ref_axis',(0.,1.,0.));
#6437=DIRECTION('',(0.,1.,0.));
#6438=DIRECTION('',(0.,1.,0.));
#6439=DIRECTION('center_axis',(0.,0.,1.));
#6440=DIRECTION('ref_axis',(-1.,0.,0.));
#6441=DIRECTION('center_axis',(0.,0.,1.));
#6442=DIRECTION('ref_axis',(-1.,0.,0.));
#6443=DIRECTION('center_axis',(0.,0.,-1.));
#6444=DIRECTION('ref_axis',(-1.,0.,0.));
#6445=DIRECTION('center_axis',(0.,0.,-1.));
#6446=DIRECTION('ref_axis',(-1.,0.,0.));
#6447=DIRECTION('',(0.707106781186547,8.65956056235493E-17,-0.707106781186548));
#6448=DIRECTION('center_axis',(0.,0.,1.));
#6449=DIRECTION('ref_axis',(-1.,0.,0.));
#6450=DIRECTION('center_axis',(0.,0.,1.));
#6451=DIRECTION('ref_axis',(-1.,0.,0.));
#6452=DIRECTION('',(0.,0.,-1.));
#6453=DIRECTION('center_axis',(0.,0.,1.));
#6454=DIRECTION('ref_axis',(-1.,0.,0.));
#6455=DIRECTION('center_axis',(0.,0.,1.));
#6456=DIRECTION('ref_axis',(-1.,0.,0.));
#6457=DIRECTION('center_axis',(0.,0.,1.));
#6458=DIRECTION('ref_axis',(-1.,0.,0.));
#6459=DIRECTION('center_axis',(0.,0.,-1.));
#6460=DIRECTION('ref_axis',(-1.,0.,0.));
#6461=DIRECTION('center_axis',(0.,0.,-1.));
#6462=DIRECTION('ref_axis',(-1.,0.,0.));
#6463=DIRECTION('',(0.707106781186546,8.65956056235491E-17,-0.707106781186549));
#6464=DIRECTION('center_axis',(0.,0.,1.));
#6465=DIRECTION('ref_axis',(-1.,0.,0.));
#6466=DIRECTION('center_axis',(0.,0.,1.));
#6467=DIRECTION('ref_axis',(-1.,0.,0.));
#6468=DIRECTION('',(0.,0.,-1.));
#6469=DIRECTION('center_axis',(0.,0.,1.));
#6470=DIRECTION('ref_axis',(-1.,0.,0.));
#6471=DIRECTION('center_axis',(0.,0.,1.));
#6472=DIRECTION('ref_axis',(-1.,0.,0.));
#6473=DIRECTION('center_axis',(0.,0.,1.));
#6474=DIRECTION('ref_axis',(-1.,0.,0.));
#6475=DIRECTION('center_axis',(0.,0.,-1.));
#6476=DIRECTION('ref_axis',(-1.,0.,0.));
#6477=DIRECTION('center_axis',(0.,0.,-1.));
#6478=DIRECTION('ref_axis',(-1.,0.,0.));
#6479=DIRECTION('',(0.707106781186546,8.65956056235492E-17,-0.707106781186549));
#6480=DIRECTION('center_axis',(0.,0.,1.));
#6481=DIRECTION('ref_axis',(-1.,0.,0.));
#6482=DIRECTION('center_axis',(0.,0.,1.));
#6483=DIRECTION('ref_axis',(-1.,0.,0.));
#6484=DIRECTION('',(0.,0.,-1.));
#6485=DIRECTION('center_axis',(0.,0.,1.));
#6486=DIRECTION('ref_axis',(-1.,0.,0.));
#6487=DIRECTION('center_axis',(0.,0.,1.));
#6488=DIRECTION('ref_axis',(-1.,0.,0.));
#6489=DIRECTION('center_axis',(0.,0.,1.));
#6490=DIRECTION('ref_axis',(-1.,0.,0.));
#6491=DIRECTION('center_axis',(0.,0.258819045102521,-0.965925826289068));
#6492=DIRECTION('ref_axis',(1.,0.,0.));
#6493=DIRECTION('',(-1.,0.,0.));
#6494=DIRECTION('',(0.,-0.965925826289068,-0.258819045102521));
#6495=DIRECTION('',(1.,0.,0.));
#6496=DIRECTION('',(0.,-0.965925826289068,-0.258819045102521));
#6497=DIRECTION('center_axis',(-1.,0.,0.));
#6498=DIRECTION('ref_axis',(0.,0.258819045102521,-0.965925826289068));
#6499=DIRECTION('',(0.,-0.258819045102521,0.965925826289068));
#6500=DIRECTION('',(0.,0.258819045102521,-0.965925826289068));
#6501=DIRECTION('',(0.,-0.965925826289068,-0.258819045102521));
#6502=DIRECTION('center_axis',(0.,-0.965925826289068,-0.258819045102521));
#6503=DIRECTION('ref_axis',(-0.383805073638537,0.238997164757387,-0.891949561739478));
#6504=DIRECTION('center_axis',(0.,-0.965925826289068,-0.258819045102521));
#6505=DIRECTION('ref_axis',(-0.383805073638537,0.238997164757387,-0.891949561739478));
#6506=DIRECTION('center_axis',(0.,0.965925826289068,0.258819045102521));
#6507=DIRECTION('ref_axis',(-0.383805073638537,0.238997164757387,-0.891949561739478));
#6508=DIRECTION('',(0.,-0.965925826289068,-0.258819045102521));
#6509=DIRECTION('center_axis',(1.,0.,0.));
#6510=DIRECTION('ref_axis',(0.,-0.258819045102521,0.965925826289068));
#6511=DIRECTION('',(0.,-0.258819045102521,0.965925826289068));
#6512=DIRECTION('',(0.,-0.258819045102521,0.965925826289068));
#6513=DIRECTION('center_axis',(0.,-0.965925826289068,-0.258819045102521));
#6514=DIRECTION('ref_axis',(1.,0.,0.));
#6515=DIRECTION('center_axis',(0.,-0.965925826289068,-0.258819045102521));
#6516=DIRECTION('ref_axis',(1.,0.,0.));
#6517=DIRECTION('center_axis',(0.,-1.,0.));
#6518=DIRECTION('ref_axis',(1.,0.,0.));
#6519=DIRECTION('',(-1.,0.,0.));
#6520=DIRECTION('',(0.,0.,1.));
#6521=DIRECTION('',(1.,0.,0.));
#6522=DIRECTION('',(0.,0.,1.));
#6523=DIRECTION('center_axis',(-1.,0.,0.));
#6524=DIRECTION('ref_axis',(0.,-1.,0.));
#6525=DIRECTION('',(0.,1.,0.));
#6526=DIRECTION('',(0.,-1.,0.));
#6527=DIRECTION('',(0.,0.,1.));
#6528=DIRECTION('center_axis',(0.,1.,0.));
#6529=DIRECTION('ref_axis',(-1.,0.,0.));
#6530=DIRECTION('',(-1.,0.,0.));
#6531=DIRECTION('',(-1.,0.,0.));
#6532=DIRECTION('',(0.,0.,1.));
#6533=DIRECTION('center_axis',(1.,0.,0.));
#6534=DIRECTION('ref_axis',(0.,1.,0.));
#6535=DIRECTION('',(0.,1.,0.));
#6536=DIRECTION('',(0.,1.,0.));
#6537=DIRECTION('center_axis',(0.,0.,1.));
#6538=DIRECTION('ref_axis',(1.,0.,0.));
#6539=DIRECTION('center_axis',(0.,0.,1.));
#6540=DIRECTION('ref_axis',(-1.,0.,0.));
#6541=DIRECTION('center_axis',(0.,-1.,0.));
#6542=DIRECTION('ref_axis',(1.,0.,0.));
#6543=DIRECTION('',(-1.,0.,0.));
#6544=DIRECTION('',(0.,0.,1.));
#6545=DIRECTION('',(1.,0.,0.));
#6546=DIRECTION('',(0.,0.,1.));
#6547=DIRECTION('center_axis',(-1.,0.,0.));
#6548=DIRECTION('ref_axis',(0.,-1.,0.));
#6549=DIRECTION('',(0.,1.,0.));
#6550=DIRECTION('',(0.,-1.,0.));
#6551=DIRECTION('',(0.,0.,1.));
#6552=DIRECTION('center_axis',(0.,1.,0.));
#6553=DIRECTION('ref_axis',(-1.,0.,0.));
#6554=DIRECTION('',(-1.,0.,0.));
#6555=DIRECTION('',(-1.,0.,0.));
#6556=DIRECTION('',(0.,0.,1.));
#6557=DIRECTION('center_axis',(1.,0.,0.));
#6558=DIRECTION('ref_axis',(0.,1.,0.));
#6559=DIRECTION('',(0.,1.,0.));
#6560=DIRECTION('',(0.,1.,0.));
#6561=DIRECTION('center_axis',(0.,0.,1.));
#6562=DIRECTION('ref_axis',(1.,0.,0.));
#6563=DIRECTION('center_axis',(0.,0.,1.));
#6564=DIRECTION('ref_axis',(-1.,0.,0.));
#6565=DIRECTION('center_axis',(0.,0.,1.));
#6566=DIRECTION('ref_axis',(-1.,0.,0.));
#6567=DIRECTION('center_axis',(0.,0.,1.));
#6568=DIRECTION('ref_axis',(-1.,0.,0.));
#6569=DIRECTION('',(0.,0.,-1.));
#6570=DIRECTION('center_axis',(0.,0.,1.));
#6571=DIRECTION('ref_axis',(-1.,0.,0.));
#6572=DIRECTION('center_axis',(0.,0.,1.));
#6573=DIRECTION('ref_axis',(-1.,0.,0.));
#6574=DIRECTION('center_axis',(0.,0.,1.));
#6575=DIRECTION('ref_axis',(-1.,0.,0.));
#6576=DIRECTION('center_axis',(0.,0.447213595499958,-0.894427190999916));
#6577=DIRECTION('ref_axis',(0.,0.894427190999916,0.447213595499958));
#6578=DIRECTION('',(0.,-0.894427190999916,-0.447213595499958));
#6579=DIRECTION('',(1.,0.,0.));
#6580=DIRECTION('',(0.,0.894427190999916,0.447213595499958));
#6581=DIRECTION('',(1.,0.,0.));
#6582=DIRECTION('center_axis',(0.,0.,-1.));
#6583=DIRECTION('ref_axis',(0.,1.,0.));
#6584=DIRECTION('',(0.,-1.,0.));
#6585=DIRECTION('',(0.,1.,0.));
#6586=DIRECTION('',(1.,0.,0.));
#6587=DIRECTION('center_axis',(0.,-0.447213595499958,0.894427190999916));
#6588=DIRECTION('ref_axis',(0.,-0.894427190999916,-0.447213595499958));
#6589=DIRECTION('',(0.,-0.894427190999916,-0.447213595499958));
#6590=DIRECTION('',(0.,-0.894427190999916,-0.447213595499958));
#6591=DIRECTION('',(1.,0.,0.));
#6592=DIRECTION('center_axis',(0.,1.,0.));
#6593=DIRECTION('ref_axis',(0.,0.,1.));
#6594=DIRECTION('',(0.,0.,-1.));
#6595=DIRECTION('',(0.,0.,1.));
#6596=DIRECTION('center_axis',(-1.,0.,0.));
#6597=DIRECTION('ref_axis',(0.,-1.,0.));
#6598=DIRECTION('center_axis',(1.,0.,0.));
#6599=DIRECTION('ref_axis',(0.,0.,-1.));
#6600=DIRECTION('center_axis',(0.,0.,-1.));
#6601=DIRECTION('ref_axis',(1.,0.,0.));
#6602=DIRECTION('',(0.,-1.,0.));
#6603=DIRECTION('',(1.,0.,0.));
#6604=DIRECTION('',(-0.127164315985364,0.991881664685851,0.));
#6605=DIRECTION('',(0.,1.,0.));
#6606=DIRECTION('',(-1.,0.,0.));
#6607=DIRECTION('center_axis',(0.,0.,-1.));
#6608=DIRECTION('ref_axis',(-1.,0.,0.));
#6609=DIRECTION('',(0.,1.,0.));
#6610=DIRECTION('',(1.,0.,0.));
#6611=DIRECTION('',(0.,-1.,0.));
#6612=DIRECTION('',(0.127164315985364,-0.991881664685851,0.));
#6613=DIRECTION('',(-1.,0.,0.));
#6614=DIRECTION('center_axis',(0.,-1.,0.));
#6615=DIRECTION('ref_axis',(-1.,0.,0.));
#6616=DIRECTION('',(0.,0.,-1.));
#6617=DIRECTION('',(0.,0.,1.));
#6618=DIRECTION('center_axis',(-1.,0.,0.));
#6619=DIRECTION('ref_axis',(0.,1.,0.));
#6620=DIRECTION('',(0.,0.,-1.));
#6621=DIRECTION('center_axis',(1.,0.,0.));
#6622=DIRECTION('ref_axis',(0.,-1.,0.));
#6623=DIRECTION('',(0.,0.,1.));
#6624=DIRECTION('center_axis',(0.,1.,0.));
#6625=DIRECTION('ref_axis',(1.,0.,0.));
#6626=DIRECTION('',(0.,0.,-1.));
#6627=DIRECTION('center_axis',(-0.991881664685851,-0.127164315985364,0.));
#6628=DIRECTION('ref_axis',(-0.127164315985364,0.991881664685851,0.));
#6629=DIRECTION('center_axis',(-1.,0.,0.));
#6630=DIRECTION('ref_axis',(0.,-1.,0.));
#6631=DIRECTION('center_axis',(1.,0.,0.));
#6632=DIRECTION('ref_axis',(0.,-1.,0.));
#6633=DIRECTION('center_axis',(-1.,0.,0.));
#6634=DIRECTION('ref_axis',(0.,-1.,0.));
#6635=DIRECTION('center_axis',(-1.,0.,0.));
#6636=DIRECTION('ref_axis',(0.,-1.,0.));
#6637=DIRECTION('',(1.,0.,0.));
#6638=DIRECTION('center_axis',(-1.,0.,0.));
#6639=DIRECTION('ref_axis',(0.,-1.,0.));
#6640=DIRECTION('center_axis',(0.,1.,3.23706424853013E-13));
#6641=DIRECTION('ref_axis',(0.,3.23706424853013E-13,-1.));
#6642=DIRECTION('',(0.,-3.23706424853013E-13,1.));
#6643=DIRECTION('',(-1.,0.,0.));
#6644=DIRECTION('',(0.,3.23706424853013E-13,-1.));
#6645=DIRECTION('',(-1.,0.,0.));
#6646=DIRECTION('center_axis',(-1.,0.,0.));
#6647=DIRECTION('ref_axis',(0.,2.55290063323829E-13,1.));
#6648=DIRECTION('center_axis',(-1.,0.,0.));
#6649=DIRECTION('ref_axis',(0.,-1.,0.));
#6650=DIRECTION('center_axis',(1.,0.,0.));
#6651=DIRECTION('ref_axis',(0.,-1.,0.));
#6652=DIRECTION('',(-1.,0.,0.));
#6653=DIRECTION('center_axis',(0.,-1.,0.));
#6654=DIRECTION('ref_axis',(0.,0.,1.));
#6655=DIRECTION('',(0.,0.,1.));
#6656=DIRECTION('',(0.,0.,1.));
#6657=DIRECTION('',(-1.,0.,0.));
#6658=DIRECTION('center_axis',(0.,-1.29779495116E-15,-1.));
#6659=DIRECTION('ref_axis',(0.,-1.,1.29779495116E-15));
#6660=DIRECTION('',(0.,-1.,1.29779495116E-15));
#6661=DIRECTION('',(0.,-1.,1.29779495116E-15));
#6662=DIRECTION('',(-1.,0.,0.));
#6663=DIRECTION('center_axis',(0.,1.,-1.29779495116E-15));
#6664=DIRECTION('ref_axis',(0.,-1.29779495116E-15,-1.));
#6665=DIRECTION('',(0.,-1.29779495116E-15,-1.));
#6666=DIRECTION('',(0.,-1.29779495116E-15,-1.));
#6667=DIRECTION('',(-1.,0.,0.));
#6668=DIRECTION('center_axis',(0.,1.45993851271347E-15,1.));
#6669=DIRECTION('ref_axis',(0.,1.,-1.45993851271347E-15));
#6670=DIRECTION('',(0.,1.,-1.45993851271347E-15));
#6671=DIRECTION('',(0.,1.,-1.45993851271347E-15));
#6672=DIRECTION('',(-1.,0.,0.));
#6673=DIRECTION('center_axis',(0.,-1.,0.));
#6674=DIRECTION('ref_axis',(0.,0.,1.));
#6675=DIRECTION('',(0.,0.,-1.));
#6676=DIRECTION('',(0.,0.,1.));
#6677=DIRECTION('',(-1.,0.,0.));
#6678=DIRECTION('center_axis',(0.,-1.29779495116E-15,-1.));
#6679=DIRECTION('ref_axis',(0.,-1.,1.29779495116E-15));
#6680=DIRECTION('',(0.,-1.,1.29779495116E-15));
#6681=DIRECTION('',(0.,-1.,1.29779495116E-15));
#6682=DIRECTION('center_axis',(-1.,0.,0.));
#6683=DIRECTION('ref_axis',(0.,-1.,0.));
#6684=DIRECTION('center_axis',(-1.,0.,0.));
#6685=DIRECTION('ref_axis',(0.,-1.,0.));
#6686=DIRECTION('center_axis',(0.,1.,3.23706424853013E-13));
#6687=DIRECTION('ref_axis',(0.,3.23706424853013E-13,-1.));
#6688=DIRECTION('',(0.,-3.23706424853013E-13,1.));
#6689=DIRECTION('',(-1.,0.,0.));
#6690=DIRECTION('',(0.,3.23706424853013E-13,-1.));
#6691=DIRECTION('',(-1.,0.,0.));
#6692=DIRECTION('center_axis',(-1.,0.,0.));
#6693=DIRECTION('ref_axis',(0.,2.55290063323829E-13,1.));
#6694=DIRECTION('center_axis',(-1.,0.,0.));
#6695=DIRECTION('ref_axis',(0.,-1.,0.));
#6696=DIRECTION('center_axis',(1.,0.,0.));
#6697=DIRECTION('ref_axis',(0.,-1.,0.));
#6698=DIRECTION('',(-1.,0.,0.));
#6699=DIRECTION('center_axis',(0.,-1.,0.));
#6700=DIRECTION('ref_axis',(0.,0.,1.));
#6701=DIRECTION('',(0.,0.,1.));
#6702=DIRECTION('',(0.,0.,1.));
#6703=DIRECTION('',(-1.,0.,0.));
#6704=DIRECTION('center_axis',(0.,-1.29779495116E-15,-1.));
#6705=DIRECTION('ref_axis',(0.,-1.,1.29779495116E-15));
#6706=DIRECTION('',(0.,-1.,1.29779495116E-15));
#6707=DIRECTION('',(0.,-1.,1.29779495116E-15));
#6708=DIRECTION('',(-1.,0.,0.));
#6709=DIRECTION('center_axis',(0.,1.,-1.29779495116E-15));
#6710=DIRECTION('ref_axis',(0.,-1.29779495116E-15,-1.));
#6711=DIRECTION('',(0.,-1.29779495116E-15,-1.));
#6712=DIRECTION('',(0.,-1.29779495116E-15,-1.));
#6713=DIRECTION('',(-1.,0.,0.));
#6714=DIRECTION('center_axis',(0.,1.45993851271347E-15,1.));
#6715=DIRECTION('ref_axis',(0.,1.,-1.45993851271347E-15));
#6716=DIRECTION('',(0.,1.,-1.45993851271347E-15));
#6717=DIRECTION('',(0.,1.,-1.45993851271347E-15));
#6718=DIRECTION('',(-1.,0.,0.));
#6719=DIRECTION('center_axis',(0.,-1.,0.));
#6720=DIRECTION('ref_axis',(0.,0.,1.));
#6721=DIRECTION('',(0.,0.,-1.));
#6722=DIRECTION('',(0.,0.,1.));
#6723=DIRECTION('',(-1.,0.,0.));
#6724=DIRECTION('center_axis',(0.,-1.29779495116E-15,-1.));
#6725=DIRECTION('ref_axis',(0.,-1.,1.29779495116E-15));
#6726=DIRECTION('',(0.,-1.,1.29779495116E-15));
#6727=DIRECTION('',(0.,-1.,1.29779495116E-15));
#6728=DIRECTION('center_axis',(-1.,0.,0.));
#6729=DIRECTION('ref_axis',(0.,-1.,0.));
#6730=DIRECTION('center_axis',(-1.,0.,0.));
#6731=DIRECTION('ref_axis',(0.,-1.,0.));
#6732=CARTESIAN_POINT('',(0.,0.,0.));
#6733=CARTESIAN_POINT('Origin',(-393.7,1676.4,44.45));
#6734=CARTESIAN_POINT('',(-393.7,1676.4,50.8));
#6735=CARTESIAN_POINT('',(-393.7,1676.4,-25.4));
#6736=CARTESIAN_POINT('',(-393.7,1676.4,28.575));
#6737=CARTESIAN_POINT('',(-444.5,1676.4,50.8));
#6738=CARTESIAN_POINT('',(-393.7,1676.4,50.8));
#6739=CARTESIAN_POINT('',(-444.5,1676.4,44.45));
#6740=CARTESIAN_POINT('',(-444.5,1676.4,50.8));
#6741=CARTESIAN_POINT('',(-400.05,1676.4,44.45));
#6742=CARTESIAN_POINT('',(-393.7,1676.4,44.45));
#6743=CARTESIAN_POINT('',(-400.05,1676.4,-19.05));
#6744=CARTESIAN_POINT('',(-400.05,1676.4,50.8));
#6745=CARTESIAN_POINT('',(-444.5,1676.4,-19.05));
#6746=CARTESIAN_POINT('',(-393.7,1676.4,-19.05));
#6747=CARTESIAN_POINT('',(-444.5,1676.4,-25.4));
#6748=CARTESIAN_POINT('',(-444.5,1676.4,50.8));
#6749=CARTESIAN_POINT('',(-393.7,1676.4,-25.4));
#6750=CARTESIAN_POINT('Origin',(-400.05,1689.1,12.7));
#6751=CARTESIAN_POINT('',(-400.05,1701.8,44.45));
#6752=CARTESIAN_POINT('',(-400.05,1701.8,-19.05));
#6753=CARTESIAN_POINT('',(-400.05,1701.8,-25.4));
#6754=CARTESIAN_POINT('',(-400.05,1682.75,-19.05));
#6755=CARTESIAN_POINT('',(-400.05,1695.45,44.45));
#6756=CARTESIAN_POINT('Origin',(-393.7,1676.4,-19.05));
#6757=CARTESIAN_POINT('',(-444.5,1701.8,-19.05));
#6758=CARTESIAN_POINT('',(-393.7,1701.8,-19.05));
#6759=CARTESIAN_POINT('',(-444.5,1701.8,-19.05));
#6760=CARTESIAN_POINT('Origin',(-393.7,1701.8,-25.4));
#6761=CARTESIAN_POINT('',(-393.7,1701.8,-25.4));
#6762=CARTESIAN_POINT('',(-393.7,1676.4,-25.4));
#6763=CARTESIAN_POINT('',(-444.5,1701.8,-25.4));
#6764=CARTESIAN_POINT('',(-444.5,1676.4,-25.4));
#6765=CARTESIAN_POINT('',(-393.7,1701.8,-25.4));
#6766=CARTESIAN_POINT('Origin',(-444.5,1689.1,-22.225));
#6767=CARTESIAN_POINT('',(-444.5,1701.8,-25.4));
#6768=CARTESIAN_POINT('Origin',(-393.7,1676.4,50.8));
#6769=CARTESIAN_POINT('',(-393.7,1701.8,50.8));
#6770=CARTESIAN_POINT('',(-393.7,1701.8,50.8));
#6771=CARTESIAN_POINT('',(-444.5,1701.8,50.8));
#6772=CARTESIAN_POINT('',(-393.7,1701.8,50.8));
#6773=CARTESIAN_POINT('',(-444.5,1701.8,50.8));
#6774=CARTESIAN_POINT('Origin',(-393.7,1701.8,44.45));
#6775=CARTESIAN_POINT('',(-444.5,1701.8,44.45));
#6776=CARTESIAN_POINT('',(-444.5,1701.8,44.45));
#6777=CARTESIAN_POINT('',(-393.7,1701.8,44.45));
#6778=CARTESIAN_POINT('Origin',(-393.7,1701.8,50.8));
#6779=CARTESIAN_POINT('',(-393.7,1701.8,31.75));
#6780=CARTESIAN_POINT('',(-444.5,1701.8,-25.4));
#6781=CARTESIAN_POINT('Origin',(-444.5,1689.1,47.625));
#6782=CARTESIAN_POINT('Origin',(-393.7,1689.1,47.625));
#6783=CARTESIAN_POINT('Origin',(-44.4499999999999,355.6,25.4));
#6784=CARTESIAN_POINT('',(-44.4499999999999,101.6,25.4));
#6785=CARTESIAN_POINT('',(-44.4499999999999,355.6,25.4));
#6786=CARTESIAN_POINT('',(-44.4499999999999,25.4000000000001,25.4));
#6787=CARTESIAN_POINT('',(-44.4499999999999,101.6,29.2));
#6788=CARTESIAN_POINT('',(-44.4499999999999,101.6,25.4));
#6789=CARTESIAN_POINT('',(-44.4499999999999,355.6,29.2));
#6790=CARTESIAN_POINT('',(-44.4499999999999,25.4000000000001,29.2));
#6791=CARTESIAN_POINT('',(-44.4499999999999,355.6,25.4));
#6792=CARTESIAN_POINT('Origin',(44.45,355.6,25.4));
#6793=CARTESIAN_POINT('',(44.45,355.6,25.4));
#6794=CARTESIAN_POINT('',(-44.4499999999999,355.6,25.4));
#6795=CARTESIAN_POINT('',(44.45,355.6,29.2));
#6796=CARTESIAN_POINT('',(-44.4499999999999,355.6,29.2));
#6797=CARTESIAN_POINT('',(44.45,355.6,25.4));
#6798=CARTESIAN_POINT('Origin',(44.45,101.6,25.4));
#6799=CARTESIAN_POINT('',(44.45,101.6,25.4));
#6800=CARTESIAN_POINT('',(44.45,355.6,25.4));
#6801=CARTESIAN_POINT('',(44.45,101.6,29.2));
#6802=CARTESIAN_POINT('',(44.45,355.6,29.2));
#6803=CARTESIAN_POINT('',(44.45,101.6,25.4));
#6804=CARTESIAN_POINT('Origin',(-44.4499999999999,101.6,25.4));
#6805=CARTESIAN_POINT('',(-69.8499999999999,101.6,25.4));
#6806=CARTESIAN_POINT('',(-69.8499999999999,101.6,29.2));
#6807=CARTESIAN_POINT('Origin',(1.4210854715202E-13,952.5,29.2));
#6808=CARTESIAN_POINT('Origin',(1.4210854715202E-13,952.5,25.4));
#6809=CARTESIAN_POINT('Origin',(-430.2125,1689.1,-50.8));
#6810=CARTESIAN_POINT('',(-422.275,1689.1,-50.8));
#6811=CARTESIAN_POINT('Origin',(-430.2125,1689.1,-50.8));
#6812=CARTESIAN_POINT('Origin',(-430.2125,1689.1,50.8));
#6813=CARTESIAN_POINT('',(-422.275,1689.1,63.5));
#6814=CARTESIAN_POINT('Origin',(-430.2125,1689.1,63.5));
#6815=CARTESIAN_POINT('',(-422.275,1689.1,50.8));
#6816=CARTESIAN_POINT('Origin',(-430.2125,1689.1,63.5));
#6817=CARTESIAN_POINT('Origin',(-438.15,1689.1,30.0000004470348));
#6818=CARTESIAN_POINT('',(-552.45,1697.0375,30.0000004470348));
#6819=CARTESIAN_POINT('Origin',(-552.45,1689.1,30.0000004470348));
#6820=CARTESIAN_POINT('',(-438.15,1697.0375,30.0000004470348));
#6821=CARTESIAN_POINT('',(-438.15,1697.0375,30.0000004470348));
#6822=CARTESIAN_POINT('Origin',(-438.15,1689.1,30.0000004470348));
#6823=CARTESIAN_POINT('Origin',(-552.45,1689.1,30.0000004470348));
#6824=CARTESIAN_POINT('Origin',(-438.15,1689.1,30.0000004470348));
#6825=CARTESIAN_POINT('Origin',(-254.,1295.4,0.));
#6826=CARTESIAN_POINT('',(-12.6999999999998,1295.4,-1.6002));
#6827=CARTESIAN_POINT('',(-247.930568072617,1295.4,-1.6002));
#6828=CARTESIAN_POINT('',(-127.,1295.4,-1.6002));
#6829=CARTESIAN_POINT('',(-12.6999999999998,1295.4,0.));
#6830=CARTESIAN_POINT('',(-12.6999999999998,1295.4,0.));
#6831=CARTESIAN_POINT('',(-247.930568072617,1295.4,0.));
#6832=CARTESIAN_POINT('',(-127.,1295.4,0.));
#6833=CARTESIAN_POINT('',(-247.930568072617,1295.4,0.));
#6834=CARTESIAN_POINT('Origin',(-228.6,1446.17843096641,0.));
#6835=CARTESIAN_POINT('',(-228.6,1446.17843096641,-1.6002));
#6836=CARTESIAN_POINT('',(-257.88599419096,1217.74767627692,-1.6002));
#6837=CARTESIAN_POINT('',(-228.6,1446.17843096641,0.));
#6838=CARTESIAN_POINT('',(-257.88599419096,1217.74767627692,0.));
#6839=CARTESIAN_POINT('',(-228.6,1446.17843096641,0.));
#6840=CARTESIAN_POINT('Origin',(-12.6999999999998,711.2,0.));
#6841=CARTESIAN_POINT('',(-12.6999999999998,1447.8,-1.6002));
#6842=CARTESIAN_POINT('',(-12.6999999999998,831.85,-1.6002));
#6843=CARTESIAN_POINT('',(-12.6999999999998,1447.8,0.));
#6844=CARTESIAN_POINT('',(-12.6999999999998,1447.8,0.));
#6845=CARTESIAN_POINT('',(-12.6999999999998,831.85,0.));
#6846=CARTESIAN_POINT('Origin',(-228.6,1447.8,0.));
#6847=CARTESIAN_POINT('',(-228.6,1447.8,-1.6002));
#6848=CARTESIAN_POINT('',(-228.6,1200.15,-1.6002));
#6849=CARTESIAN_POINT('',(-228.6,1447.8,0.));
#6850=CARTESIAN_POINT('',(-228.6,1200.15,0.));
#6851=CARTESIAN_POINT('',(-228.6,1447.8,0.));
#6852=CARTESIAN_POINT('Origin',(254.,1447.8,0.));
#6853=CARTESIAN_POINT('',(127.,1447.8,-1.6002));
#6854=CARTESIAN_POINT('',(127.,1447.8,0.));
#6855=CARTESIAN_POINT('Origin',(-7.105427357601E-14,952.5,-1.6002));
#6856=CARTESIAN_POINT('Origin',(-7.105427357601E-14,952.5,0.));
#6857=CARTESIAN_POINT('Origin',(393.7,1676.4,44.45));
#6858=CARTESIAN_POINT('',(393.7,1676.4,50.8));
#6859=CARTESIAN_POINT('',(393.7,1676.4,-25.4));
#6860=CARTESIAN_POINT('',(393.7,1676.4,28.575));
#6861=CARTESIAN_POINT('',(444.5,1676.4,-25.4));
#6862=CARTESIAN_POINT('',(393.7,1676.4,-25.4));
#6863=CARTESIAN_POINT('',(444.5,1676.4,-19.05));
#6864=CARTESIAN_POINT('',(444.5,1676.4,50.8));
#6865=CARTESIAN_POINT('',(400.05,1676.4,-19.05));
#6866=CARTESIAN_POINT('',(393.7,1676.4,-19.05));
#6867=CARTESIAN_POINT('',(400.05,1676.4,44.45));
#6868=CARTESIAN_POINT('',(400.05,1676.4,50.8));
#6869=CARTESIAN_POINT('',(444.5,1676.4,44.45));
#6870=CARTESIAN_POINT('',(393.7,1676.4,44.45));
#6871=CARTESIAN_POINT('',(444.5,1676.4,50.8));
#6872=CARTESIAN_POINT('',(444.5,1676.4,50.8));
#6873=CARTESIAN_POINT('',(393.7,1676.4,50.8));
#6874=CARTESIAN_POINT('Origin',(400.05,1689.1,12.7));
#6875=CARTESIAN_POINT('',(400.05,1701.8,44.45));
#6876=CARTESIAN_POINT('',(400.05,1701.8,-19.05));
#6877=CARTESIAN_POINT('',(400.05,1701.8,-25.4));
#6878=CARTESIAN_POINT('',(400.05,1695.45,44.45));
#6879=CARTESIAN_POINT('',(400.05,1682.75,-19.05));
#6880=CARTESIAN_POINT('Origin',(393.7,1676.4,-19.05));
#6881=CARTESIAN_POINT('',(444.5,1701.8,-19.05));
#6882=CARTESIAN_POINT('',(444.5,1701.8,-19.05));
#6883=CARTESIAN_POINT('',(393.7,1701.8,-19.05));
#6884=CARTESIAN_POINT('Origin',(393.7,1701.8,-25.4));
#6885=CARTESIAN_POINT('',(393.7,1701.8,-25.4));
#6886=CARTESIAN_POINT('',(393.7,1676.4,-25.4));
#6887=CARTESIAN_POINT('',(444.5,1701.8,-25.4));
#6888=CARTESIAN_POINT('',(393.7,1701.8,-25.4));
#6889=CARTESIAN_POINT('',(444.5,1676.4,-25.4));
#6890=CARTESIAN_POINT('Origin',(444.5,1689.1,-22.225));
#6891=CARTESIAN_POINT('',(444.5,1701.8,-25.4));
#6892=CARTESIAN_POINT('Origin',(393.7,1676.4,50.8));
#6893=CARTESIAN_POINT('',(393.7,1701.8,50.8));
#6894=CARTESIAN_POINT('',(393.7,1701.8,50.8));
#6895=CARTESIAN_POINT('',(444.5,1701.8,50.8));
#6896=CARTESIAN_POINT('',(444.5,1701.8,50.8));
#6897=CARTESIAN_POINT('',(393.7,1701.8,50.8));
#6898=CARTESIAN_POINT('Origin',(393.7,1701.8,44.45));
#6899=CARTESIAN_POINT('',(444.5,1701.8,44.45));
#6900=CARTESIAN_POINT('',(393.7,1701.8,44.45));
#6901=CARTESIAN_POINT('',(444.5,1701.8,44.45));
#6902=CARTESIAN_POINT('Origin',(393.7,1701.8,50.8));
#6903=CARTESIAN_POINT('',(393.7,1701.8,31.75));
#6904=CARTESIAN_POINT('',(444.5,1701.8,-25.4));
#6905=CARTESIAN_POINT('Origin',(444.5,1689.1,47.625));
#6906=CARTESIAN_POINT('Origin',(393.7,1689.1,47.625));
#6907=CARTESIAN_POINT('Origin',(430.2125,1689.1,-50.8));
#6908=CARTESIAN_POINT('',(422.275,1689.1,-50.8));
#6909=CARTESIAN_POINT('Origin',(430.2125,1689.1,-50.8));
#6910=CARTESIAN_POINT('Origin',(430.2125,1689.1,50.8));
#6911=CARTESIAN_POINT('',(422.275,1689.1,63.5));
#6912=CARTESIAN_POINT('Origin',(430.2125,1689.1,63.5));
#6913=CARTESIAN_POINT('',(422.275,1689.1,50.8));
#6914=CARTESIAN_POINT('Origin',(430.2125,1689.1,63.5));
#6915=CARTESIAN_POINT('Origin',(438.15,1689.1,30.0000004470348));
#6916=CARTESIAN_POINT('',(552.45,1697.0375,30.0000004470348));
#6917=CARTESIAN_POINT('Origin',(552.45,1689.1,30.0000004470348));
#6918=CARTESIAN_POINT('',(438.15,1697.0375,30.0000004470348));
#6919=CARTESIAN_POINT('',(438.15,1697.0375,30.0000004470348));
#6920=CARTESIAN_POINT('Origin',(438.15,1689.1,30.0000004470348));
#6921=CARTESIAN_POINT('Origin',(552.45,1689.1,30.0000004470348));
#6922=CARTESIAN_POINT('Origin',(438.15,1689.1,30.0000004470348));
#6923=CARTESIAN_POINT('Origin',(-381.,55.7195982662834,25.4));
#6924=CARTESIAN_POINT('',(-381.,355.6,175.340200866858));
#6925=CARTESIAN_POINT('',(-381.,55.7195982662834,25.4));
#6926=CARTESIAN_POINT('',(-381.,355.6,175.340200866858));
#6927=CARTESIAN_POINT('',(-355.6,355.6,175.340200866858));
#6928=CARTESIAN_POINT('',(-12.7000000000001,355.6,175.340200866858));
#6929=CARTESIAN_POINT('',(-355.6,55.7195982662834,25.4));
#6930=CARTESIAN_POINT('',(-355.6,355.6,175.340200866858));
#6931=CARTESIAN_POINT('',(-190.5,55.7195982662834,25.4));
#6932=CARTESIAN_POINT('Origin',(-381.,355.6,203.2));
#6933=CARTESIAN_POINT('',(-381.,355.6,203.2));
#6934=CARTESIAN_POINT('',(-381.,3.5527136788005E-14,25.4));
#6935=CARTESIAN_POINT('',(-381.,355.6,203.2));
#6936=CARTESIAN_POINT('',(-355.6,0.,25.4));
#6937=CARTESIAN_POINT('',(-381.,3.5527136788005E-14,25.4));
#6938=CARTESIAN_POINT('',(-355.6,355.6,203.2));
#6939=CARTESIAN_POINT('',(-355.6,355.6,203.2));
#6940=CARTESIAN_POINT('',(-381.,355.6,203.2));
#6941=CARTESIAN_POINT('Origin',(1.4210854715202E-13,952.5,25.4));
#6942=CARTESIAN_POINT('',(-355.6,355.6,25.4));
#6943=CARTESIAN_POINT('',(-355.6,25.4,25.4));
#6944=CARTESIAN_POINT('',(-381.,355.6,25.4));
#6945=CARTESIAN_POINT('',(177.8,355.6,25.4));
#6946=CARTESIAN_POINT('',(-381.,457.2,25.4));
#6947=CARTESIAN_POINT('Origin',(355.6,355.6,25.4));
#6948=CARTESIAN_POINT('',(-355.6,355.6,177.8));
#6949=CARTESIAN_POINT('',(-355.6,355.6,107.335050216715));
#6950=CARTESIAN_POINT('',(355.6,355.6,177.8));
#6951=CARTESIAN_POINT('',(-355.6,355.6,177.8));
#6952=CARTESIAN_POINT('',(355.6,355.6,25.4));
#6953=CARTESIAN_POINT('',(355.6,355.6,25.4));
#6954=CARTESIAN_POINT('',(381.,355.6,25.4));
#6955=CARTESIAN_POINT('',(177.8,355.6,25.4));
#6956=CARTESIAN_POINT('',(381.,355.6,203.2));
#6957=CARTESIAN_POINT('',(381.,355.6,25.4));
#6958=CARTESIAN_POINT('',(-381.,355.6,203.2));
#6959=CARTESIAN_POINT('Origin',(355.6,355.6,25.4));
#6960=CARTESIAN_POINT('',(-381.,355.6,25.4));
#6961=CARTESIAN_POINT('',(-355.6,355.6,25.4));
#6962=CARTESIAN_POINT('Origin',(-355.6,381.,177.8));
#6963=CARTESIAN_POINT('',(-355.6,381.,203.2));
#6964=CARTESIAN_POINT('',(-355.6,381.,177.8));
#6965=CARTESIAN_POINT('',(-355.6,381.,101.6));
#6966=CARTESIAN_POINT('',(355.6,381.,203.2));
#6967=CARTESIAN_POINT('',(-355.6,381.,203.2));
#6968=CARTESIAN_POINT('',(355.6,381.,177.8));
#6969=CARTESIAN_POINT('',(355.6,381.,101.6));
#6970=CARTESIAN_POINT('',(-355.6,381.,177.8));
#6971=CARTESIAN_POINT('Origin',(-355.6,355.6,177.8));
#6972=CARTESIAN_POINT('',(-355.6,355.6,177.8));
#6973=CARTESIAN_POINT('',(355.6,368.3,177.8));
#6974=CARTESIAN_POINT('Origin',(-355.6,355.6,25.4));
#6975=CARTESIAN_POINT('',(-355.6,1320.8,177.8));
#6976=CARTESIAN_POINT('',(-355.6,355.6,177.8));
#6977=CARTESIAN_POINT('',(-355.6,1320.8,203.2));
#6978=CARTESIAN_POINT('',(-355.6,1320.8,177.8));
#6979=CARTESIAN_POINT('',(-355.6,355.6,203.2));
#6980=CARTESIAN_POINT('Origin',(-355.6,1320.8,177.8));
#6981=CARTESIAN_POINT('',(-381.,1320.8,177.8));
#6982=CARTESIAN_POINT('',(-355.6,1320.8,177.8));
#6983=CARTESIAN_POINT('',(-381.,1320.8,203.2));
#6984=CARTESIAN_POINT('',(-381.,1320.8,177.8));
#6985=CARTESIAN_POINT('',(-355.6,1320.8,203.2));
#6986=CARTESIAN_POINT('Origin',(-368.3,838.2,177.8));
#6987=CARTESIAN_POINT('',(-381.,381.,177.8));
#6988=CARTESIAN_POINT('',(-355.6,381.,177.8));
#6989=CARTESIAN_POINT('',(-381.,1295.4,177.8));
#6990=CARTESIAN_POINT('Origin',(-355.6,381.,25.4));
#6991=CARTESIAN_POINT('',(-381.,381.,25.4));
#6992=CARTESIAN_POINT('',(-355.6,381.,25.4));
#6993=CARTESIAN_POINT('',(-177.8,381.,25.4));
#6994=CARTESIAN_POINT('',(-381.,381.,25.4));
#6995=CARTESIAN_POINT('',(-355.6,381.,25.4));
#6996=CARTESIAN_POINT('Origin',(355.6,381.,25.4));
#6997=CARTESIAN_POINT('',(355.6,1320.8,203.2));
#6998=CARTESIAN_POINT('',(355.6,1295.4,203.2));
#6999=CARTESIAN_POINT('',(355.6,1320.8,177.8));
#7000=CARTESIAN_POINT('',(355.6,1320.8,177.8));
#7001=CARTESIAN_POINT('',(355.6,1295.4,177.8));
#7002=CARTESIAN_POINT('Origin',(355.6,381.,25.4));
#7003=CARTESIAN_POINT('',(355.6,381.,25.4));
#7004=CARTESIAN_POINT('',(355.6,381.,25.4));
#7005=CARTESIAN_POINT('',(355.6,666.75,25.4));
#7006=CARTESIAN_POINT('Origin',(381.,1320.8,177.8));
#7007=CARTESIAN_POINT('',(381.,1320.8,177.8));
#7008=CARTESIAN_POINT('',(381.,1320.8,177.8));
#7009=CARTESIAN_POINT('',(381.,1320.8,203.2));
#7010=CARTESIAN_POINT('',(381.,1320.8,203.2));
#7011=CARTESIAN_POINT('',(381.,1320.8,177.8));
#7012=CARTESIAN_POINT('Origin',(368.3,838.2,203.2));
#7013=CARTESIAN_POINT('',(381.,381.,203.2));
#7014=CARTESIAN_POINT('',(-381.,1295.4,203.2));
#7015=CARTESIAN_POINT('Origin',(368.3,838.2,177.8));
#7016=CARTESIAN_POINT('',(381.,381.,177.8));
#7017=CARTESIAN_POINT('',(355.6,381.,177.8));
#7018=CARTESIAN_POINT('',(381.,381.,177.8));
#7019=CARTESIAN_POINT('Origin',(381.,381.,25.4));
#7020=CARTESIAN_POINT('',(381.,381.,25.4));
#7021=CARTESIAN_POINT('',(190.5,381.,25.4));
#7022=CARTESIAN_POINT('',(381.,381.,25.4));
#7023=CARTESIAN_POINT('Origin',(12.6055237076031,1447.8,0.368263100771085));
#7024=CARTESIAN_POINT('',(12.6055237076031,1447.8,25.4));
#7025=CARTESIAN_POINT('',(12.6055237076042,1422.8,25.4));
#7026=CARTESIAN_POINT('',(12.6055237076142,1200.15,25.4));
#7027=CARTESIAN_POINT('',(12.6055237076031,1447.8,0.368263100771085));
#7028=CARTESIAN_POINT('',(12.6055237076031,1447.8,0.368263100771085));
#7029=CARTESIAN_POINT('',(12.6055237076042,1422.8,0.368263100771102));
#7030=CARTESIAN_POINT('',(12.6055237076031,1447.8,0.368263100771085));
#7031=CARTESIAN_POINT('',(12.6055237076042,1422.8,0.368263100771085));
#7032=CARTESIAN_POINT('Origin',(-0.00600531568742957,1422.8,196.284125218489));
#7033=CARTESIAN_POINT('',(-12.617534338979,1422.8,25.4));
#7034=CARTESIAN_POINT('',(-0.00300265785423269,1422.8,25.4));
#7035=CARTESIAN_POINT('',(-12.617534338979,1422.8,0.368263100771102));
#7036=CARTESIAN_POINT('',(-12.617534338979,1422.8,0.368263100771085));
#7037=CARTESIAN_POINT('',(-12.617534338979,1422.8,392.199987336206));
#7038=CARTESIAN_POINT('Origin',(-12.6175343389802,1447.8,0.368263100771085));
#7039=CARTESIAN_POINT('',(-12.6175343389802,1447.8,0.368263100771085));
#7040=CARTESIAN_POINT('',(-12.6175343389802,1447.8,0.368263100771085));
#7041=CARTESIAN_POINT('',(-12.6175343389802,1447.8,0.368263100771085));
#7042=CARTESIAN_POINT('Origin',(-12.6175343389802,1447.8,392.199987336206));
#7043=CARTESIAN_POINT('',(-12.6175343389802,1447.8,25.4));
#7044=CARTESIAN_POINT('',(-12.617534338969,1200.15,25.4));
#7045=CARTESIAN_POINT('',(-12.6175343389802,1447.8,392.199987336206));
#7046=CARTESIAN_POINT('Origin',(-0.00600531568855533,1447.8,196.284125218489));
#7047=CARTESIAN_POINT('',(-0.00300265785536884,1447.8,25.4));
#7048=CARTESIAN_POINT('Origin',(228.6,1524.,12.78));
#7049=CARTESIAN_POINT('',(228.6,1529.,12.78));
#7050=CARTESIAN_POINT('Origin',(228.6,1524.,12.78));
#7051=CARTESIAN_POINT('',(254.,1529.,12.78));
#7052=CARTESIAN_POINT('',(228.6,1529.,12.78));
#7053=CARTESIAN_POINT('Origin',(254.,1524.,12.78));
#7054=CARTESIAN_POINT('Origin',(-254.,1524.,12.78));
#7055=CARTESIAN_POINT('',(-254.,1529.,12.78));
#7056=CARTESIAN_POINT('Origin',(-254.,1524.,12.78));
#7057=CARTESIAN_POINT('',(-228.6,1529.,12.78));
#7058=CARTESIAN_POINT('',(-254.,1529.,12.78));
#7059=CARTESIAN_POINT('Origin',(-228.6,1524.,12.78));
#7060=CARTESIAN_POINT('Origin',(-381.,457.2,0.));
#7061=CARTESIAN_POINT('',(-381.,457.2,25.4));
#7062=CARTESIAN_POINT('',(-381.,457.2,25.4));
#7063=CARTESIAN_POINT('',(-381.,457.2,0.));
#7064=CARTESIAN_POINT('',(-381.,457.2,0.));
#7065=CARTESIAN_POINT('',(-381.,3.5527136788005E-14,0.));
#7066=CARTESIAN_POINT('',(-381.,704.85,0.));
#7067=CARTESIAN_POINT('',(-381.,3.5527136788005E-14,0.));
#7068=CARTESIAN_POINT('Origin',(-381.,3.5527136788005E-14,0.));
#7069=CARTESIAN_POINT('',(381.,0.,0.));
#7070=CARTESIAN_POINT('',(-190.5,0.,0.));
#7071=CARTESIAN_POINT('',(381.,0.,25.4));
#7072=CARTESIAN_POINT('',(381.,0.,0.));
#7073=CARTESIAN_POINT('',(-381.,3.5527136788005E-14,25.4));
#7074=CARTESIAN_POINT('Origin',(381.,0.,0.));
#7075=CARTESIAN_POINT('',(381.,457.2,0.));
#7076=CARTESIAN_POINT('',(381.,476.25,0.));
#7077=CARTESIAN_POINT('',(381.,457.2,25.4));
#7078=CARTESIAN_POINT('',(381.,457.2,0.));
#7079=CARTESIAN_POINT('',(381.,25.4,25.4));
#7080=CARTESIAN_POINT('',(381.,25.4,25.4));
#7081=CARTESIAN_POINT('Origin',(-254.,1447.8,0.));
#7082=CARTESIAN_POINT('',(-254.,1447.8,0.));
#7083=CARTESIAN_POINT('',(-270.282051282051,1320.8,0.));
#7084=CARTESIAN_POINT('',(-283.182891332471,1220.17344760673,0.));
#7085=CARTESIAN_POINT('',(-270.282051282051,1320.8,25.4));
#7086=CARTESIAN_POINT('',(-270.282051282051,1320.8,0.));
#7087=CARTESIAN_POINT('',(-254.,1447.8,25.4));
#7088=CARTESIAN_POINT('',(-254.,1447.8,25.4));
#7089=CARTESIAN_POINT('',(-254.,1447.8,0.));
#7090=CARTESIAN_POINT('Origin',(381.,457.2,0.));
#7091=CARTESIAN_POINT('',(270.282051282051,1320.8,0.));
#7092=CARTESIAN_POINT('',(254.,1447.8,0.));
#7093=CARTESIAN_POINT('',(346.682891332471,724.873447606727,0.));
#7094=CARTESIAN_POINT('',(254.,1447.8,25.4));
#7095=CARTESIAN_POINT('',(254.,1447.8,0.));
#7096=CARTESIAN_POINT('',(270.282051282051,1320.8,25.4));
#7097=CARTESIAN_POINT('',(254.,1447.8,25.4));
#7098=CARTESIAN_POINT('',(270.282051282051,1320.8,0.));
#7099=CARTESIAN_POINT('Origin',(381.,457.2,0.));
#7100=CARTESIAN_POINT('',(351.692307692308,685.8,0.));
#7101=CARTESIAN_POINT('',(346.682891332471,724.873447606727,0.));
#7102=CARTESIAN_POINT('',(351.692307692308,685.8,25.4));
#7103=CARTESIAN_POINT('',(351.692307692308,685.8,0.));
#7104=CARTESIAN_POINT('',(254.,1447.8,25.4));
#7105=CARTESIAN_POINT('Origin',(-254.,1905.,0.));
#7106=CARTESIAN_POINT('',(-254.,1905.,0.));
#7107=CARTESIAN_POINT('',(-254.,1701.8,0.));
#7108=CARTESIAN_POINT('',(-254.,1428.75,0.));
#7109=CARTESIAN_POINT('',(-254.,1701.8,25.4));
#7110=CARTESIAN_POINT('',(-254.,1701.8,0.));
#7111=CARTESIAN_POINT('',(-254.,1905.,25.4));
#7112=CARTESIAN_POINT('',(-254.,1701.8,25.4));
#7113=CARTESIAN_POINT('',(-254.,1905.,0.));
#7114=CARTESIAN_POINT('Origin',(254.,1701.8,0.));
#7115=CARTESIAN_POINT('',(254.,1701.8,0.));
#7116=CARTESIAN_POINT('',(254.,1905.,0.));
#7117=CARTESIAN_POINT('',(254.,1327.15,0.));
#7118=CARTESIAN_POINT('',(254.,1905.,25.4));
#7119=CARTESIAN_POINT('',(254.,1905.,0.));
#7120=CARTESIAN_POINT('',(254.,1701.8,25.4));
#7121=CARTESIAN_POINT('',(254.,1701.8,25.4));
#7122=CARTESIAN_POINT('',(254.,1701.8,0.));
#7123=CARTESIAN_POINT('Origin',(254.,1701.8,0.));
#7124=CARTESIAN_POINT('',(254.,1676.4,0.));
#7125=CARTESIAN_POINT('',(254.,1327.15,0.));
#7126=CARTESIAN_POINT('',(254.,1676.4,25.4));
#7127=CARTESIAN_POINT('',(254.,1676.4,0.));
#7128=CARTESIAN_POINT('',(254.,1676.4,25.4));
#7129=CARTESIAN_POINT('Origin',(-524.282051282051,1320.8,0.));
#7130=CARTESIAN_POINT('',(-524.282051282051,1320.8,0.));
#7131=CARTESIAN_POINT('',(-524.282051282051,685.8,0.));
#7132=CARTESIAN_POINT('',(-524.282051282051,1320.8,0.));
#7133=CARTESIAN_POINT('',(-524.282051282051,685.8,25.4));
#7134=CARTESIAN_POINT('',(-524.282051282051,685.8,0.));
#7135=CARTESIAN_POINT('',(-524.282051282051,1320.8,25.4));
#7136=CARTESIAN_POINT('',(-524.282051282051,1320.8,25.4));
#7137=CARTESIAN_POINT('',(-524.282051282051,1320.8,0.));
#7138=CARTESIAN_POINT('Origin',(-498.882051282051,711.2,0.));
#7139=CARTESIAN_POINT('',(-498.882051282051,1295.4,0.));
#7140=CARTESIAN_POINT('',(-498.882051282051,1295.4,25.4));
#7141=CARTESIAN_POINT('',(-498.882051282051,1295.4,0.));
#7142=CARTESIAN_POINT('',(-498.882051282051,711.2,25.4));
#7143=CARTESIAN_POINT('',(-498.882051282051,1295.4,25.4));
#7144=CARTESIAN_POINT('',(-498.882051282051,711.2,0.));
#7145=CARTESIAN_POINT('',(-498.882051282051,711.2,0.));
#7146=CARTESIAN_POINT('',(-498.882051282051,831.85,0.));
#7147=CARTESIAN_POINT('Origin',(-393.7,952.5,12.7));
#7148=CARTESIAN_POINT('',(-393.7,1676.4,25.4));
#7149=CARTESIAN_POINT('',(-393.7,1676.4,0.));
#7150=CARTESIAN_POINT('',(-393.7,1676.4,28.575));
#7151=CARTESIAN_POINT('',(-393.7,1701.8,25.4));
#7152=CARTESIAN_POINT('',(-393.7,1676.4,25.4));
#7153=CARTESIAN_POINT('',(-393.7,1701.8,0.));
#7154=CARTESIAN_POINT('',(-393.7,1701.8,31.75));
#7155=CARTESIAN_POINT('',(-393.7,1676.4,0.));
#7156=CARTESIAN_POINT('Origin',(-393.7,1701.8,50.8));
#7157=CARTESIAN_POINT('',(-393.7,1701.8,25.4));
#7158=CARTESIAN_POINT('',(-393.7,1701.8,0.));
#7159=CARTESIAN_POINT('Origin',(-348.435897435897,711.2,0.));
#7160=CARTESIAN_POINT('',(-348.435897435897,711.2,25.4));
#7161=CARTESIAN_POINT('',(-498.882051282051,711.2,25.4));
#7162=CARTESIAN_POINT('',(-348.435897435897,711.2,0.));
#7163=CARTESIAN_POINT('',(-348.435897435897,711.2,0.));
#7164=CARTESIAN_POINT('',(-174.217948717949,711.2,0.));
#7165=CARTESIAN_POINT('Origin',(-524.282051282051,685.8,0.));
#7166=CARTESIAN_POINT('',(-351.692307692308,685.8,0.));
#7167=CARTESIAN_POINT('',(-524.282051282051,685.8,0.));
#7168=CARTESIAN_POINT('',(-351.692307692308,685.8,25.4));
#7169=CARTESIAN_POINT('',(-351.692307692308,685.8,0.));
#7170=CARTESIAN_POINT('',(-524.282051282051,685.8,25.4));
#7171=CARTESIAN_POINT('Origin',(1.4210854715202E-13,952.5,25.4));
#7172=CARTESIAN_POINT('',(-355.6,25.4,25.4));
#7173=CARTESIAN_POINT('',(-355.6,651.264020086686,25.4));
#7174=CARTESIAN_POINT('',(355.6,25.4,25.4));
#7175=CARTESIAN_POINT('',(355.6,457.2,25.4));
#7176=CARTESIAN_POINT('',(69.8500000000001,25.4,25.4));
#7177=CARTESIAN_POINT('',(-355.6,25.4,25.4));
#7178=CARTESIAN_POINT('',(69.85,355.6,25.4));
#7179=CARTESIAN_POINT('',(69.85,25.4000000000001,25.4));
#7180=CARTESIAN_POINT('',(355.6,355.6,25.4));
#7181=CARTESIAN_POINT('',(12.7000000000002,381.,25.4));
#7182=CARTESIAN_POINT('',(-355.6,381.,25.4));
#7183=CARTESIAN_POINT('',(12.7000000000002,685.8,25.4));
#7184=CARTESIAN_POINT('',(12.7000000000002,1905.,25.4));
#7185=CARTESIAN_POINT('',(326.084414226462,685.8,25.4));
#7186=CARTESIAN_POINT('',(12.7000000000002,685.8,25.4));
#7187=CARTESIAN_POINT('',(355.6,455.578430966401,25.4));
#7188=CARTESIAN_POINT('',(228.6,1446.17843096641,25.4));
#7189=CARTESIAN_POINT('',(355.6,457.2,25.4));
#7190=CARTESIAN_POINT('',(524.282051282051,685.8,25.4));
#7191=CARTESIAN_POINT('',(524.282051282051,685.8,25.4));
#7192=CARTESIAN_POINT('',(524.282051282051,1320.8,25.4));
#7193=CARTESIAN_POINT('',(524.282051282051,1320.8,25.4));
#7194=CARTESIAN_POINT('',(270.282051282051,1320.8,25.4));
#7195=CARTESIAN_POINT('',(393.7,1676.4,25.4));
#7196=CARTESIAN_POINT('',(393.7,1676.4,25.4));
#7197=CARTESIAN_POINT('',(393.7,1701.8,25.4));
#7198=CARTESIAN_POINT('',(393.7,1701.8,25.4));
#7199=CARTESIAN_POINT('',(-393.7,1701.8,25.4));
#7200=CARTESIAN_POINT('',(254.,1905.,25.4));
#7201=CARTESIAN_POINT('',(-254.,1676.4,25.4));
#7202=CARTESIAN_POINT('',(393.7,1676.4,25.4));
#7203=CARTESIAN_POINT('',(-254.,1506.39488536316,25.4));
#7204=CARTESIAN_POINT('',(-254.,1447.8,25.4));
#7205=CARTESIAN_POINT('',(-252.5,1506.39488536316,25.4));
#7206=CARTESIAN_POINT('',(-127.,1506.39488536316,25.4));
#7207=CARTESIAN_POINT('',(-254.,1447.8,25.4));
#7208=CARTESIAN_POINT('',(-270.282051282051,1320.8,25.4));
#7209=CARTESIAN_POINT('',(-254.,1447.8,25.4));
#7210=CARTESIAN_POINT('',(-355.6,455.578430966404,25.4));
#7211=CARTESIAN_POINT('',(-355.6,431.8,25.4));
#7212=CARTESIAN_POINT('',(-326.084414226462,685.8,25.4));
#7213=CARTESIAN_POINT('',(-228.6,1446.17843096641,25.4));
#7214=CARTESIAN_POINT('',(-12.6999999999998,685.8,25.4));
#7215=CARTESIAN_POINT('',(-12.6999999999998,685.8,25.4));
#7216=CARTESIAN_POINT('',(-12.6999999999998,381.,25.4));
#7217=CARTESIAN_POINT('',(-12.6999999999998,457.2,25.4));
#7218=CARTESIAN_POINT('',(-355.6,381.,25.4));
#7219=CARTESIAN_POINT('',(-355.6,654.05,25.4));
#7220=CARTESIAN_POINT('',(-69.8499999999999,355.6,25.4));
#7221=CARTESIAN_POINT('',(355.6,355.6,25.4));
#7222=CARTESIAN_POINT('',(-69.8499999999999,25.4,25.4));
#7223=CARTESIAN_POINT('',(-69.8499999999999,25.3999999999989,25.4));
#7224=CARTESIAN_POINT('',(-355.6,25.4,25.4));
#7225=CARTESIAN_POINT('',(-273.538461538461,1295.4,25.4));
#7226=CARTESIAN_POINT('',(-498.882051282051,1295.4,25.4));
#7227=CARTESIAN_POINT('',(-254.,1447.8,25.4));
#7228=CARTESIAN_POINT('',(-228.6,1446.17843096641,25.4));
#7229=CARTESIAN_POINT('',(-228.6,1447.8,25.4));
#7230=CARTESIAN_POINT('',(-228.6,1447.8,25.4));
#7231=CARTESIAN_POINT('',(-12.6999999999998,1447.8,25.4));
#7232=CARTESIAN_POINT('',(-228.6,1447.8,25.4));
#7233=CARTESIAN_POINT('',(-12.6999999999998,711.2,25.4));
#7234=CARTESIAN_POINT('',(-12.6999999999998,457.2,25.4));
#7235=CARTESIAN_POINT('',(-322.828003970052,711.2,25.4));
#7236=CARTESIAN_POINT('',(-12.6999999999998,711.2,25.4));
#7237=CARTESIAN_POINT('',(-228.6,1446.17843096641,25.4));
#7238=CARTESIAN_POINT('',(-44.4499999999999,25.4,25.4));
#7239=CARTESIAN_POINT('',(-44.4499999999999,355.6,25.4));
#7240=CARTESIAN_POINT('',(-44.4499999999999,355.6,25.4));
#7241=CARTESIAN_POINT('',(44.45,355.6,25.4));
#7242=CARTESIAN_POINT('',(355.6,355.6,25.4));
#7243=CARTESIAN_POINT('',(44.45,25.4,25.4));
#7244=CARTESIAN_POINT('',(44.45,355.6,25.4));
#7245=CARTESIAN_POINT('',(-355.6,25.4,25.4));
#7246=CARTESIAN_POINT('',(-228.6,1701.8,25.4));
#7247=CARTESIAN_POINT('',(-228.6,1879.6,25.4));
#7248=CARTESIAN_POINT('',(-228.6,1905.,25.4));
#7249=CARTESIAN_POINT('',(-12.6999999999998,1879.6,25.4));
#7250=CARTESIAN_POINT('',(-254.,1879.6,25.4));
#7251=CARTESIAN_POINT('',(-12.6999999999998,1701.8,25.4));
#7252=CARTESIAN_POINT('',(-12.6999999999998,457.2,25.4));
#7253=CARTESIAN_POINT('',(-393.7,1701.8,25.4));
#7254=CARTESIAN_POINT('',(12.7000000000002,1676.4,25.4));
#7255=CARTESIAN_POINT('',(228.6,1676.4,25.4));
#7256=CARTESIAN_POINT('',(393.7,1676.4,25.4));
#7257=CARTESIAN_POINT('',(228.6,1473.2,25.4));
#7258=CARTESIAN_POINT('',(228.6,1447.8,25.4));
#7259=CARTESIAN_POINT('',(12.7000000000002,1473.2,25.4));
#7260=CARTESIAN_POINT('',(228.6,1473.2,25.4));
#7261=CARTESIAN_POINT('',(12.7000000000002,1905.,25.4));
#7262=CARTESIAN_POINT('',(12.7000000000002,711.2,25.4));
#7263=CARTESIAN_POINT('',(12.7000000000002,1447.8,25.4));
#7264=CARTESIAN_POINT('',(12.7000000000002,1905.,25.4));
#7265=CARTESIAN_POINT('',(228.6,1447.8,25.4));
#7266=CARTESIAN_POINT('',(-228.6,1447.8,25.4));
#7267=CARTESIAN_POINT('',(228.6,1446.17843096641,25.4));
#7268=CARTESIAN_POINT('',(228.6,1447.8,25.4));
#7269=CARTESIAN_POINT('',(322.828003970052,711.2,25.4));
#7270=CARTESIAN_POINT('',(228.6,1446.17843096641,25.4));
#7271=CARTESIAN_POINT('',(12.7000000000002,711.2,25.4));
#7272=CARTESIAN_POINT('',(12.7000000000002,1879.6,25.4));
#7273=CARTESIAN_POINT('',(228.6,1879.6,25.4));
#7274=CARTESIAN_POINT('',(-254.,1879.6,25.4));
#7275=CARTESIAN_POINT('',(228.6,1701.8,25.4));
#7276=CARTESIAN_POINT('',(228.6,1905.,25.4));
#7277=CARTESIAN_POINT('',(12.7000000000002,1701.8,25.4));
#7278=CARTESIAN_POINT('',(-393.7,1701.8,25.4));
#7279=CARTESIAN_POINT('',(12.7000000000002,1905.,25.4));
#7280=CARTESIAN_POINT('',(-12.6999999999998,1676.4,25.4));
#7281=CARTESIAN_POINT('',(-12.6999999999998,1473.2,25.4));
#7282=CARTESIAN_POINT('',(-12.6999999999998,457.2,25.4));
#7283=CARTESIAN_POINT('',(-228.6,1473.2,25.4));
#7284=CARTESIAN_POINT('',(228.6,1473.2,25.4));
#7285=CARTESIAN_POINT('',(-228.6,1676.4,25.4));
#7286=CARTESIAN_POINT('',(-228.6,1676.4,25.4));
#7287=CARTESIAN_POINT('',(393.7,1676.4,25.4));
#7288=CARTESIAN_POINT('',(273.538461538462,1295.4,25.4));
#7289=CARTESIAN_POINT('',(498.882051282051,1295.4,25.4));
#7290=CARTESIAN_POINT('',(498.882051282051,1295.4,25.4));
#7291=CARTESIAN_POINT('',(498.882051282051,711.2,25.4));
#7292=CARTESIAN_POINT('',(498.882051282051,1295.4,25.4));
#7293=CARTESIAN_POINT('',(348.435897435897,711.2,25.4));
#7294=CARTESIAN_POINT('',(498.882051282051,711.2,25.4));
#7295=CARTESIAN_POINT('',(254.,1447.8,25.4));
#7296=CARTESIAN_POINT('Origin',(-393.7,1676.4,44.45));
#7297=CARTESIAN_POINT('',(-254.,1676.4,0.));
#7298=CARTESIAN_POINT('',(393.7,1676.4,0.));
#7299=CARTESIAN_POINT('',(-254.,1676.4,0.));
#7300=CARTESIAN_POINT('Origin',(498.882051282051,711.2,0.));
#7301=CARTESIAN_POINT('',(348.435897435897,711.2,0.));
#7302=CARTESIAN_POINT('',(348.435897435897,711.2,1.6002));
#7303=CARTESIAN_POINT('',(498.882051282051,711.2,0.));
#7304=CARTESIAN_POINT('',(498.882051282051,711.2,0.));
#7305=CARTESIAN_POINT('',(249.441025641026,711.2,0.));
#7306=CARTESIAN_POINT('Origin',(381.,457.2,0.));
#7307=CARTESIAN_POINT('',(273.538461538462,1295.4,0.));
#7308=CARTESIAN_POINT('',(273.538461538462,1295.4,0.));
#7309=CARTESIAN_POINT('',(330.40084005042,851.873447606727,0.));
#7310=CARTESIAN_POINT('Origin',(273.538461538462,1295.4,0.));
#7311=CARTESIAN_POINT('',(498.882051282051,1295.4,0.));
#7312=CARTESIAN_POINT('',(498.882051282051,1295.4,0.));
#7313=CARTESIAN_POINT('',(136.769230769231,1295.4,0.));
#7314=CARTESIAN_POINT('Origin',(524.282051282051,1320.8,0.));
#7315=CARTESIAN_POINT('',(524.282051282051,1320.8,0.));
#7316=CARTESIAN_POINT('',(270.282051282051,1320.8,0.));
#7317=CARTESIAN_POINT('',(524.282051282051,1320.8,0.));
#7318=CARTESIAN_POINT('Origin',(524.282051282051,685.8,0.));
#7319=CARTESIAN_POINT('',(524.282051282051,685.8,0.));
#7320=CARTESIAN_POINT('',(524.282051282051,1320.8,0.));
#7321=CARTESIAN_POINT('',(524.282051282051,685.8,0.));
#7322=CARTESIAN_POINT('Origin',(351.692307692308,685.8,0.));
#7323=CARTESIAN_POINT('',(524.282051282051,685.8,0.));
#7324=CARTESIAN_POINT('Origin',(498.882051282051,1295.4,0.));
#7325=CARTESIAN_POINT('',(498.882051282051,1123.95,0.));
#7326=CARTESIAN_POINT('Origin',(-254.,1447.8,0.));
#7327=CARTESIAN_POINT('',(-283.182891332471,1220.17344760673,0.));
#7328=CARTESIAN_POINT('Origin',(-254.,1447.8,0.));
#7329=CARTESIAN_POINT('',(-273.538461538461,1295.4,0.));
#7330=CARTESIAN_POINT('',(-273.538461538461,1295.4,1.6002));
#7331=CARTESIAN_POINT('',(-292.952122101702,1143.97344760673,-1.38777878078145E-16));
#7332=CARTESIAN_POINT('Origin',(-270.282051282051,1320.8,0.));
#7333=CARTESIAN_POINT('',(-270.282051282051,1320.8,0.));
#7334=CARTESIAN_POINT('Origin',(-498.882051282051,1295.4,0.));
#7335=CARTESIAN_POINT('',(-249.441025641026,1295.4,0.));
#7336=CARTESIAN_POINT('Origin',(1.4210854715202E-13,952.5,0.));
#7337=CARTESIAN_POINT('',(127.,1905.,0.));
#7338=CARTESIAN_POINT('',(393.7,1701.8,0.));
#7339=CARTESIAN_POINT('',(-393.7,1701.8,0.));
#7340=CARTESIAN_POINT('',(393.7,1676.4,0.));
#7341=CARTESIAN_POINT('',(393.7,1701.8,0.));
#7342=CARTESIAN_POINT('',(393.7,1676.4,0.));
#7343=CARTESIAN_POINT('',(-254.,1428.75,0.));
#7344=CARTESIAN_POINT('',(-355.6,455.578430966404,0.));
#7345=CARTESIAN_POINT('',(-326.084414226462,685.8,0.));
#7346=CARTESIAN_POINT('',(-228.6,1446.17843096641,0.));
#7347=CARTESIAN_POINT('',(-355.6,381.,0.));
#7348=CARTESIAN_POINT('',(-355.6,431.8,0.));
#7349=CARTESIAN_POINT('',(-12.6999999999998,381.,0.));
#7350=CARTESIAN_POINT('',(-355.6,381.,0.));
#7351=CARTESIAN_POINT('',(-12.6999999999998,685.8,0.));
#7352=CARTESIAN_POINT('',(-12.6999999999998,457.2,0.));
#7353=CARTESIAN_POINT('',(-12.6999999999998,685.8,0.));
#7354=CARTESIAN_POINT('',(-322.828003970052,711.2,0.));
#7355=CARTESIAN_POINT('',(-228.6,1446.17843096641,0.));
#7356=CARTESIAN_POINT('',(-228.6,1446.17843096641,0.));
#7357=CARTESIAN_POINT('',(-12.6999999999998,711.2,0.));
#7358=CARTESIAN_POINT('',(-12.6999999999998,711.2,0.));
#7359=CARTESIAN_POINT('',(-12.6999999999998,1447.8,0.));
#7360=CARTESIAN_POINT('',(-12.6999999999998,457.2,0.));
#7361=CARTESIAN_POINT('',(-228.6,1447.8,0.));
#7362=CARTESIAN_POINT('',(-228.6,1447.8,0.));
#7363=CARTESIAN_POINT('',(-228.6,1447.8,0.));
#7364=CARTESIAN_POINT('',(44.45,25.4,0.));
#7365=CARTESIAN_POINT('',(-44.4499999999999,25.4,0.));
#7366=CARTESIAN_POINT('',(-355.6,25.4,0.));
#7367=CARTESIAN_POINT('',(44.45,355.6,0.));
#7368=CARTESIAN_POINT('',(44.45,355.6,0.));
#7369=CARTESIAN_POINT('',(-44.4499999999999,355.6,0.));
#7370=CARTESIAN_POINT('',(355.6,355.6,0.));
#7371=CARTESIAN_POINT('',(-44.4499999999999,355.6,0.));
#7372=CARTESIAN_POINT('',(-12.6999999999998,1701.8,0.));
#7373=CARTESIAN_POINT('',(-228.6,1701.8,0.));
#7374=CARTESIAN_POINT('',(-393.7,1701.8,0.));
#7375=CARTESIAN_POINT('',(-12.6999999999998,1879.6,0.));
#7376=CARTESIAN_POINT('',(-12.6999999999998,457.2,0.));
#7377=CARTESIAN_POINT('',(-228.6,1879.6,0.));
#7378=CARTESIAN_POINT('',(-254.,1879.6,0.));
#7379=CARTESIAN_POINT('',(-228.6,1905.,0.));
#7380=CARTESIAN_POINT('',(12.7000000000002,1473.2,0.));
#7381=CARTESIAN_POINT('',(12.7000000000002,1676.4,0.));
#7382=CARTESIAN_POINT('',(12.7000000000002,1905.,0.));
#7383=CARTESIAN_POINT('',(228.6,1473.2,0.));
#7384=CARTESIAN_POINT('',(228.6,1473.2,0.));
#7385=CARTESIAN_POINT('',(228.6,1676.4,0.));
#7386=CARTESIAN_POINT('',(228.6,1447.8,0.));
#7387=CARTESIAN_POINT('',(393.7,1676.4,0.));
#7388=CARTESIAN_POINT('',(-69.8499999999999,355.6,0.));
#7389=CARTESIAN_POINT('',(-69.8499999999999,25.4,0.));
#7390=CARTESIAN_POINT('',(-69.8499999999999,25.3999999999989,0.));
#7391=CARTESIAN_POINT('',(-355.6,355.6,0.));
#7392=CARTESIAN_POINT('',(355.6,355.6,0.));
#7393=CARTESIAN_POINT('',(-355.6,25.4,0.));
#7394=CARTESIAN_POINT('',(-355.6,25.4,0.));
#7395=CARTESIAN_POINT('',(-355.6,25.4,0.));
#7396=CARTESIAN_POINT('',(355.6,381.,0.));
#7397=CARTESIAN_POINT('',(12.7000000000002,381.,0.));
#7398=CARTESIAN_POINT('',(-355.6,381.,0.));
#7399=CARTESIAN_POINT('',(355.6,455.578430966401,0.));
#7400=CARTESIAN_POINT('',(355.6,457.2,0.));
#7401=CARTESIAN_POINT('',(326.084414226462,685.8,0.));
#7402=CARTESIAN_POINT('',(228.6,1446.17843096641,0.));
#7403=CARTESIAN_POINT('',(12.7000000000002,685.8,0.));
#7404=CARTESIAN_POINT('',(12.7000000000002,685.8,0.));
#7405=CARTESIAN_POINT('',(12.7000000000002,1905.,0.));
#7406=CARTESIAN_POINT('',(322.828003970052,711.2,0.));
#7407=CARTESIAN_POINT('',(12.7000000000002,711.2,0.));
#7408=CARTESIAN_POINT('',(12.7000000000002,711.2,0.));
#7409=CARTESIAN_POINT('',(228.6,1446.17843096641,0.));
#7410=CARTESIAN_POINT('',(228.6,1446.17843096641,0.));
#7411=CARTESIAN_POINT('',(228.6,1447.8,0.));
#7412=CARTESIAN_POINT('',(228.6,1447.8,0.));
#7413=CARTESIAN_POINT('',(12.7000000000002,1447.8,0.));
#7414=CARTESIAN_POINT('',(-228.6,1447.8,0.));
#7415=CARTESIAN_POINT('',(12.7000000000002,1905.,0.));
#7416=CARTESIAN_POINT('',(12.7000000000002,1701.8,0.));
#7417=CARTESIAN_POINT('',(12.7000000000002,1879.6,0.));
#7418=CARTESIAN_POINT('',(12.7000000000002,1905.,0.));
#7419=CARTESIAN_POINT('',(228.6,1701.8,0.));
#7420=CARTESIAN_POINT('',(-393.7,1701.8,0.));
#7421=CARTESIAN_POINT('',(228.6,1879.6,0.));
#7422=CARTESIAN_POINT('',(228.6,1905.,0.));
#7423=CARTESIAN_POINT('',(-254.,1879.6,0.));
#7424=CARTESIAN_POINT('',(-228.6,1676.4,0.));
#7425=CARTESIAN_POINT('',(-12.6999999999998,1676.4,0.));
#7426=CARTESIAN_POINT('',(393.7,1676.4,0.));
#7427=CARTESIAN_POINT('',(-228.6,1473.2,0.));
#7428=CARTESIAN_POINT('',(-228.6,1676.4,0.));
#7429=CARTESIAN_POINT('',(-12.6999999999998,1473.2,0.));
#7430=CARTESIAN_POINT('',(228.6,1473.2,0.));
#7431=CARTESIAN_POINT('',(-12.6999999999998,457.2,0.));
#7432=CARTESIAN_POINT('',(355.6,355.6,0.));
#7433=CARTESIAN_POINT('',(355.6,25.4,0.));
#7434=CARTESIAN_POINT('',(355.6,457.2,0.));
#7435=CARTESIAN_POINT('',(69.85,355.6,0.));
#7436=CARTESIAN_POINT('',(355.6,355.6,0.));
#7437=CARTESIAN_POINT('',(69.8500000000001,25.4,0.));
#7438=CARTESIAN_POINT('',(69.85,25.4000000000001,0.));
#7439=CARTESIAN_POINT('',(-355.6,25.4,0.));
#7440=CARTESIAN_POINT('Origin',(-355.6,455.578430966404,0.));
#7441=CARTESIAN_POINT('',(-326.084414226462,685.8,0.));
#7442=CARTESIAN_POINT('',(-355.6,455.578430966404,0.));
#7443=CARTESIAN_POINT('Origin',(-355.6,381.,0.));
#7444=CARTESIAN_POINT('',(-355.6,381.,0.));
#7445=CARTESIAN_POINT('Origin',(-12.6999999999998,381.,0.));
#7446=CARTESIAN_POINT('',(-12.6999999999998,381.,0.));
#7447=CARTESIAN_POINT('Origin',(-12.6999999999998,685.8,0.));
#7448=CARTESIAN_POINT('',(-12.6999999999998,685.8,0.));
#7449=CARTESIAN_POINT('Origin',(-326.084414226462,685.8,0.));
#7450=CARTESIAN_POINT('Origin',(-322.828003970052,711.2,0.));
#7451=CARTESIAN_POINT('',(-228.6,1446.17843096641,0.));
#7452=CARTESIAN_POINT('',(-322.828003970052,711.2,0.));
#7453=CARTESIAN_POINT('Origin',(-12.6999999999998,711.2,0.));
#7454=CARTESIAN_POINT('',(-12.6999999999998,711.2,0.));
#7455=CARTESIAN_POINT('Origin',(-12.6999999999998,1447.8,0.));
#7456=CARTESIAN_POINT('',(-12.6999999999998,1447.8,0.));
#7457=CARTESIAN_POINT('Origin',(-228.6,1447.8,0.));
#7458=CARTESIAN_POINT('',(-228.6,1447.8,0.));
#7459=CARTESIAN_POINT('Origin',(-228.6,1446.17843096641,0.));
#7460=CARTESIAN_POINT('Origin',(44.45,25.4,0.));
#7461=CARTESIAN_POINT('',(-44.4499999999999,25.4,0.));
#7462=CARTESIAN_POINT('',(44.45,25.4,0.));
#7463=CARTESIAN_POINT('Origin',(44.45,355.6,0.));
#7464=CARTESIAN_POINT('',(44.45,355.6,0.));
#7465=CARTESIAN_POINT('Origin',(-44.4499999999999,355.6,0.));
#7466=CARTESIAN_POINT('',(-44.4499999999999,355.6,0.));
#7467=CARTESIAN_POINT('Origin',(-44.4499999999999,25.4000000000001,0.));
#7468=CARTESIAN_POINT('Origin',(-12.6999999999998,1701.8,0.));
#7469=CARTESIAN_POINT('',(-228.6,1701.8,0.));
#7470=CARTESIAN_POINT('',(-12.6999999999998,1701.8,0.));
#7471=CARTESIAN_POINT('Origin',(-12.6999999999998,1879.6,0.));
#7472=CARTESIAN_POINT('',(-12.6999999999998,1879.6,0.));
#7473=CARTESIAN_POINT('Origin',(-228.6,1879.6,0.));
#7474=CARTESIAN_POINT('',(-228.6,1879.6,0.));
#7475=CARTESIAN_POINT('Origin',(-228.6,1701.8,0.));
#7476=CARTESIAN_POINT('Origin',(12.7000000000002,1473.2,0.));
#7477=CARTESIAN_POINT('',(12.7000000000002,1676.4,0.));
#7478=CARTESIAN_POINT('',(12.7000000000002,1473.2,0.));
#7479=CARTESIAN_POINT('Origin',(228.6,1473.2,0.));
#7480=CARTESIAN_POINT('',(228.6,1473.2,0.));
#7481=CARTESIAN_POINT('Origin',(228.6,1676.4,0.));
#7482=CARTESIAN_POINT('',(228.6,1676.4,0.));
#7483=CARTESIAN_POINT('Origin',(12.7000000000002,1676.4,0.));
#7484=CARTESIAN_POINT('Origin',(-69.8499999999999,355.6,0.));
#7485=CARTESIAN_POINT('',(-69.8499999999999,25.4,0.));
#7486=CARTESIAN_POINT('',(-69.8499999999999,355.6,0.));
#7487=CARTESIAN_POINT('Origin',(-355.6,355.6,0.));
#7488=CARTESIAN_POINT('',(-355.6,355.6,0.));
#7489=CARTESIAN_POINT('Origin',(-355.6,25.4,0.));
#7490=CARTESIAN_POINT('',(-355.6,25.4,0.));
#7491=CARTESIAN_POINT('Origin',(-69.8499999999999,25.4,0.));
#7492=CARTESIAN_POINT('Origin',(355.6,381.,0.));
#7493=CARTESIAN_POINT('',(12.7000000000002,381.,0.));
#7494=CARTESIAN_POINT('',(355.6,381.,0.));
#7495=CARTESIAN_POINT('Origin',(355.6,455.578430966401,0.));
#7496=CARTESIAN_POINT('',(355.6,455.578430966401,0.));
#7497=CARTESIAN_POINT('Origin',(326.084414226462,685.8,0.));
#7498=CARTESIAN_POINT('',(326.084414226462,685.8,0.));
#7499=CARTESIAN_POINT('Origin',(12.7000000000002,685.8,0.));
#7500=CARTESIAN_POINT('',(12.7000000000002,685.8,0.));
#7501=CARTESIAN_POINT('Origin',(12.7000000000002,381.,0.));
#7502=CARTESIAN_POINT('Origin',(322.828003970052,711.2,0.));
#7503=CARTESIAN_POINT('',(12.7000000000002,711.2,0.));
#7504=CARTESIAN_POINT('',(322.828003970052,711.2,0.));
#7505=CARTESIAN_POINT('Origin',(228.6,1446.17843096641,0.));
#7506=CARTESIAN_POINT('',(228.6,1446.17843096641,0.));
#7507=CARTESIAN_POINT('Origin',(228.6,1447.8,0.));
#7508=CARTESIAN_POINT('',(228.6,1447.8,0.));
#7509=CARTESIAN_POINT('Origin',(12.7000000000002,1447.8,0.));
#7510=CARTESIAN_POINT('',(12.7000000000002,1447.8,0.));
#7511=CARTESIAN_POINT('Origin',(12.7000000000002,711.2,0.));
#7512=CARTESIAN_POINT('Origin',(12.7000000000002,1701.8,0.));
#7513=CARTESIAN_POINT('',(12.7000000000002,1879.6,0.));
#7514=CARTESIAN_POINT('',(12.7000000000002,1701.8,0.));
#7515=CARTESIAN_POINT('Origin',(228.6,1701.8,0.));
#7516=CARTESIAN_POINT('',(228.6,1701.8,0.));
#7517=CARTESIAN_POINT('Origin',(228.6,1879.6,0.));
#7518=CARTESIAN_POINT('',(228.6,1879.6,0.));
#7519=CARTESIAN_POINT('Origin',(12.7000000000002,1879.6,0.));
#7520=CARTESIAN_POINT('Origin',(-228.6,1676.4,0.));
#7521=CARTESIAN_POINT('',(-12.6999999999998,1676.4,0.));
#7522=CARTESIAN_POINT('',(-228.6,1676.4,0.));
#7523=CARTESIAN_POINT('Origin',(-228.6,1473.2,0.));
#7524=CARTESIAN_POINT('',(-228.6,1473.2,0.));
#7525=CARTESIAN_POINT('Origin',(-12.6999999999998,1473.2,0.));
#7526=CARTESIAN_POINT('',(-12.6999999999998,1473.2,0.));
#7527=CARTESIAN_POINT('Origin',(-12.6999999999998,1676.4,0.));
#7528=CARTESIAN_POINT('Origin',(355.6,355.6,0.));
#7529=CARTESIAN_POINT('',(355.6,25.4,0.));
#7530=CARTESIAN_POINT('',(355.6,355.6,0.));
#7531=CARTESIAN_POINT('Origin',(69.85,355.6,0.));
#7532=CARTESIAN_POINT('',(69.85,355.6,0.));
#7533=CARTESIAN_POINT('Origin',(69.85,25.4000000000001,0.));
#7534=CARTESIAN_POINT('',(69.8500000000001,25.4,0.));
#7535=CARTESIAN_POINT('Origin',(355.6,25.4,0.));
#7536=CARTESIAN_POINT('Origin',(393.7,1701.8,0.));
#7537=CARTESIAN_POINT('',(393.7,1701.8,0.));
#7538=CARTESIAN_POINT('Origin',(393.7,1676.4,0.));
#7539=CARTESIAN_POINT('',(393.7,1676.4,0.));
#7540=CARTESIAN_POINT('Origin',(254.,1676.4,0.));
#7541=CARTESIAN_POINT('Origin',(-254.,1905.,0.));
#7542=CARTESIAN_POINT('Origin',(254.,1905.,0.));
#7543=CARTESIAN_POINT('Origin',(-252.5,1518.51795736661,38.2000003799796));
#7544=CARTESIAN_POINT('',(-252.5,1506.39488536316,26.9000304576486));
#7545=CARTESIAN_POINT('',(-252.5,1506.39488536316,25.4));
#7546=CARTESIAN_POINT('',(-252.5,1506.39488536316,25.4));
#7547=CARTESIAN_POINT('',(-252.5,1530.64102937006,50.3126043320072));
#7548=CARTESIAN_POINT('',(-252.5,1507.34130949887,26.37243875218));
#7549=CARTESIAN_POINT('',(-252.5,1530.00002279878,51.0000007599592));
#7550=CARTESIAN_POINT('',(-252.5,1530.64102937006,50.3126043320072));
#7551=CARTESIAN_POINT('',(-252.5,1506.39488536316,26.9000304576486));
#7552=CARTESIAN_POINT('Origin',(-254.,1518.51795736661,38.2000003799796));
#7553=CARTESIAN_POINT('',(-254.,1506.39488536316,25.4));
#7554=CARTESIAN_POINT('',(-254.,1506.39488536316,26.9000304576486));
#7555=CARTESIAN_POINT('',(-254.,1506.39488536316,25.4));
#7556=CARTESIAN_POINT('',(-254.,1530.00002279878,51.0000007599592));
#7557=CARTESIAN_POINT('',(-254.,1506.39488536316,26.9000304576486));
#7558=CARTESIAN_POINT('',(-254.,1530.64102937006,50.3126043320072));
#7559=CARTESIAN_POINT('',(-254.,1530.64102937006,50.3126043320072));
#7560=CARTESIAN_POINT('',(-254.,1507.34130949887,26.37243875218));
#7561=CARTESIAN_POINT('Origin',(-254.,1506.39488536316,26.9000304576486));
#7562=CARTESIAN_POINT('',(-127.,1506.39488536316,25.4));
#7563=CARTESIAN_POINT('',(-254.,1506.39488536316,26.9000304576486));
#7564=CARTESIAN_POINT('Origin',(-254.,1506.39488536316,25.4));
#7565=CARTESIAN_POINT('',(-254.,1530.64102937006,50.3126043320072));
#7566=CARTESIAN_POINT('Origin',(-254.,1530.64102937006,50.3126043320072));
#7567=CARTESIAN_POINT('',(-254.,1530.00002279878,51.0000007599592));
#7568=CARTESIAN_POINT('Origin',(-254.,1530.00002279878,51.0000007599592));
#7569=CARTESIAN_POINT('Origin',(-393.7,1638.3,38.1));
#7570=CARTESIAN_POINT('',(393.7,1633.5375,38.1));
#7571=CARTESIAN_POINT('Origin',(393.7,1638.3,38.1));
#7572=CARTESIAN_POINT('',(-393.7,1633.5375,38.1));
#7573=CARTESIAN_POINT('',(-393.7,1633.5375,38.1));
#7574=CARTESIAN_POINT('Origin',(-393.7,1638.3,38.1));
#7575=CARTESIAN_POINT('Origin',(393.7,1638.3,38.1));
#7576=CARTESIAN_POINT('Origin',(-393.7,1638.3,38.1));
#7577=CARTESIAN_POINT('Origin',(-12.5,1447.8,312.5));
#7578=CARTESIAN_POINT('',(-9.99999999999808,1397.,310.));
#7579=CARTESIAN_POINT('',(-14.9999999999981,1397.,315.));
#7580=CARTESIAN_POINT('',(-13.7499999999981,1397.,313.75));
#7581=CARTESIAN_POINT('',(-15.,1447.8,315.));
#7582=CARTESIAN_POINT('',(-15.,1447.8,315.));
#7583=CARTESIAN_POINT('',(-10.,1447.8,310.));
#7584=CARTESIAN_POINT('',(-13.75,1447.8,313.75));
#7585=CARTESIAN_POINT('',(-10.,1447.8,310.));
#7586=CARTESIAN_POINT('Origin',(0.,1447.8,330.));
#7587=CARTESIAN_POINT('',(-15.,1447.8,345.));
#7588=CARTESIAN_POINT('',(-15.,1447.8,310.));
#7589=CARTESIAN_POINT('',(-10.,1447.8,350.));
#7590=CARTESIAN_POINT('',(-13.75,1447.8,346.25));
#7591=CARTESIAN_POINT('',(10.,1447.8,350.));
#7592=CARTESIAN_POINT('',(-15.,1447.8,350.));
#7593=CARTESIAN_POINT('',(15.,1447.8,345.));
#7594=CARTESIAN_POINT('',(13.75,1447.8,346.25));
#7595=CARTESIAN_POINT('',(15.,1447.8,315.));
#7596=CARTESIAN_POINT('',(15.,1447.8,350.));
#7597=CARTESIAN_POINT('',(10.,1447.8,310.));
#7598=CARTESIAN_POINT('',(13.75,1447.8,313.75));
#7599=CARTESIAN_POINT('',(15.,1447.8,310.));
#7600=CARTESIAN_POINT('',(-9.54190643249706,1447.8,329.732860036863));
#7601=CARTESIAN_POINT('Origin',(-0.0169064324970393,1447.8,329.732860036862));
#7602=CARTESIAN_POINT('Origin',(-15.,1447.8,350.));
#7603=CARTESIAN_POINT('',(-14.9999999999981,1397.,345.));
#7604=CARTESIAN_POINT('',(-14.9999999999981,1397.,310.));
#7605=CARTESIAN_POINT('',(-15.,1447.8,345.));
#7606=CARTESIAN_POINT('Origin',(-12.5,1447.8,347.5));
#7607=CARTESIAN_POINT('',(-9.99999999999807,1397.,350.));
#7608=CARTESIAN_POINT('',(-13.7499999999981,1397.,346.25));
#7609=CARTESIAN_POINT('',(-10.,1447.8,350.));
#7610=CARTESIAN_POINT('Origin',(12.5,1447.8,312.5));
#7611=CARTESIAN_POINT('',(15.0000000000019,1397.,315.));
#7612=CARTESIAN_POINT('',(10.0000000000019,1397.,310.));
#7613=CARTESIAN_POINT('',(13.7500000000019,1397.,313.75));
#7614=CARTESIAN_POINT('',(10.,1447.8,310.));
#7615=CARTESIAN_POINT('',(15.,1447.8,315.));
#7616=CARTESIAN_POINT('Origin',(15.,1447.8,310.));
#7617=CARTESIAN_POINT('',(15.0000000000019,1397.,345.));
#7618=CARTESIAN_POINT('',(15.,1447.8,345.));
#7619=CARTESIAN_POINT('',(15.0000000000019,1397.,350.));
#7620=CARTESIAN_POINT('Origin',(12.5,1447.8,347.5));
#7621=CARTESIAN_POINT('',(10.0000000000019,1397.,350.));
#7622=CARTESIAN_POINT('',(13.7500000000019,1397.,346.25));
#7623=CARTESIAN_POINT('',(10.,1447.8,350.));
#7624=CARTESIAN_POINT('Ctrl Pts',(-0.0169064324947496,1397.,346.339190765153));
#7625=CARTESIAN_POINT('Ctrl Pts',(-9.54190643249478,1397.,346.339190765153));
#7626=CARTESIAN_POINT('Ctrl Pts',(-9.54190643249478,1397.,329.732860036862));
#7627=CARTESIAN_POINT('Ctrl Pts',(-9.54190643249478,1397.,313.126529308571));
#7628=CARTESIAN_POINT('Ctrl Pts',(-0.0169064324947496,1397.,313.126529308571));
#7629=CARTESIAN_POINT('Ctrl Pts',(9.50809356750528,1397.,313.126529308571));
#7630=CARTESIAN_POINT('Ctrl Pts',(9.50809356750528,1397.,329.732860036862));
#7631=CARTESIAN_POINT('Ctrl Pts',(9.50809356750528,1397.,346.339190765153));
#7632=CARTESIAN_POINT('Ctrl Pts',(-0.0169064324947496,1397.,346.339190765153));
#7633=CARTESIAN_POINT('Ctrl Pts',(-0.0169064324890254,1270.,346.339190765153));
#7634=CARTESIAN_POINT('Ctrl Pts',(-9.54190643248906,1270.,346.339190765153));
#7635=CARTESIAN_POINT('Ctrl Pts',(-9.54190643248906,1270.,329.732860036862));
#7636=CARTESIAN_POINT('Ctrl Pts',(-9.54190643248906,1270.,313.126529308571));
#7637=CARTESIAN_POINT('Ctrl Pts',(-0.0169064324890254,1270.,313.126529308571));
#7638=CARTESIAN_POINT('Ctrl Pts',(9.50809356751101,1270.,313.126529308571));
#7639=CARTESIAN_POINT('Ctrl Pts',(9.50809356751101,1270.,329.732860036862));
#7640=CARTESIAN_POINT('Ctrl Pts',(9.50809356751101,1270.,346.339190765153));
#7641=CARTESIAN_POINT('Ctrl Pts',(-0.0169064324890254,1270.,346.339190765153));
#7642=CARTESIAN_POINT('',(-0.0169064324890242,1270.,346.339190765153));
#7643=CARTESIAN_POINT('Origin',(-0.0169064324890254,1270.,329.732860036862));
#7644=CARTESIAN_POINT('',(-0.0169064324951153,1397.,346.339190765153));
#7645=CARTESIAN_POINT('',(-0.0169064324970404,1447.8,346.339190765153));
#7646=CARTESIAN_POINT('Origin',(-0.0169064324951142,1397.,329.732860036862));
#7647=CARTESIAN_POINT('Origin',(-0.00600531568054143,1270.,196.284125218489));
#7648=CARTESIAN_POINT('Origin',(15.,1447.8,350.));
#7649=CARTESIAN_POINT('',(-14.9999999999981,1397.,350.));
#7650=CARTESIAN_POINT('Origin',(-15.,1447.8,310.));
#7651=CARTESIAN_POINT('',(15.0000000000019,1397.,310.));
#7652=CARTESIAN_POINT('Origin',(1.92509636703919E-12,1397.,330.));
#7653=CARTESIAN_POINT('Origin',(-0.0169064324971049,1434.7460597608,348.375818769603));
#7654=CARTESIAN_POINT('',(8.95991976857558,1638.10655342974,63.49926334413));
#7655=CARTESIAN_POINT('',(-9.54190643249611,1634.42630277716,63.2028777200101));
#7656=CARTESIAN_POINT('Ctrl Pts',(8.95991976857556,1638.10655342974,63.49926334413));
#7657=CARTESIAN_POINT('Ctrl Pts',(9.31928657834354,1636.87651150591,63.4898950648921));
#7658=CARTESIAN_POINT('Ctrl Pts',(9.50809356750395,1635.61270625816,63.3859550516523));
#7659=CARTESIAN_POINT('Ctrl Pts',(9.50809356750393,1633.18531864652,63.0113778914222));
#7660=CARTESIAN_POINT('Ctrl Pts',(9.29406236661969,1631.871736417,62.7043907666552));
#7661=CARTESIAN_POINT('Ctrl Pts',(8.3406554116772,1629.50493118879,61.9609592353345));
#7662=CARTESIAN_POINT('Ctrl Pts',(7.59910548589905,1628.45092084357,61.5298209553247));
#7663=CARTESIAN_POINT('Ctrl Pts',(5.87727241581744,1626.863101009,60.7955383385082));
#7664=CARTESIAN_POINT('Ctrl Pts',(4.80812349776351,1626.21255536463,60.444870175514));
#7665=CARTESIAN_POINT('Ctrl Pts',(2.46038815544631,1625.36073052494,59.9626357576927));
#7666=CARTESIAN_POINT('Ctrl Pts',(1.18201903604638,1625.15661764479,59.8350293366429));
#7667=CARTESIAN_POINT('Ctrl Pts',(-1.21094039044747,1625.15661764479,59.8350293366429));
#7668=CARTESIAN_POINT('Ctrl Pts',(-2.48443180683877,1625.35909283542,59.9615847788694));
#7669=CARTESIAN_POINT('Ctrl Pts',(-4.82476849982758,1626.20444135285,60.4403991093895));
#7670=CARTESIAN_POINT('Ctrl Pts',(-5.89140189077326,1626.85010470324,60.7887558116578));
#7671=CARTESIAN_POINT('Ctrl Pts',(-7.61867657064096,1628.43247288745,61.5220860537458));
#7672=CARTESIAN_POINT('Ctrl Pts',(-8.36565242571913,1629.48852375011,61.955101233643));
#7673=CARTESIAN_POINT('Ctrl Pts',(-9.32618175237432,1631.86211447508,62.7020650625941));
#7674=CARTESIAN_POINT('Ctrl Pts',(-9.54190643249617,1633.18046659452,63.0106291573301));
#7675=CARTESIAN_POINT('Ctrl Pts',(-9.54190643249616,1634.42630277716,63.20287772001));
#7676=CARTESIAN_POINT('',(-8.99373263356775,1638.10655342974,63.49926334413));
#7677=CARTESIAN_POINT('Origin',(-0.0169064324960957,1635.49781248367,61.6726032684565));
#7678=CARTESIAN_POINT('Ctrl Pts',(-9.54190643249612,1634.42630277716,63.20287772001));
#7679=CARTESIAN_POINT('Ctrl Pts',(-9.54190643249612,1635.61709003683,63.38663152514));
#7680=CARTESIAN_POINT('Ctrl Pts',(-9.35277858100992,1636.87760975456,63.4899034294037));
#7681=CARTESIAN_POINT('Ctrl Pts',(-8.99373263356779,1638.10655342974,63.49926334413));
#7682=CARTESIAN_POINT('',(-9.54190643249713,1434.7460597608,348.375818769603));
#7683=CARTESIAN_POINT('Origin',(-0.0169064324960958,1635.49781248367,61.6726032684565));
#7684=CARTESIAN_POINT('',(-88.8999999999998,1638.10655342974,63.49926334413));
#7685=CARTESIAN_POINT('Origin',(-88.8999999999998,1638.3,38.1));
#7686=CARTESIAN_POINT('',(88.9000000000002,1633.5375,38.1));
#7687=CARTESIAN_POINT('Origin',(88.9000000000002,1638.3,38.1));
#7688=CARTESIAN_POINT('',(-88.8999999999998,1633.5375,38.1));
#7689=CARTESIAN_POINT('',(-88.8999999999998,1633.5375,38.1));
#7690=CARTESIAN_POINT('Origin',(-88.8999999999998,1638.3,38.1));
#7691=CARTESIAN_POINT('Origin',(-88.8999999999998,1638.3,38.1));
#7692=CARTESIAN_POINT('',(88.9000000000002,1612.9,38.1));
#7693=CARTESIAN_POINT('Origin',(88.9000000000002,1638.3,38.1));
#7694=CARTESIAN_POINT('',(-88.8999999999998,1612.9,38.1));
#7695=CARTESIAN_POINT('',(-88.8999999999998,1612.9,38.1));
#7696=CARTESIAN_POINT('Origin',(-88.8999999999998,1638.3,38.1));
#7697=CARTESIAN_POINT('Origin',(88.9000000000002,1638.3,38.1));
#7698=CARTESIAN_POINT('Origin',(-88.8999999999998,1638.3,38.1));
#7699=CARTESIAN_POINT('Origin',(-266.7,1537.81467300468,120.009401200414));
#7700=CARTESIAN_POINT('',(-266.7,1547.66299793307,118.274323074012));
#7701=CARTESIAN_POINT('',(-266.7,1537.81467300468,120.009401200414));
#7702=CARTESIAN_POINT('',(-266.7,1540.43490035908,119.547769481124));
#7703=CARTESIAN_POINT('',(-222.7,1547.66299793307,118.274323074012));
#7704=CARTESIAN_POINT('',(-266.7,1547.66299793307,118.274323074012));
#7705=CARTESIAN_POINT('',(-222.7,1537.81467300468,120.009401200414));
#7706=CARTESIAN_POINT('',(-222.7,1547.66299793307,118.274323074012));
#7707=CARTESIAN_POINT('',(-266.7,1537.81467300468,120.009401200414));
#7708=CARTESIAN_POINT('Origin',(-222.7,1547.68380812912,147.209588183144));
#7709=CARTESIAN_POINT('',(-222.7,1557.55294325356,174.409775165875));
#7710=CARTESIAN_POINT('',(-222.7,1528.92415416794,11.9124138473268));
#7711=CARTESIAN_POINT('',(-222.7,1547.70461832517,176.144853292276));
#7712=CARTESIAN_POINT('',(-222.7,1557.55294325356,174.409775165875));
#7713=CARTESIAN_POINT('',(-222.7,1519.07582923954,13.6474919737267));
#7714=CARTESIAN_POINT('Origin',(-266.7,1538.27647162669,91.9624266460427));
#7715=CARTESIAN_POINT('',(-266.7,1519.07582923961,13.647491973691));
#7716=CARTESIAN_POINT('',(-266.7,1519.07582923954,13.6474919737267));
#7717=CARTESIAN_POINT('',(-266.7,1529.,12.78));
#7718=CARTESIAN_POINT('Origin',(-266.7,1524.,12.78));
#7719=CARTESIAN_POINT('',(-266.7,1528.92415416794,11.9124138473268));
#7720=CARTESIAN_POINT('Origin',(-266.7,1524.,12.78));
#7721=CARTESIAN_POINT('',(-266.7,1528.92415416794,11.9124138473268));
#7722=CARTESIAN_POINT('',(-266.7,1536.72248841996,67.9649646513122));
#7723=CARTESIAN_POINT('Origin',(-266.7,1533.72248841996,67.9649646513122));
#7724=CARTESIAN_POINT('',(-266.7,1534.96068822044,57.9649646513122));
#7725=CARTESIAN_POINT('Origin',(-266.7,1531.96068817574,57.9649646513122));
#7726=CARTESIAN_POINT('',(-266.7,1533.19888793152,47.9649646513122));
#7727=CARTESIAN_POINT('Origin',(-266.7,1530.19888793152,47.9649646513122));
#7728=CARTESIAN_POINT('',(-266.7,1531.4370876873,37.9649646513122));
#7729=CARTESIAN_POINT('Origin',(-266.7,1528.4370876873,37.9649646513122));
#7730=CARTESIAN_POINT('Origin',(-266.7,1533.72248841996,67.9649646513122));
#7731=CARTESIAN_POINT('',(-273.05,1536.72248841996,67.9649646513122));
#7732=CARTESIAN_POINT('Origin',(-273.05,1533.72248841996,67.9649646513122));
#7733=CARTESIAN_POINT('',(-266.7,1536.72248841996,67.9649646513122));
#7734=CARTESIAN_POINT('Origin',(-266.7,1531.96068817574,57.9649646513122));
#7735=CARTESIAN_POINT('',(-273.05,1534.96068822044,57.9649646513122));
#7736=CARTESIAN_POINT('Origin',(-273.05,1531.96068817574,57.9649646513122));
#7737=CARTESIAN_POINT('',(-266.7,1534.96068822044,57.9649646513122));
#7738=CARTESIAN_POINT('Origin',(-266.7,1530.19888793152,47.9649646513122));
#7739=CARTESIAN_POINT('',(-273.05,1533.19888793152,47.9649646513122));
#7740=CARTESIAN_POINT('Origin',(-273.05,1530.19888793152,47.9649646513122));
#7741=CARTESIAN_POINT('',(-266.7,1533.19888793152,47.9649646513122));
#7742=CARTESIAN_POINT('Origin',(-266.7,1528.4370876873,37.9649646513122));
#7743=CARTESIAN_POINT('',(-273.05,1531.4370876873,37.9649646513122));
#7744=CARTESIAN_POINT('Origin',(-273.05,1528.4370876873,37.9649646513122));
#7745=CARTESIAN_POINT('',(-266.7,1531.4370876873,37.9649646513122));
#7746=CARTESIAN_POINT('Origin',(-266.7,1547.70461832517,176.144853292276));
#7747=CARTESIAN_POINT('',(-273.05,1557.55294325356,174.409775165875));
#7748=CARTESIAN_POINT('',(-266.7,1557.55294325356,174.409775165875));
#7749=CARTESIAN_POINT('',(-273.05,1547.70461832517,176.144853292276));
#7750=CARTESIAN_POINT('',(-273.05,1557.55294325356,174.409775165875));
#7751=CARTESIAN_POINT('',(-266.7,1547.70461832517,176.144853292276));
#7752=CARTESIAN_POINT('Origin',(-266.7,1519.07582923954,13.6474919737267));
#7753=CARTESIAN_POINT('',(-273.05,1519.07582923961,13.647491973691));
#7754=CARTESIAN_POINT('',(-273.05,1519.07582923954,13.6474919737267));
#7755=CARTESIAN_POINT('',(-266.7,1519.07582923961,13.647491973691));
#7756=CARTESIAN_POINT('Origin',(-266.7,1557.55294325356,174.409775165875));
#7757=CARTESIAN_POINT('',(-273.05,1528.92415416794,11.9124138473268));
#7758=CARTESIAN_POINT('',(-266.7,1528.92415416794,11.9124138473268));
#7759=CARTESIAN_POINT('',(-273.05,1528.92415416794,11.9124138473268));
#7760=CARTESIAN_POINT('Origin',(-273.05,1538.27647162669,91.9624266460427));
#7761=CARTESIAN_POINT('Origin',(-273.05,1524.,12.7800000000001));
#7762=CARTESIAN_POINT('Origin',(-215.9,1524.,12.78));
#7763=CARTESIAN_POINT('',(-215.9,1529.,12.78));
#7764=CARTESIAN_POINT('Origin',(-215.9,1524.,12.78));
#7765=CARTESIAN_POINT('Origin',(-254.,1524.,12.78));
#7766=CARTESIAN_POINT('',(-254.,1529.,12.78));
#7767=CARTESIAN_POINT('Origin',(266.7,1547.66299793307,118.274323074012));
#7768=CARTESIAN_POINT('',(260.35,1537.81467300468,120.009401200414));
#7769=CARTESIAN_POINT('',(260.35,1547.66299793307,118.274323074012));
#7770=CARTESIAN_POINT('',(260.35,1545.35906282328,118.680230417923));
#7771=CARTESIAN_POINT('',(216.35,1537.81467300468,120.009401200414));
#7772=CARTESIAN_POINT('',(266.7,1537.81467300468,120.009401200414));
#7773=CARTESIAN_POINT('',(216.35,1547.66299793307,118.274323074012));
#7774=CARTESIAN_POINT('',(216.35,1547.66299793307,118.274323074012));
#7775=CARTESIAN_POINT('',(266.7,1547.66299793307,118.274323074012));
#7776=CARTESIAN_POINT('Origin',(216.35,1547.68380812912,147.209588183144));
#7777=CARTESIAN_POINT('',(216.35,1547.70461832517,176.144853292276));
#7778=CARTESIAN_POINT('',(216.35,1519.07582923954,13.6474919737267));
#7779=CARTESIAN_POINT('',(216.35,1557.55294325356,174.409775165875));
#7780=CARTESIAN_POINT('',(216.35,1557.55294325356,174.409775165875));
#7781=CARTESIAN_POINT('',(216.35,1528.92415416794,11.9124138473268));
#7782=CARTESIAN_POINT('Origin',(266.7,1519.07582923954,13.6474919737267));
#7783=CARTESIAN_POINT('',(260.35,1519.07582923961,13.647491973691));
#7784=CARTESIAN_POINT('',(260.35,1519.07582923954,13.6474919737267));
#7785=CARTESIAN_POINT('',(266.7,1519.07582923961,13.647491973691));
#7786=CARTESIAN_POINT('',(266.7,1519.07582923961,13.647491973691));
#7787=CARTESIAN_POINT('',(266.7,1547.70461832517,176.144853292276));
#7788=CARTESIAN_POINT('',(266.7,1519.07582923954,13.6474919737267));
#7789=CARTESIAN_POINT('',(266.7,1547.70461832517,176.144853292276));
#7790=CARTESIAN_POINT('Origin',(260.35,1538.27647162669,91.9624266460427));
#7791=CARTESIAN_POINT('',(260.35,1528.92415416794,11.9124138473268));
#7792=CARTESIAN_POINT('',(260.35,1528.92415416794,11.9124138473268));
#7793=CARTESIAN_POINT('',(260.35,1529.,12.78));
#7794=CARTESIAN_POINT('Origin',(260.35,1524.,12.78));
#7795=CARTESIAN_POINT('Origin',(260.35,1524.,12.78));
#7796=CARTESIAN_POINT('',(260.35,1536.72248841996,67.9649646513122));
#7797=CARTESIAN_POINT('Origin',(260.35,1533.72248841996,67.9649646513122));
#7798=CARTESIAN_POINT('',(260.35,1531.4370876873,37.9649646513122));
#7799=CARTESIAN_POINT('Origin',(260.35,1528.4370876873,37.9649646513122));
#7800=CARTESIAN_POINT('',(260.35,1534.96068822044,57.9649646513122));
#7801=CARTESIAN_POINT('Origin',(260.35,1531.96068817574,57.9649646513122));
#7802=CARTESIAN_POINT('',(260.35,1533.19888793152,47.9649646513122));
#7803=CARTESIAN_POINT('Origin',(260.35,1530.19888793152,47.9649646513122));
#7804=CARTESIAN_POINT('Origin',(266.7,1530.19888793152,47.9649646513122));
#7805=CARTESIAN_POINT('',(266.7,1533.19888793152,47.9649646513122));
#7806=CARTESIAN_POINT('',(266.7,1533.19888793152,47.9649646513122));
#7807=CARTESIAN_POINT('Origin',(266.7,1530.19888793152,47.9649646513122));
#7808=CARTESIAN_POINT('Origin',(266.7,1531.96068817574,57.9649646513122));
#7809=CARTESIAN_POINT('',(266.7,1534.96068822044,57.9649646513122));
#7810=CARTESIAN_POINT('',(266.7,1534.96068822044,57.9649646513122));
#7811=CARTESIAN_POINT('Origin',(266.7,1531.96068817574,57.9649646513122));
#7812=CARTESIAN_POINT('Origin',(266.7,1528.4370876873,37.9649646513122));
#7813=CARTESIAN_POINT('',(266.7,1531.4370876873,37.9649646513122));
#7814=CARTESIAN_POINT('',(266.7,1531.4370876873,37.9649646513122));
#7815=CARTESIAN_POINT('Origin',(266.7,1528.4370876873,37.9649646513122));
#7816=CARTESIAN_POINT('Origin',(266.7,1533.72248841996,67.9649646513122));
#7817=CARTESIAN_POINT('',(266.7,1536.72248841996,67.9649646513122));
#7818=CARTESIAN_POINT('',(266.7,1536.72248841996,67.9649646513122));
#7819=CARTESIAN_POINT('Origin',(266.7,1533.72248841996,67.9649646513122));
#7820=CARTESIAN_POINT('Origin',(266.7,1547.70461832517,176.144853292276));
#7821=CARTESIAN_POINT('',(266.7,1557.55294325356,174.409775165875));
#7822=CARTESIAN_POINT('',(266.7,1557.55294325356,174.409775165875));
#7823=CARTESIAN_POINT('',(266.7,1557.55294325356,174.409775165875));
#7824=CARTESIAN_POINT('Origin',(266.7,1557.55294325356,174.409775165875));
#7825=CARTESIAN_POINT('',(266.7,1528.92415416794,11.9124138473268));
#7826=CARTESIAN_POINT('',(266.7,1528.92415416794,11.9124138473268));
#7827=CARTESIAN_POINT('',(266.7,1528.92415416794,11.9124138473268));
#7828=CARTESIAN_POINT('Origin',(215.9,1524.,12.78));
#7829=CARTESIAN_POINT('',(215.9,1529.,12.78));
#7830=CARTESIAN_POINT('',(215.9,1529.,12.78));
#7831=CARTESIAN_POINT('Origin',(215.9,1524.,12.78));
#7832=CARTESIAN_POINT('Origin',(266.7,1524.,12.78));
#7833=CARTESIAN_POINT('Origin',(215.9,1524.,12.78));
#7834=CARTESIAN_POINT('Origin',(266.7,1524.,12.78));
#7835=CARTESIAN_POINT('Origin',(1.82076576038526E-13,508.,25.4));
#7836=CARTESIAN_POINT('',(3.00000000000015,508.,38.1));
#7837=CARTESIAN_POINT('Origin',(1.82076576038526E-13,508.,38.1));
#7838=CARTESIAN_POINT('',(3.00000000000016,508.,25.4));
#7839=CARTESIAN_POINT('',(3.00000000000016,508.,25.4));
#7840=CARTESIAN_POINT('Origin',(1.82076576038526E-13,508.,25.4));
#7841=CARTESIAN_POINT('Origin',(-158.75,698.5,25.4));
#7842=CARTESIAN_POINT('',(-155.75,698.5,38.1));
#7843=CARTESIAN_POINT('Origin',(-158.75,698.5,38.1));
#7844=CARTESIAN_POINT('',(-155.75,698.5,25.4));
#7845=CARTESIAN_POINT('',(-155.75,698.5,25.4));
#7846=CARTESIAN_POINT('Origin',(-158.75,698.5,25.4));
#7847=CARTESIAN_POINT('Origin',(158.75,698.5,25.4));
#7848=CARTESIAN_POINT('',(161.75,698.5,38.1));
#7849=CARTESIAN_POINT('Origin',(158.75,698.5,38.1));
#7850=CARTESIAN_POINT('',(161.75,698.5,25.4));
#7851=CARTESIAN_POINT('',(161.75,698.5,25.4));
#7852=CARTESIAN_POINT('Origin',(158.75,698.5,25.4));
#7853=CARTESIAN_POINT('Origin',(-184.15,482.6,25.4));
#7854=CARTESIAN_POINT('',(184.15,482.6,25.4));
#7855=CARTESIAN_POINT('',(-184.15,482.6,25.4));
#7856=CARTESIAN_POINT('',(184.15,482.6,25.4));
#7857=CARTESIAN_POINT('',(184.15,482.6,38.1));
#7858=CARTESIAN_POINT('',(184.15,482.6,25.4));
#7859=CARTESIAN_POINT('',(-184.15,482.6,38.1));
#7860=CARTESIAN_POINT('',(184.15,482.6,38.1));
#7861=CARTESIAN_POINT('',(-184.15,482.6,25.4));
#7862=CARTESIAN_POINT('Origin',(-184.15,800.1,25.4));
#7863=CARTESIAN_POINT('',(-184.15,800.1,25.4));
#7864=CARTESIAN_POINT('',(-184.15,482.6,25.4));
#7865=CARTESIAN_POINT('',(-184.15,800.1,38.1));
#7866=CARTESIAN_POINT('',(-184.15,482.6,38.1));
#7867=CARTESIAN_POINT('',(-184.15,800.1,25.4));
#7868=CARTESIAN_POINT('Origin',(-1.95399252334028E-13,1086.68898022348,
25.4));
#7869=CARTESIAN_POINT('',(184.15,800.1,25.4));
#7870=CARTESIAN_POINT('Origin',(-1.95399252334028E-13,1086.68898022348,
25.4));
#7871=CARTESIAN_POINT('',(184.15,800.1,38.1));
#7872=CARTESIAN_POINT('Origin',(-1.95399252334028E-13,1086.68898022348,
38.1));
#7873=CARTESIAN_POINT('',(184.15,800.1,25.4));
#7874=CARTESIAN_POINT('Origin',(184.15,482.6,25.4));
#7875=CARTESIAN_POINT('',(184.15,482.6,25.4));
#7876=CARTESIAN_POINT('',(184.15,482.6,38.1));
#7877=CARTESIAN_POINT('Origin',(-2.48689957516035E-13,641.35,38.1));
#7878=CARTESIAN_POINT('Origin',(-2.48689957516035E-13,641.35,25.4));
#7879=CARTESIAN_POINT('Origin',(1.82076576038526E-13,508.,41.1));
#7880=CARTESIAN_POINT('',(2.00000000000017,508.,42.1));
#7881=CARTESIAN_POINT('Origin',(1.82076576038526E-13,508.,42.1));
#7882=CARTESIAN_POINT('',(4.00000000000017,508.,40.1));
#7883=CARTESIAN_POINT('',(3.00000000000017,508.,41.1));
#7884=CARTESIAN_POINT('Origin',(1.82076576038526E-13,508.,40.1));
#7885=CARTESIAN_POINT('Origin',(1.82076576038526E-13,508.,25.4));
#7886=CARTESIAN_POINT('',(4.00000000000017,508.,25.4));
#7887=CARTESIAN_POINT('',(4.00000000000017,508.,25.4));
#7888=CARTESIAN_POINT('Origin',(1.82076576038526E-13,508.,25.4));
#7889=CARTESIAN_POINT('Origin',(1.82076576038526E-13,508.,42.1));
#7890=CARTESIAN_POINT('Origin',(1.82076576038526E-13,508.,25.4));
#7891=CARTESIAN_POINT('Origin',(158.75,698.5,41.1));
#7892=CARTESIAN_POINT('',(160.75,698.5,42.1));
#7893=CARTESIAN_POINT('Origin',(158.75,698.5,42.1));
#7894=CARTESIAN_POINT('',(162.75,698.5,40.1));
#7895=CARTESIAN_POINT('',(161.75,698.5,41.1));
#7896=CARTESIAN_POINT('Origin',(158.75,698.5,40.1));
#7897=CARTESIAN_POINT('Origin',(158.75,698.5,25.4));
#7898=CARTESIAN_POINT('',(162.75,698.5,25.4));
#7899=CARTESIAN_POINT('',(162.75,698.5,25.4));
#7900=CARTESIAN_POINT('Origin',(158.75,698.5,25.4));
#7901=CARTESIAN_POINT('Origin',(158.75,698.5,42.1));
#7902=CARTESIAN_POINT('Origin',(158.75,698.5,25.4));
#7903=CARTESIAN_POINT('Origin',(-158.75,698.5,41.1));
#7904=CARTESIAN_POINT('',(-156.75,698.5,42.1));
#7905=CARTESIAN_POINT('Origin',(-158.75,698.5,42.1));
#7906=CARTESIAN_POINT('',(-154.75,698.5,40.1));
#7907=CARTESIAN_POINT('',(-155.75,698.5,41.1));
#7908=CARTESIAN_POINT('Origin',(-158.75,698.5,40.1));
#7909=CARTESIAN_POINT('Origin',(-158.75,698.5,25.4));
#7910=CARTESIAN_POINT('',(-154.75,698.5,25.4));
#7911=CARTESIAN_POINT('',(-154.75,698.5,25.4));
#7912=CARTESIAN_POINT('Origin',(-158.75,698.5,25.4));
#7913=CARTESIAN_POINT('Origin',(-158.75,698.5,42.1));
#7914=CARTESIAN_POINT('Origin',(-158.75,698.5,25.4));
#7915=CARTESIAN_POINT('Origin',(-185.,482.597075092644,38.1109159028617));
#7916=CARTESIAN_POINT('',(184.191076289281,482.597075092644,38.1109159028617));
#7917=CARTESIAN_POINT('',(-185.,482.597075092644,38.1109159028617));
#7918=CARTESIAN_POINT('',(184.191076289281,482.597075092644,38.1109159028617));
#7919=CARTESIAN_POINT('',(184.191076289281,470.329817098772,34.8239140300596));
#7920=CARTESIAN_POINT('',(184.191076289281,482.597075092644,38.1109159028617));
#7921=CARTESIAN_POINT('',(-185.,470.329817098772,34.8239140300596));
#7922=CARTESIAN_POINT('',(184.191076289281,470.329817098772,34.8239140300597));
#7923=CARTESIAN_POINT('',(-185.,482.597075092644,38.1109159028617));
#7924=CARTESIAN_POINT('Origin',(-185.,351.117000180563,528.801235657708));
#7925=CARTESIAN_POINT('',(-185.,351.117000180563,528.801235657708));
#7926=CARTESIAN_POINT('',(-185.,482.597075092644,38.1109159028617));
#7927=CARTESIAN_POINT('',(-185.,338.849742186692,525.514233784906));
#7928=CARTESIAN_POINT('',(-185.,470.329817098772,34.8239140300597));
#7929=CARTESIAN_POINT('',(-185.,351.117000180563,528.801235657708));
#7930=CARTESIAN_POINT('Origin',(-0.404461855359539,236.168519106072,957.79480728058));
#7931=CARTESIAN_POINT('',(184.191076289281,351.117000180563,528.801235657709));
#7932=CARTESIAN_POINT('Origin',(-0.404461855359539,236.168519106072,957.79480728058));
#7933=CARTESIAN_POINT('',(184.191076289281,338.849742186692,525.514233784906));
#7934=CARTESIAN_POINT('Origin',(-0.404461855359539,223.901261112201,954.507805407778));
#7935=CARTESIAN_POINT('',(184.191076289281,351.117000180563,528.801235657709));
#7936=CARTESIAN_POINT('Origin',(184.191076289281,482.597075092644,38.1109159028617));
#7937=CARTESIAN_POINT('',(184.191076289281,482.597075092644,38.1109159028617));
#7938=CARTESIAN_POINT('',(184.191076289281,470.329817098772,34.8239140300597));
#7939=CARTESIAN_POINT('Origin',(-0.404461855359557,404.589779642732,280.169073907483));
#7940=CARTESIAN_POINT('Origin',(-0.404461855359557,416.857037636603,283.456075780285));
#7941=CARTESIAN_POINT('Origin',(355.6,1295.4,25.4));
#7942=CARTESIAN_POINT('',(381.,1295.4,25.4));
#7943=CARTESIAN_POINT('',(355.6,1295.4,25.4));
#7944=CARTESIAN_POINT('',(381.,1295.4,25.4));
#7945=CARTESIAN_POINT('',(381.,1295.4,177.8));
#7946=CARTESIAN_POINT('',(381.,1295.4,25.4));
#7947=CARTESIAN_POINT('',(355.6,1295.4,177.8));
#7948=CARTESIAN_POINT('',(381.,1295.4,177.8));
#7949=CARTESIAN_POINT('',(355.6,1295.4,25.4));
#7950=CARTESIAN_POINT('Origin',(355.6,1320.8,25.4));
#7951=CARTESIAN_POINT('',(355.6,1320.8,25.4));
#7952=CARTESIAN_POINT('',(355.6,1295.4,25.4));
#7953=CARTESIAN_POINT('',(355.6,1320.8,177.8));
#7954=CARTESIAN_POINT('',(355.6,1295.4,177.8));
#7955=CARTESIAN_POINT('',(355.6,1320.8,25.4));
#7956=CARTESIAN_POINT('Origin',(381.,1320.8,25.4));
#7957=CARTESIAN_POINT('',(381.,1320.8,25.4));
#7958=CARTESIAN_POINT('',(381.,1320.8,25.4));
#7959=CARTESIAN_POINT('',(381.,1320.8,177.8));
#7960=CARTESIAN_POINT('',(381.,1320.8,177.8));
#7961=CARTESIAN_POINT('',(381.,1320.8,25.4));
#7962=CARTESIAN_POINT('Origin',(381.,1295.4,25.4));
#7963=CARTESIAN_POINT('',(381.,1295.4,25.4));
#7964=CARTESIAN_POINT('',(381.,1295.4,177.8));
#7965=CARTESIAN_POINT('Origin',(368.3,1308.1,177.8));
#7966=CARTESIAN_POINT('Origin',(368.3,1308.1,25.4));
#7967=CARTESIAN_POINT('Origin',(-381.,1295.4,25.4));
#7968=CARTESIAN_POINT('',(-355.6,1295.4,25.4));
#7969=CARTESIAN_POINT('',(-381.,1295.4,25.4));
#7970=CARTESIAN_POINT('',(-355.6,1295.4,25.4));
#7971=CARTESIAN_POINT('',(-355.6,1295.4,177.8));
#7972=CARTESIAN_POINT('',(-355.6,1295.4,25.4));
#7973=CARTESIAN_POINT('',(-381.,1295.4,177.8));
#7974=CARTESIAN_POINT('',(-355.6,1295.4,177.8));
#7975=CARTESIAN_POINT('',(-381.,1295.4,25.4));
#7976=CARTESIAN_POINT('Origin',(-381.,1320.8,25.4));
#7977=CARTESIAN_POINT('',(-381.,1320.8,25.4));
#7978=CARTESIAN_POINT('',(-381.,1295.4,25.4));
#7979=CARTESIAN_POINT('',(-381.,1320.8,177.8));
#7980=CARTESIAN_POINT('',(-381.,1295.4,177.8));
#7981=CARTESIAN_POINT('',(-381.,1320.8,25.4));
#7982=CARTESIAN_POINT('Origin',(-355.6,1320.8,25.4));
#7983=CARTESIAN_POINT('',(-355.6,1320.8,25.4));
#7984=CARTESIAN_POINT('',(-355.6,1320.8,25.4));
#7985=CARTESIAN_POINT('',(-355.6,1320.8,177.8));
#7986=CARTESIAN_POINT('',(-355.6,1320.8,177.8));
#7987=CARTESIAN_POINT('',(-355.6,1320.8,25.4));
#7988=CARTESIAN_POINT('Origin',(-355.6,1295.4,25.4));
#7989=CARTESIAN_POINT('',(-355.6,1295.4,25.4));
#7990=CARTESIAN_POINT('',(-355.6,1295.4,177.8));
#7991=CARTESIAN_POINT('Origin',(-368.3,1308.1,177.8));
#7992=CARTESIAN_POINT('Origin',(-368.3,1308.1,25.4));
#7993=CARTESIAN_POINT('Origin',(0.,1460.5,25.4));
#7994=CARTESIAN_POINT('',(7.9375,1460.5,315.4));
#7995=CARTESIAN_POINT('Origin',(0.,1460.5,315.4));
#7996=CARTESIAN_POINT('',(7.9375,1460.5,25.4));
#7997=CARTESIAN_POINT('',(7.9375,1460.5,25.4));
#7998=CARTESIAN_POINT('Origin',(0.,1460.5,25.4));
#7999=CARTESIAN_POINT('Origin',(0.,1460.5,315.4));
#8000=CARTESIAN_POINT('Origin',(0.,1460.5,25.4));
#8001=CARTESIAN_POINT('Origin',(355.6,55.7195982662834,25.4));
#8002=CARTESIAN_POINT('',(355.6,355.6,175.340200866858));
#8003=CARTESIAN_POINT('',(355.6,55.7195982662834,25.4));
#8004=CARTESIAN_POINT('',(355.6,355.6,175.340200866858));
#8005=CARTESIAN_POINT('',(381.,355.6,175.340200866858));
#8006=CARTESIAN_POINT('',(355.6,355.6,175.340200866858));
#8007=CARTESIAN_POINT('',(381.,55.7195982662834,25.4));
#8008=CARTESIAN_POINT('',(381.,355.6,175.340200866858));
#8009=CARTESIAN_POINT('',(355.6,55.7195982662834,25.4));
#8010=CARTESIAN_POINT('Origin',(355.6,0.,25.4));
#8011=CARTESIAN_POINT('',(355.6,0.,25.4));
#8012=CARTESIAN_POINT('',(355.6,55.7195982662834,25.4));
#8013=CARTESIAN_POINT('',(381.,0.,25.4));
#8014=CARTESIAN_POINT('',(381.,55.7195982662834,25.4));
#8015=CARTESIAN_POINT('',(355.6,0.,25.4));
#8016=CARTESIAN_POINT('Origin',(355.6,355.6,203.2));
#8017=CARTESIAN_POINT('',(355.6,355.6,203.2));
#8018=CARTESIAN_POINT('',(355.6,355.6,203.2));
#8019=CARTESIAN_POINT('',(381.,355.6,203.2));
#8020=CARTESIAN_POINT('',(381.,355.6,203.2));
#8021=CARTESIAN_POINT('',(355.6,355.6,203.2));
#8022=CARTESIAN_POINT('Origin',(355.6,355.6,175.340200866858));
#8023=CARTESIAN_POINT('',(355.6,355.6,203.2));
#8024=CARTESIAN_POINT('',(381.,355.6,203.2));
#8025=CARTESIAN_POINT('Origin',(355.6,350.028040173372,189.270100433429));
#8026=CARTESIAN_POINT('Origin',(381.,350.028040173372,189.270100433429));
#8027=CARTESIAN_POINT('Origin',(-7.105427357601E-14,952.5,0.));
#8028=CARTESIAN_POINT('',(12.7000000000002,1447.8,0.));
#8029=CARTESIAN_POINT('',(12.7000000000002,1295.4,0.));
#8030=CARTESIAN_POINT('',(12.7000000000002,1200.15,0.));
#8031=CARTESIAN_POINT('',(247.930568072617,1295.4,0.));
#8032=CARTESIAN_POINT('',(-127.,1295.4,0.));
#8033=CARTESIAN_POINT('',(228.6,1446.17843096641,0.));
#8034=CARTESIAN_POINT('',(304.999996175986,850.258460793713,0.));
#8035=CARTESIAN_POINT('',(228.6,1447.8,0.));
#8036=CARTESIAN_POINT('',(228.6,1199.33921548321,0.));
#8037=CARTESIAN_POINT('',(127.,1447.8,0.));
#8038=CARTESIAN_POINT('Origin',(-7.105427357601E-14,952.5,-1.6002));
#8039=CARTESIAN_POINT('',(12.7000000000002,1295.4,-1.6002));
#8040=CARTESIAN_POINT('',(12.7000000000002,1447.8,-1.6002));
#8041=CARTESIAN_POINT('',(12.7000000000002,1200.15,-1.6002));
#8042=CARTESIAN_POINT('',(228.6,1447.8,-1.6002));
#8043=CARTESIAN_POINT('',(127.,1447.8,-1.6002));
#8044=CARTESIAN_POINT('',(228.6,1446.17843096641,-1.6002));
#8045=CARTESIAN_POINT('',(228.6,1199.33921548321,-1.6002));
#8046=CARTESIAN_POINT('',(247.930568072617,1295.4,-1.6002));
#8047=CARTESIAN_POINT('',(304.999996175986,850.258460793713,-1.6002));
#8048=CARTESIAN_POINT('',(-127.,1295.4,-1.6002));
#8049=CARTESIAN_POINT('Origin',(254.,1447.8,0.));
#8050=CARTESIAN_POINT('',(12.7000000000002,1447.8,0.));
#8051=CARTESIAN_POINT('',(228.6,1447.8,0.));
#8052=CARTESIAN_POINT('Origin',(228.6,1446.17843096641,0.));
#8053=CARTESIAN_POINT('',(228.6,1446.17843096641,0.));
#8054=CARTESIAN_POINT('Origin',(12.7000000000002,1447.8,0.));
#8055=CARTESIAN_POINT('',(12.7000000000002,1295.4,0.));
#8056=CARTESIAN_POINT('Origin',(-254.,1295.4,0.));
#8057=CARTESIAN_POINT('',(247.930568072617,1295.4,0.));
#8058=CARTESIAN_POINT('Origin',(322.828003970052,711.2,0.));
#8059=CARTESIAN_POINT('Origin',(514.35,232.550000000001,-61.9000000000001));
#8060=CARTESIAN_POINT('',(514.35,245.250000000001,-61.9000000000001));
#8061=CARTESIAN_POINT('Origin',(514.35,232.550000000001,-61.9000000000001));
#8062=CARTESIAN_POINT('Origin',(-381.,232.550000000001,-61.9000000000001));
#8063=CARTESIAN_POINT('',(-501.65,245.250000000001,-61.9000000000001));
#8064=CARTESIAN_POINT('Origin',(-501.65,232.550000000001,-61.9000000000001));
#8065=CARTESIAN_POINT('',(-381.,245.250000000001,-61.9000000000001));
#8066=CARTESIAN_POINT('Origin',(-501.65,232.550000000001,-61.9000000000001));
#8067=CARTESIAN_POINT('Origin',(387.35,207.169999999995,-74.9750946459179));
#8068=CARTESIAN_POINT('',(387.35,207.17,-109.5));
#8069=CARTESIAN_POINT('',(387.35,207.169999999995,-74.9750946459179));
#8070=CARTESIAN_POINT('',(387.35,207.17,-90.4500000000001));
#8071=CARTESIAN_POINT('',(381.,207.17,-109.5));
#8072=CARTESIAN_POINT('',(387.35,207.17,-109.5));
#8073=CARTESIAN_POINT('',(381.,207.169999999995,-74.9750946459179));
#8074=CARTESIAN_POINT('',(381.,207.17,-90.4500000000001));
#8075=CARTESIAN_POINT('',(387.35,207.169999999995,-74.9750946459179));
#8076=CARTESIAN_POINT('Origin',(387.35,232.550000000001,-61.9000000000001));
#8077=CARTESIAN_POINT('',(387.35,257.93,-74.9750946459309));
#8078=CARTESIAN_POINT('Origin',(387.35,232.550000000001,-61.9000000000001));
#8079=CARTESIAN_POINT('',(381.,257.93,-74.9750946459309));
#8080=CARTESIAN_POINT('Origin',(381.,232.550000000001,-61.9000000000001));
#8081=CARTESIAN_POINT('',(387.35,257.93,-74.9750946459309));
#8082=CARTESIAN_POINT('Origin',(387.35,257.93,-109.5));
#8083=CARTESIAN_POINT('',(387.35,257.93,-109.5));
#8084=CARTESIAN_POINT('',(387.35,257.93,-109.5));
#8085=CARTESIAN_POINT('',(381.,257.93,-109.5));
#8086=CARTESIAN_POINT('',(381.,257.93,-109.5));
#8087=CARTESIAN_POINT('',(387.35,257.93,-109.5));
#8088=CARTESIAN_POINT('Origin',(387.35,287.3,-109.5));
#8089=CARTESIAN_POINT('',(387.35,287.3,-109.5));
#8090=CARTESIAN_POINT('',(387.35,287.3,-109.5));
#8091=CARTESIAN_POINT('',(381.,287.3,-109.5));
#8092=CARTESIAN_POINT('',(381.,287.3,-109.5));
#8093=CARTESIAN_POINT('',(387.35,287.3,-109.5));
#8094=CARTESIAN_POINT('Origin',(387.35,287.3,-1.59863267142125E-13));
#8095=CARTESIAN_POINT('',(387.35,287.3,-1.59863267142125E-13));
#8096=CARTESIAN_POINT('',(387.35,287.3,-1.59863267142125E-13));
#8097=CARTESIAN_POINT('',(381.,287.3,-1.59872115546023E-13));
#8098=CARTESIAN_POINT('',(381.,287.3,-1.59863267142125E-13));
#8099=CARTESIAN_POINT('',(387.35,287.3,-1.59863267142125E-13));
#8100=CARTESIAN_POINT('Origin',(387.35,177.8,0.));
#8101=CARTESIAN_POINT('',(387.35,177.8,0.));
#8102=CARTESIAN_POINT('',(387.35,177.8,0.));
#8103=CARTESIAN_POINT('',(381.,177.8,0.));
#8104=CARTESIAN_POINT('',(381.,177.8,0.));
#8105=CARTESIAN_POINT('',(387.35,177.8,0.));
#8106=CARTESIAN_POINT('Origin',(387.35,177.8,-109.5));
#8107=CARTESIAN_POINT('',(387.35,177.8,-109.5));
#8108=CARTESIAN_POINT('',(387.35,177.8,0.));
#8109=CARTESIAN_POINT('',(381.,177.8,-109.5));
#8110=CARTESIAN_POINT('',(381.,177.8,0.));
#8111=CARTESIAN_POINT('',(387.35,177.8,-109.5));
#8112=CARTESIAN_POINT('Origin',(387.35,207.17,-109.5));
#8113=CARTESIAN_POINT('',(387.35,287.3,-109.5));
#8114=CARTESIAN_POINT('',(381.,287.3,-109.5));
#8115=CARTESIAN_POINT('Origin',(381.,232.55,-54.7500000000001));
#8116=CARTESIAN_POINT('Origin',(387.35,232.55,-54.7500000000001));
#8117=CARTESIAN_POINT('Origin',(-381.,207.169999999995,-74.9750946459179));
#8118=CARTESIAN_POINT('',(-381.,207.17,-109.5));
#8119=CARTESIAN_POINT('',(-381.,207.169999999995,-74.9750946459179));
#8120=CARTESIAN_POINT('',(-381.,207.17,-90.4500000000001));
#8121=CARTESIAN_POINT('',(-387.35,207.17,-109.5));
#8122=CARTESIAN_POINT('',(-381.,207.17,-109.5));
#8123=CARTESIAN_POINT('',(-387.35,207.169999999995,-74.9750946459179));
#8124=CARTESIAN_POINT('',(-387.35,207.17,-90.4500000000001));
#8125=CARTESIAN_POINT('',(-381.,207.169999999995,-74.9750946459179));
#8126=CARTESIAN_POINT('Origin',(-381.,232.550000000001,-61.9000000000001));
#8127=CARTESIAN_POINT('',(-381.,257.93,-74.9750946459309));
#8128=CARTESIAN_POINT('Origin',(-381.,232.550000000001,-61.9000000000001));
#8129=CARTESIAN_POINT('',(-387.35,257.93,-74.9750946459309));
#8130=CARTESIAN_POINT('Origin',(-387.35,232.550000000001,-61.9000000000001));
#8131=CARTESIAN_POINT('',(-381.,257.93,-74.9750946459309));
#8132=CARTESIAN_POINT('Origin',(-381.,257.93,-109.5));
#8133=CARTESIAN_POINT('',(-381.,257.93,-109.5));
#8134=CARTESIAN_POINT('',(-381.,257.93,-109.5));
#8135=CARTESIAN_POINT('',(-387.35,257.93,-109.5));
#8136=CARTESIAN_POINT('',(-387.35,257.93,-109.5));
#8137=CARTESIAN_POINT('',(-381.,257.93,-109.5));
#8138=CARTESIAN_POINT('Origin',(-381.,287.3,-109.5));
#8139=CARTESIAN_POINT('',(-381.,287.3,-109.5));
#8140=CARTESIAN_POINT('',(-381.,287.3,-109.5));
#8141=CARTESIAN_POINT('',(-387.35,287.3,-109.5));
#8142=CARTESIAN_POINT('',(-387.35,287.3,-109.5));
#8143=CARTESIAN_POINT('',(-381.,287.3,-109.5));
#8144=CARTESIAN_POINT('Origin',(-381.,287.3,-1.59863267142125E-13));
#8145=CARTESIAN_POINT('',(-381.,287.3,-1.59863267142125E-13));
#8146=CARTESIAN_POINT('',(-381.,287.3,-1.59863267142125E-13));
#8147=CARTESIAN_POINT('',(-387.35,287.3,-1.59872115546023E-13));
#8148=CARTESIAN_POINT('',(-387.35,287.3,-1.59863267142125E-13));
#8149=CARTESIAN_POINT('',(-381.,287.3,-1.59863267142125E-13));
#8150=CARTESIAN_POINT('Origin',(-381.,177.8,0.));
#8151=CARTESIAN_POINT('',(-381.,177.8,0.));
#8152=CARTESIAN_POINT('',(-381.,177.8,0.));
#8153=CARTESIAN_POINT('',(-387.35,177.8,0.));
#8154=CARTESIAN_POINT('',(-387.35,177.8,0.));
#8155=CARTESIAN_POINT('',(-381.,177.8,0.));
#8156=CARTESIAN_POINT('Origin',(-381.,177.8,-109.5));
#8157=CARTESIAN_POINT('',(-381.,177.8,-109.5));
#8158=CARTESIAN_POINT('',(-381.,177.8,0.));
#8159=CARTESIAN_POINT('',(-387.35,177.8,-109.5));
#8160=CARTESIAN_POINT('',(-387.35,177.8,0.));
#8161=CARTESIAN_POINT('',(-381.,177.8,-109.5));
#8162=CARTESIAN_POINT('Origin',(-381.,207.17,-109.5));
#8163=CARTESIAN_POINT('',(-381.,287.3,-109.5));
#8164=CARTESIAN_POINT('',(-387.35,287.3,-109.5));
#8165=CARTESIAN_POINT('Origin',(-387.35,232.55,-54.7500000000001));
#8166=CARTESIAN_POINT('Origin',(-381.,232.55,-54.7500000000001));
#8167=UNCERTAINTY_MEASURE_WITH_UNIT(LENGTH_MEASURE(0.01),#8171,
'DISTANCE_ACCURACY_VALUE',
'Maximum model space distance between geometric entities at asserted c
onnectivities');
#8168=UNCERTAINTY_MEASURE_WITH_UNIT(LENGTH_MEASURE(0.01),#8171,
'DISTANCE_ACCURACY_VALUE',
'Maximum model space distance between geometric entities at asserted c
onnectivities');
#8169=(
GEOMETRIC_REPRESENTATION_CONTEXT(3)
GLOBAL_UNCERTAINTY_ASSIGNED_CONTEXT((#8167))
GLOBAL_UNIT_ASSIGNED_CONTEXT((#8171,#8173,#8174))
REPRESENTATION_CONTEXT('','3D')
);
#8170=(
GEOMETRIC_REPRESENTATION_CONTEXT(3)
GLOBAL_UNCERTAINTY_ASSIGNED_CONTEXT((#8168))
GLOBAL_UNIT_ASSIGNED_CONTEXT((#8171,#8173,#8174))
REPRESENTATION_CONTEXT('','3D')
);
#8171=(
LENGTH_UNIT()
NAMED_UNIT(*)
SI_UNIT(.MILLI.,.METRE.)
);
#8172=(
LENGTH_UNIT()
NAMED_UNIT(*)
SI_UNIT($,.METRE.)
);
#8173=(
NAMED_UNIT(*)
PLANE_ANGLE_UNIT()
SI_UNIT($,.RADIAN.)
);
#8174=(
NAMED_UNIT(*)
SI_UNIT($,.STERADIAN.)
SOLID_ANGLE_UNIT()
);
#8175=SHAPE_DEFINITION_REPRESENTATION(#8176,#8177);
#8176=PRODUCT_DEFINITION_SHAPE('',$,#8179);
#8177=SHAPE_REPRESENTATION('',(#5070),#8169);
#8178=PRODUCT_DEFINITION_CONTEXT('part definition',#8183,'design');
#8179=PRODUCT_DEFINITION('Go Kart Design','Go Kart Design v11',#8180,#8178);
#8180=PRODUCT_DEFINITION_FORMATION('',$,#8185);
#8181=PRODUCT_RELATED_PRODUCT_CATEGORY('Go Kart Design v11',
'Go Kart Design v11',(#8185));
#8182=APPLICATION_PROTOCOL_DEFINITION('international standard',
'automotive_design',2009,#8183);
#8183=APPLICATION_CONTEXT(
'Core Data for Automotive Mechanical Design Process');
#8184=PRODUCT_CONTEXT('part definition',#8183,'mechanical');
#8185=PRODUCT('Go Kart Design','Go Kart Design v11',$,(#8184));
#8186=PRESENTATION_STYLE_ASSIGNMENT((#8193));
#8187=PRESENTATION_STYLE_ASSIGNMENT((#8194));
#8188=PRESENTATION_STYLE_ASSIGNMENT((#8195));
#8189=PRESENTATION_STYLE_ASSIGNMENT((#8196));
#8190=PRESENTATION_STYLE_ASSIGNMENT((#8197));
#8191=PRESENTATION_STYLE_ASSIGNMENT((#8198));
#8192=PRESENTATION_STYLE_ASSIGNMENT((#8199));
#8193=SURFACE_STYLE_USAGE(.BOTH.,#8200);
#8194=SURFACE_STYLE_USAGE(.BOTH.,#8201);
#8195=SURFACE_STYLE_USAGE(.BOTH.,#8202);
#8196=SURFACE_STYLE_USAGE(.BOTH.,#8203);
#8197=SURFACE_STYLE_USAGE(.BOTH.,#8204);
#8198=SURFACE_STYLE_USAGE(.BOTH.,#8205);
#8199=SURFACE_STYLE_USAGE(.BOTH.,#8206);
#8200=SURFACE_SIDE_STYLE('',(#8207));
#8201=SURFACE_SIDE_STYLE('',(#8208));
#8202=SURFACE_SIDE_STYLE('',(#8209));
#8203=SURFACE_SIDE_STYLE('',(#8210));
#8204=SURFACE_SIDE_STYLE('',(#8211));
#8205=SURFACE_SIDE_STYLE('',(#8212));
#8206=SURFACE_SIDE_STYLE('',(#8213));
#8207=SURFACE_STYLE_FILL_AREA(#8214);
#8208=SURFACE_STYLE_FILL_AREA(#8215);
#8209=SURFACE_STYLE_FILL_AREA(#8216);
#8210=SURFACE_STYLE_FILL_AREA(#8217);
#8211=SURFACE_STYLE_FILL_AREA(#8218);
#8212=SURFACE_STYLE_FILL_AREA(#8219);
#8213=SURFACE_STYLE_FILL_AREA(#8220);
#8214=FILL_AREA_STYLE('Steel - Satin',(#8221));
#8215=FILL_AREA_STYLE('Steel - Galvanized (Small)',(#8222));
#8216=FILL_AREA_STYLE('Steel - Satin (1)',(#8223));
#8217=FILL_AREA_STYLE('EPX 82 (with Carbon M2 M3 L1 3D Printers)',(#8224));
#8218=FILL_AREA_STYLE('Steel - Satin',(#8225));
#8219=FILL_AREA_STYLE('Steel - Satin',(#8226));
#8220=FILL_AREA_STYLE('ABS (White)',(#8227));
#8221=FILL_AREA_STYLE_COLOUR('Steel - Satin',#8228);
#8222=FILL_AREA_STYLE_COLOUR('Steel - Galvanized (Small)',#8229);
#8223=FILL_AREA_STYLE_COLOUR('Steel - Satin (1)',#8230);
#8224=FILL_AREA_STYLE_COLOUR(
'EPX 82 (with Carbon M2 M3 L1 3D Printers)',#8231);
#8225=FILL_AREA_STYLE_COLOUR('Steel - Satin',#8232);
#8226=FILL_AREA_STYLE_COLOUR('Steel - Satin',#8233);
#8227=FILL_AREA_STYLE_COLOUR('ABS (White)',#8234);
#8228=COLOUR_RGB('Steel - Satin',0.627450980392157,0.627450980392157,0.627450980392157);
#8229=COLOUR_RGB('Steel - Galvanized (Small)',0.,0.,0.);
#8230=COLOUR_RGB('Steel - Satin (1)',0.584313725490196,0.584313725490196,
0.584313725490196);
#8231=COLOUR_RGB('EPX 82 (with Carbon M2 M3 L1 3D Printers)',0.227450980392157,
0.219607843137255,0.219607843137255);
#8232=COLOUR_RGB('Steel - Satin',0.549019607843137,0.541176470588235,0.541176470588235);
#8233=COLOUR_RGB('Steel - Satin',1.,1.,1.);
#8234=COLOUR_RGB('ABS (White)',0.,0.,0.);
ENDSEC;
END-ISO-10303-21;
